Date,ABF.L,AD.AS,ADM,AKO1L.VS,AST.WA,AUG1L.VS,B4B.HM,BG,CABGY,DANOY,HEIA.AS,IMC.WA,KER.WA,KYGA.L,MHPC.L,MOWI.OL,NSIS-B.CO,NSRGY,OCI.AS,ORK.OL,PZV1L.VS,SALM.OL,SDF.DE,TSN,UL,YAR.OL,ZMP1L.VS
2019-01-01,,,,0.5661841630935669,21.87040138244629,0.4000000059604645,,,,,,11.854755401611328,47.63128662109375,,,,,,,,0.6425788998603821,,,,,,1.3945693969726562
2019-01-02,2068.65771484375,16.71761703491211,33.04026412963867,0.5661841630935669,22.345844268798828,0.39800000190734863,,42.85063552856445,16.98052215576172,11.000709533691406,66.8030014038086,11.719532012939453,48.84760665893555,78.67588806152344,8.315828323364258,146.9258575439453,256.84930419921875,65.29322814941406,1.7951667308807373,44.6494026184082,0.6425788998603821,316.4066162109375,14.025556564331055,43.443546295166016,45.797393798828125,203.87884521484375,1.413163661956787
2019-01-03,2098.60888671875,16.75164031982422,32.89502716064453,0.5661841630935669,22.250755310058594,0.39800000190734863,,42.83458709716797,16.900611877441406,11.040395736694336,66.12434387207031,11.719532012939453,48.409732818603516,80.64164733886719,8.315828323364258,145.4160919189453,254.53134155273438,66.95466613769531,1.739227056503296,44.98260498046875,0.6425788998603821,311.4029541015625,13.831056594848633,44.371856689453125,45.58647537231445,204.61753845214844,1.4689464569091797
2019-01-04,2155.517333984375,16.891521453857422,33.65345764160156,0.5661841630935669,22.250755310058594,0.39399999380111694,,44.021541595458984,17.340105056762695,11.230883598327637,67.63825225830078,11.719532012939453,47.67993927001953,81.69309997558594,8.155135154724121,146.60804748535156,261.30694580078125,68.0785903930664,1.8811111450195312,45.70233154296875,0.628760039806366,318.90838623046875,14.449132919311523,44.917442321777344,46.33351135253906,218.9604949951172,1.4689464569091797
2019-01-07,2150.525390625,16.917984008789062,33.82290267944336,0.5661841630935669,22.345844268798828,0.39399999380111694,,44.39046859741211,17.268190383911133,11.103891372680664,65.91553497314453,11.719532012939453,47.33937072753906,83.20170593261719,8.155135154724121,142.23757934570312,260.77203369140625,67.36188507080078,1.9319658279418945,45.728981018066406,0.628760039806366,311.1086120605469,14.864062309265137,45.64219284057617,45.990745544433594,221.23809814453125,1.4875407218933105
2019-01-08,2227.40087890625,17.076772689819336,34.45222854614258,0.5617608428001404,22.440933227539062,0.3840000033378601,,44.695213317871094,17.14832878112793,11.175325393676758,66.36797332763672,11.494155883789062,47.825897216796875,82.83597564697266,8.114962577819824,140.56886291503906,266.477783203125,67.57364654541016,1.9462049007415771,45.6756706237793,0.6425788998603821,309.3426513671875,14.96779727935791,46.86366271972656,45.99952697753906,224.68533325195312,1.5247292518615723
2019-01-09,2264.341552734375,16.933109283447266,34.75075912475586,0.5617608428001404,22.345844268798828,0.38999998569488525,,45.75386047363281,17.276182174682617,11.27056884765625,66.19397735595703,11.719532012939453,47.48532485961914,84.52743530273438,8.235481262207031,144.1446990966797,269.4198303222656,68.20075988769531,2.007230281829834,45.835601806640625,0.6494882702827454,314.7876892089844,14.980762481689453,46.049339294433594,45.612857818603516,225.91647338867188,1.5340262651443481
2019-01-10,2243.37548828125,17.095670700073242,34.99283218383789,0.5617608428001404,22.726198196411133,0.38600000739097595,,45.449100494384766,17.396045684814453,11.310254096984863,67.09881591796875,11.944907188415527,47.92319869995117,85.03031158447266,8.114962577819824,146.68751525878906,273.34259033203125,68.73014068603516,2.0260467529296875,46.302101135253906,0.6563977003097534,320.5272216796875,14.794906616210938,46.87179946899414,45.83255386352539,225.3624725341797,1.5340262651443481
2019-01-11,2239.382080078125,16.952011108398438,34.823387145996094,0.5617608428001404,23.01146697998047,0.3880000114440918,,44.68721008300781,17.827550888061523,11.318190574645996,67.429443359375,12.170283317565918,47.63128662109375,83.24742126464844,8.114962577819824,148.67404174804688,265.2296142578125,68.827880859375,1.9640040397644043,46.448707580566406,0.6425788998603821,314.9349670410156,14.526932716369629,47.09165954589844,46.05226516723633,221.73057556152344,1.5340262651443481
2019-01-14,2221.4111328125,16.92176628112793,34.57326126098633,0.5617608428001404,23.29673194885254,0.38199999928474426,,43.756893157958984,17.547868728637695,11.262632369995117,65.32389831542969,11.944907188415527,47.67993927001953,83.52171325683594,8.114962577819824,149.70704650878906,261.3960876464844,68.7627182006836,1.9375593662261963,45.98221206665039,0.6425788998603821,314.9349670410156,14.544222831726074,47.04280471801758,45.48100662231445,221.79209899902344,1.5340262651443481
2019-01-15,2227.40087890625,16.868837356567383,35.081581115722656,0.5617608428001404,22.631107330322266,0.38199999928474426,,42.69022750854492,17.635770797729492,11.334063529968262,66.54198455810547,11.944907188415527,47.43667221069336,82.42453002929688,8.114962577819824,148.5945587158203,261.6635437011719,68.97447967529297,2.0097732543945312,45.99554443359375,0.6425788998603821,316.1122741699219,14.466421127319336,47.71054458618164,45.911651611328125,223.6388397216797,1.5340262651443481
2019-01-16,2174.487060546875,16.887741088867188,34.936344146728516,0.5617608428001404,23.201641082763672,0.38199999928474426,,42.000526428222656,17.635770797729492,11.135639190673828,65.35871124267578,12.5308837890625,47.72858810424805,82.92741394042969,8.114962577819824,145.6147003173828,262.0201721191406,68.42064666748047,1.9777345657348633,46.102176666259766,0.551374077796936,316.84808349609375,14.392943382263184,47.63725280761719,45.34918212890625,220.00692749023438,1.5340262651443481
2019-01-17,2326.241455078125,16.902862548828125,35.02510070800781,0.5617608428001404,23.106552124023438,0.3880000114440918,,41.976463317871094,17.81955909729004,11.222946166992188,65.6893310546875,12.35058307647705,47.48532485961914,83.79600524902344,8.114962577819824,147.12448120117188,265.6754150390625,68.83601379394531,1.9762089252471924,46.16880798339844,0.551374077796936,314.9349670410156,14.328109741210938,48.361976623535156,45.753456115722656,220.00692749023438,1.5247292518615723
2019-01-18,2347.20751953125,17.05408477783203,35.710914611816406,0.5617608428001404,23.677085876464844,0.3880000114440918,,42.52982711791992,18.019329071044922,11.286442756652832,65.9503402709961,12.305506706237793,48.166465759277344,84.39031219482422,8.114962577819824,150.9784393310547,267.19097900390625,68.92559814453125,2.044354200363159,47.14176940917969,0.551374077796936,325.9723815917969,14.777619361877441,49.64045715332031,45.990745544433594,220.37628173828125,1.5340262651443481
2019-01-21,2354.19677734375,16.97469711303711,,0.5617608428001404,23.486907958984375,0.39800000190734863,,,,,66.08953857421875,12.621034622192383,49.1395263671875,83.97887420654297,8.114962577819824,153.28282165527344,268.0826110839844,,2.0453717708587646,46.968505859375,0.6633071899414062,329.6514587402344,14.535576820373535,,,220.62255859375,1.5991063117980957
2019-01-22,2382.151123046875,16.97847557067871,35.1461296081543,0.5617608428001404,23.772172927856445,0.3840000033378601,,41.61555480957031,17.803577423095703,11.35787582397461,66.12434387207031,12.621034622192383,48.65299606323242,83.1559829711914,8.315828323364258,151.65391540527344,261.4852600097656,68.55095672607422,1.9894315004348755,47.261722564697266,0.6702166795730591,327.8855285644531,14.09903335571289,48.91571807861328,45.86769485473633,216.37503051757812,1.5991063117980957
2019-01-23,2371.169189453125,17.522872924804688,35.26715087890625,0.5617608428001404,22.821287155151367,0.38600000739097595,,42.241111755371094,17.803577423095703,11.373750686645508,66.2983627319336,12.44073486328125,49.528751373291016,84.7103042602539,8.235481262207031,151.77308654785156,259.2564392089844,68.94190216064453,1.9045040607452393,47.03514862060547,0.6702166795730591,324.7950439453125,14.09903335571289,49.265872955322266,46.43897247314453,215.69790649414062,1.5991063117980957
2019-01-24,2360.186767578125,17.447265625,35.23487854003906,0.5617608428001404,23.201641082763672,0.3959999978542328,,42.57795715332031,17.84353256225586,11.334063529968262,66.47236633300781,12.621034622192383,49.1395263671875,82.37882995605469,8.235481262207031,149.70704650878906,244.36795043945312,69.33282470703125,1.8892476558685303,47.16842269897461,0.6702166795730591,325.23651123046875,14.042845726013184,48.93201446533203,45.920440673828125,215.14389038085938,1.5991063117980957
2019-01-25,2375.16259765625,17.681655883789062,35.27521896362305,0.5617608428001404,23.201641082763672,0.3840000033378601,,42.73835754394531,17.85152244567871,11.318190574645996,65.89813232421875,12.5308837890625,49.62605285644531,80.87023162841797,8.315828323364258,149.30975341796875,239.10791015625,68.85230255126953,1.918235182762146,45.395774841308594,0.7116733193397522,323.7648620605469,14.453453063964844,49.44502639770508,45.86769485473633,213.85121154785156,1.6269975900650024
2019-01-28,2342.2158203125,17.553117752075195,35.6382942199707,0.5617608428001404,22.91637420654297,0.38199999928474426,,43.25163269042969,17.995359420776367,11.310254096984863,65.82853698730469,12.891486167907715,49.528751373291016,81.96739196777344,8.315828323364258,148.2369842529297,246.8642120361328,69.47126770019531,1.897384524345398,45.78228759765625,0.6909449696540833,318.4668884277344,14.17683219909668,50.3244743347168,45.753456115722656,215.02078247070312,1.6269975900650024
2019-01-29,2372.16748046875,17.692996978759766,35.67056655883789,0.5617608428001404,23.106552124023438,0.3799999952316284,,43.075199127197266,18.139190673828125,11.42930793762207,67.0291976928711,12.891486167907715,49.528751373291016,83.20170593261719,8.436347007751465,150.6605987548828,249.1822052001953,70.6521987915039,1.8994187116622925,46.19546890258789,0.6771261096000671,325.08935546875,14.414552688598633,50.308189392089844,46.52684783935547,217.60618591308594,1.6269975900650024
2019-01-30,2402.119140625,17.64006996154785,36.057865142822266,0.5661841630935669,23.106552124023438,0.3840000033378601,,43.6365852355957,18.147180557250977,11.532489776611328,67.79486846923828,12.891486167907715,48.361080169677734,83.65886688232422,8.396173477172852,151.01820373535156,247.48822021484375,70.90467071533203,1.9243377447128296,46.235450744628906,0.6771261096000671,327.1496887207031,14.557186126708984,50.61763381958008,46.57957077026367,218.09866333007812,1.6269975900650024
2019-01-31,2384.14794921875,17.405677795410156,36.227298736572266,0.5661841630935669,23.106552124023438,0.38600000739097595,,44.1659049987793,18.48279571533203,11.564237594604492,68.19508361816406,12.711183547973633,49.62605285644531,82.15026092529297,8.878252029418945,147.48208618164062,242.58482360839844,71.05126953125,1.8795852661132812,45.24917221069336,0.6771261096000671,324.50067138671875,14.67820930480957,50.42219924926758,46.2280387878418,214.28211975097656,1.6269975900650024
2019-02-01,2411.1044921875,17.348968505859375,36.21922302246094,0.5706074833869934,23.106552124023438,0.38600000739097595,,44.077674865722656,18.530746459960938,11.651545524597168,68.90853118896484,12.891486167907715,48.65299606323242,82.83597564697266,8.717559814453125,147.87939453125,247.84486389160156,70.57891082763672,1.891790509223938,45.95555877685547,0.6771261096000671,316.4066162109375,14.75600814819336,50.42219924926758,46.746559143066406,212.12757873535156,1.6269975900650024
2019-02-04,2418.093017578125,17.511531829833984,35.896488189697266,0.5706074833869934,22.821287155151367,0.3880000114440918,,43.39598846435547,18.46681785583496,11.75472640991211,69.29136657714844,12.711183547973633,48.166465759277344,82.74454498291016,8.838078498840332,147.00534057617188,248.64720153808594,70.22869873046875,1.8978931903839111,46.04886245727539,0.7185827493667603,317.2895812988281,14.712787628173828,50.308189392089844,47.22114944458008,212.68161010742188,1.6269975900650024
2019-02-05,2405.11376953125,17.662755966186523,33.766422271728516,0.5573375225067139,23.01146697998047,0.3880000114440918,,43.29976272583008,18.55471420288086,11.794411659240723,70.2832260131836,12.756258964538574,48.944915771484375,83.06455993652344,8.838078498840332,148.83291625976562,258.8998107910156,71.06756591796875,1.9253544807434082,46.34208297729492,0.7185827493667603,323.1762390136719,14.73871898651123,50.234901428222656,48.12638473510742,217.17527770996094,1.6269975900650024
2019-02-06,2376.1611328125,17.71568489074707,33.78255844116211,0.5573375225067139,23.201641082763672,0.3880000114440918,,43.49222183227539,19.090099334716797,11.738851547241211,69.95260620117188,12.891486167907715,48.60434341430664,83.65886688232422,8.838078498840332,149.23028564453125,256.7601318359375,70.54633331298828,1.9614611864089966,45.022586822509766,0.7047638893127441,324.64788818359375,14.781942367553711,49.59160614013672,47.51117706298828,217.8524169921875,1.4038665294647217
2019-02-07,2337.2236328125,17.59848403930664,33.40333938598633,0.5529143214225769,23.29673194885254,0.3880000114440918,,42.9949836730957,19.042156219482422,11.643609046936035,69.32615661621094,12.84640884399414,48.166465759277344,83.20170593261719,8.838078498840332,152.1306610107422,256.4035339355469,70.16354370117188,1.8892476558685303,44.86265182495117,0.6909449696540833,329.3572082519531,14.133612632751465,48.95642852783203,47.72209548950195,213.60498046875,1.6734832525253296
2019-02-08,2296.289794921875,17.590927124023438,33.69379806518555,0.5573375225067139,23.106552124023438,0.3880000114440918,,42.52982711791992,19.1220645904541,11.635671615600586,69.97000885009766,12.621034622192383,49.528751373291016,83.52171325683594,9.079116821289062,149.42889404296875,254.53134155273438,70.64405822753906,1.8251709938049316,44.31619644165039,0.6909449696540833,316.4066162109375,13.960722923278809,48.28055191040039,47.75724411010742,206.03338623046875,1.6734832525253296
2019-02-11,2308.270263671875,17.541778564453125,33.89551544189453,0.5573375225067139,23.29673194885254,0.3880000114440918,,41.976463317871094,19.066129684448242,11.603923797607422,70.70085906982422,12.711183547973633,48.55569076538086,83.79600524902344,9.239809036254883,151.61416625976562,257.0276184082031,70.13096618652344,1.8358503580093384,44.44947814941406,0.6771261096000671,323.91204833984375,13.969367027282715,48.39455795288086,47.45843505859375,204.4944610595703,1.6734832525253296
2019-02-12,2303.279052734375,17.530433654785156,34.161781311035156,0.5529143214225769,23.01146697998047,0.3799999952316284,,42.25715637207031,19.201974868774414,11.707104682922363,70.7878646850586,12.84640884399414,48.45838928222656,83.93314361572266,9.159461975097656,148.67404174804688,260.1479187011719,69.87035369873047,1.8633118867874146,44.76935577392578,0.6771261096000671,315.6707763671875,14.055811882019043,49.98246765136719,48.231849670410156,207.3876495361328,1.561917781829834
2019-02-13,2300.283203125,17.367876052856445,34.21018600463867,0.5440676808357239,23.106552124023438,0.37599998712539673,,42.642127990722656,19.02617835998535,11.707104682922363,75.03374481201172,12.711183547973633,47.33937072753906,83.8874282836914,9.159461975097656,157.7327423095703,260.50457763671875,69.87850952148438,1.8719574213027954,44.796016693115234,0.6978544592857361,320.6743469238281,14.142255783081055,49.420589447021484,48.135169982910156,211.26577758789062,1.6641861200332642
2019-02-14,2256.3544921875,17.277137756347656,34.081092834472656,0.5484909415245056,23.106552124023438,0.3799999952316284,,42.433597564697266,19.32183837890625,11.730916023254395,75.88639831542969,12.801335334777832,47.19340133666992,83.79600524902344,9.119290351867676,156.10377502441406,262.198486328125,71.30374908447266,1.8678886890411377,44.51612091064453,0.6909449696540833,317.1424255371094,14.10335636138916,49.81960678100586,48.26982879638672,208.9881134033203,1.5805120468139648
2019-02-15,2262.3447265625,17.367876052856445,34.1543083190918,0.5484909415245056,23.106552124023438,0.38600000739097595,,42.352622985839844,19.34580421447754,11.802348136901855,76.23442077636719,12.5308837890625,47.92319869995117,84.11601257324219,9.119290351867676,157.176513671875,266.1212158203125,72.33808898925781,1.8968758583068848,45.102561950683594,0.6909449696540833,326.11956787109375,14.341078758239746,50.984073638916016,48.314144134521484,209.41905212402344,1.5805120468139648
2019-02-18,2314.260986328125,17.292261123657227,,0.5484909415245056,23.29673194885254,0.3880000114440918,,,,,76.32142639160156,12.711183547973633,46.70687484741211,83.20170593261719,9.119290351867676,158.36846923828125,266.923583984375,,1.9167094230651855,44.662723541259766,0.6909449696540833,322.2932434082031,14.341078758239746,,,211.45042419433594,1.5805120468139648
2019-02-19,2354.19677734375,17.417016983032227,34.048545837402344,0.5573375225067139,23.772172927856445,0.3880000114440918,,42.62790298461914,19.313844680786133,11.97696304321289,76.37362670898438,12.711183547973633,46.852840423583984,82.01310729980469,9.119290351867676,158.84521484375,265.5862731933594,72.69642639160156,1.927897334098816,45.089229583740234,0.6840355396270752,322.2932434082031,14.21573257446289,51.2527961730957,48.7039794921875,213.23562622070312,1.5805120468139648
2019-02-20,2325.24365234375,17.326284408569336,34.14617156982422,0.5396443605422974,25.673948287963867,0.38600000739097595,,42.668392181396484,19.361787796020508,12.10395622253418,76.49543762207031,12.666110038757324,47.67993927001953,82.47026062011719,8.597040176391602,155.26939392089844,270.8463134765625,73.7389144897461,1.991974115371704,45.15587615966797,0.6840355396270752,308.3124694824219,14.34972095489502,51.79024124145508,49.05838394165039,217.7908477783203,1.5805120468139648
2019-02-21,2319.2529296875,17.352750778198242,34.63432693481445,0.5352210402488708,25.578859329223633,0.38600000739097595,,43.299922943115234,19.441696166992188,12.215075492858887,76.6694564819336,12.621034622192383,46.99879455566406,83.70458221435547,9.119290351867676,157.89169311523438,272.272705078125,74.62664794921875,2.047405481338501,46.06218719482422,0.6840355396270752,311.4029541015625,14.379976272583008,51.35051345825195,49.18242645263672,224.68533325195312,1.5805120468139648
2019-02-22,2309.269287109375,17.28847885131836,34.56924819946289,0.5352210402488708,25.673948287963867,0.38600000739097595,,41.91542434692383,19.489641189575195,12.167452812194824,76.58244323730469,12.711183547973633,47.38801956176758,84.29887390136719,9.159461975097656,159.01889038085938,271.5595703125,74.14612579345703,2.0952086448669434,45.82228088378906,0.6840355396270752,316.1122741699219,14.475066184997559,51.56224060058594,48.68626403808594,222.2230224609375,1.4875407218933105
2019-02-25,2269.333740234375,17.326284408569336,34.52042007446289,0.5440676808357239,26.149391174316406,0.38600000739097595,,43.25943374633789,19.545574188232422,12.159515380859375,76.46062469482422,12.756258964538574,47.48532485961914,83.56742095947266,9.159461975097656,162.3200225830078,272.00531005859375,74.11354064941406,2.0769011974334717,46.155487060546875,0.6840355396270752,317.7310485839844,14.466421127319336,50.747920989990234,48.19895935058594,223.14639282226562,1.6269975900650024
2019-02-26,2315.259765625,17.33006477355957,34.43093490600586,0.5440676808357239,27.575721740722656,0.3880000114440918,,42.797935485839844,19.833250045776367,12.262696266174316,76.6346435546875,12.621034622192383,47.290714263916016,83.93314361572266,9.159461975097656,161.59542846679688,272.18359375,74.19499206542969,2.1948838233947754,45.99554443359375,0.7116733193397522,318.025390625,14.513967514038086,50.30005645751953,48.50020980834961,225.9780731201172,1.6269975900650024
2019-02-27,2251.36279296875,17.088109970092773,34.67500686645508,0.5573375225067139,27.860986709594727,0.38600000739097595,,42.935577392578125,19.297863006591797,12.024585723876953,76.3562240600586,12.5308837890625,47.290714263916016,82.83597564697266,8.958597183227539,160.91102600097656,269.6873474121094,73.28282928466797,2.1419949531555176,45.46242141723633,0.6978544592857361,310.6671447753906,14.51828670501709,50.20233154296875,47.10916519165039,224.80844116210938,1.6734832525253296
2019-02-28,2239.382080078125,17.144819259643555,34.5773811340332,0.5573375225067139,28.431520462036133,0.3880000114440918,,42.97605514526367,19.32183837890625,12.000774383544922,77.0870590209961,12.711183547973633,48.11781311035156,82.83597564697266,8.838078498840332,158.93841552734375,269.959228515625,73.56788635253906,2.1226701736450195,44.92928695678711,0.6909449696540833,301.837158203125,14.483709335327148,50.51776123046875,47.16233444213867,221.6689910888672,1.6548889875411987
2019-03-01,2244.37353515625,17.24689483642578,34.52042007446289,0.5529143214225769,30.99891471862793,0.3720000088214874,,42.911293029785156,19.513612747192383,11.945215225219727,78.20074462890625,12.666110038757324,47.67993927001953,85.85319519042969,8.838078498840332,161.51492309570312,269.052734375,73.9180908203125,2.128772735595703,45.31581115722656,0.6805808544158936,305.6634826660156,14.52260971069336,50.951988220214844,46.68388366699219,220.56094360351562,1.6548889875411987
2019-03-04,2255.356201171875,16.83103370666504,34.3658447265625,0.5661841630935669,30.143115997314453,0.3659999966621399,,42.757450103759766,19.705394744873047,12.032522201538086,77.57429504394531,12.485808372497559,47.874549865722656,85.62460327148438,8.838078498840332,164.97708129882812,266.061279296875,74.07282257080078,2.435934543609619,45.529056549072266,0.6771261096000671,312.7274169921875,14.52260971069336,51.00932693481445,47.038291931152344,221.05343627929688,1.6734832525253296
2019-03-05,2263.343017578125,17.103235244750977,34.37397766113281,0.5573375225067139,31.189090728759766,0.3619999885559082,,42.26356887817383,19.73736000061035,12.024585723876953,77.95712280273438,12.621034622192383,48.50703811645508,85.44174194335938,8.677386283874512,165.54067993164062,270.5032043457031,74.62664794921875,2.4593279361724854,45.36912536621094,0.6840355396270752,319.7914123535156,14.354043960571289,52.41033172607422,47.60533142089844,220.31471252441406,1.6734832525253296
2019-03-06,2283.310791015625,17.152379989624023,34.27635955810547,0.5573375225067139,31.189090728759766,0.3540000021457672,,41.30818557739258,19.809276580810547,12.119830131530762,78.35736083984375,12.485808372497559,48.50703811645508,85.8074722290039,8.597040176391602,167.39254760742188,269.5060119628906,74.292724609375,2.513233184814453,45.24917221069336,0.6805808544158936,322.5875244140625,14.22005558013916,52.058040618896484,47.36610794067383,218.52960205078125,1.682780385017395
2019-03-07,2261.346435546875,16.96335220336914,34.308895111083984,0.5573375225067139,30.428382873535156,0.36000001430511475,,40.951934814453125,19.705394744873047,12.111893653869629,78.74017333984375,12.5308837890625,47.92319869995117,86.81320190429688,8.356000900268555,165.4601593017578,271.9535827636719,74.5289077758789,2.4918746948242188,45.31581115722656,0.6805808544158936,315.9650573730469,13.714357376098633,52.5250358581543,47.817970275878906,214.959228515625,1.7106717824935913
2019-03-08,2236.386474609375,16.8196964263916,34.105499267578125,0.5573375225067139,30.99891471862793,0.35600000619888306,,40.6685676574707,19.777313232421875,12.151578903198242,78.82719421386719,12.5308837890625,47.825897216796875,87.27035522460938,8.436347007751465,168.03662109375,271.9535827636719,74.87911987304688,2.3983020782470703,45.56904220581055,0.7047638893127441,325.6780090332031,13.295104026794434,51.43537902832031,48.45589828491211,211.5735626220703,1.6455918550491333
2019-03-11,2243.37548828125,16.853715896606445,34.85398483276367,0.5573375225067139,30.04802894592285,0.35600000619888306,,41.8101692199707,19.745349884033203,12.199199676513672,79.1056137084961,12.44073486328125,47.19340133666992,86.17320251464844,8.476521492004395,167.4730682373047,272.7695007324219,75.05829620361328,2.390165090560913,45.022586822509766,0.7047638893127441,320.23291015625,13.24323558807373,52.61515426635742,48.11921310424805,209.29592895507812,1.6455918550491333
2019-03-12,2255.356201171875,16.914203643798828,34.91094207763672,0.5573375225067139,29.857851028442383,0.36000001430511475,,42.10163879394531,20.064985275268555,12.159515380859375,79.00120544433594,12.575958251953125,46.901493072509766,86.21891021728516,8.556865692138672,166.58738708496094,275.1263732910156,75.13158416748047,2.3718576431274414,45.36912536621094,0.7047638893127441,318.1725769042969,13.100603103637695,52.27925491333008,48.1723747253418,213.05093383789062,1.6455918550491333
2019-03-13,2240.38037109375,17.061643600463867,35.2038459777832,0.5573375225067139,29.09714126586914,0.35600000619888306,,42.117828369140625,20.280733108520508,12.238885879516602,79.17520141601562,12.621034622192383,47.874549865722656,86.99606323242188,8.677386283874512,166.66793823242188,279.47760009765625,75.78314971923828,2.3749091625213623,45.089229583740234,0.7047638893127441,321.41021728515625,13.273490905761719,52.795406341552734,48.677398681640625,218.9604949951172,1.6734832525253296
2019-03-14,2273.327392578125,17.057863235473633,35.2689323425293,0.5573375225067139,28.526607513427734,0.35600000619888306,,42.142112731933594,20.22765350341797,12.334129333496094,80.02787780761719,12.621034622192383,47.72858810424805,87.17891693115234,8.797904014587402,167.23150634765625,281.9252014160156,76.63829803466797,2.3728749752044678,45.60902786254883,0.7047638893127441,325.8251953125,14.609053611755371,53.1558952331543,49.53683090209961,220.68406677246094,1.682780385017395
2019-03-15,2284.309326171875,17.367876052856445,35.130611419677734,0.5573375225067139,28.716787338256836,0.3659999966621399,,42.797935485839844,20.350147247314453,12.429373741149902,81.0023193359375,12.621034622192383,48.166465759277344,87.13322448730469,8.838078498840332,161.0317840576172,281.0186462402344,76.14964294433594,2.401353597640991,45.635684967041016,0.7047638893127441,306.1049499511719,14.704142570495605,53.4344596862793,50.33423614501953,221.73057556152344,1.682780385017395
2019-03-18,2309.269287109375,17.761051177978516,34.56110382080078,0.5573375225067139,30.238204956054688,0.36000001430511475,,42.27977752685547,20.456308364868164,12.4690580368042,80.1496810913086,12.621034622192383,48.06916427612305,88.77896881103516,8.838078498840332,161.11233520507812,279.9308776855469,76.81747436523438,2.405421733856201,44.6494026184082,0.7047638893127441,305.0748291015625,14.898641586303711,53.524574279785156,50.236778259277344,225.3009033203125,1.682780385017395
2019-03-19,2332.231689453125,17.77617073059082,34.992305755615234,0.5573375225067139,29.09714126586914,0.3659999966621399,,42.142112731933594,20.54613494873047,12.357940673828125,80.2366714477539,12.621034622192383,49.33414077758789,88.96182250976562,8.597040176391602,162.64205932617188,282.650390625,76.9314956665039,2.4379684925079346,44.84932327270508,0.6978544592857361,304.0446472167969,15.01966381072998,53.88506317138672,50.2722282409668,222.7770233154297,1.682780385017395
2019-03-20,2305.275390625,17.802635192871094,34.41465759277344,0.5573375225067139,29.002052307128906,0.36000001430511475,,41.62395095825195,20.562471389770508,12.508743286132812,80.53250122070312,12.44073486328125,49.528751373291016,87.59036254882812,8.757731437683105,160.14610290527344,282.015869140625,77.45272827148438,2.4369513988494873,44.47612762451172,0.6978544592857361,301.5428771972656,14.885674476623535,53.1558952331543,50.61777114868164,223.70042419433594,1.7199690341949463
2019-03-21,2372.16748046875,17.908489227294922,34.88654708862305,0.5573375225067139,28.526607513427734,0.3659999966621399,,42.33643341064453,20.521638870239258,12.548428535461426,81.17633056640625,12.621034622192383,50.599117279052734,88.96182250976562,8.958597183227539,162.40057373046875,287.7268981933594,78.3486099243164,2.4328830242156982,44.796016693115234,0.6978544592857361,302.1315002441406,14.734397888183594,54.49953842163086,51.09620666503906,226.59364318847656,1.7199690341949463
2019-03-22,2331.233642578125,17.863126754760742,34.67500686645508,0.5617608428001404,27.100278854370117,0.36000001430511475,,41.85873794555664,20.243988037109375,12.159515380859375,80.6891098022461,12.621034622192383,50.112586975097656,87.91036987304688,8.958597183227539,160.83047485351562,286.3670959472656,76.6953125,2.466447353363037,44.60941696166992,0.6909449696540833,301.39569091796875,14.008267402648926,54.573272705078125,50.55574035644531,221.17652893066406,1.7199690341949463
2019-03-25,2310.267578125,17.71568489074707,34.455345153808594,0.5573375225067139,27.195369720458984,0.36000001430511475,,41.648231506347656,20.096994400024414,12.080145835876465,80.44549560546875,12.621034622192383,49.1395263671875,87.7275161743164,8.918423652648926,160.06564331054688,284.1008605957031,77.02108001708984,2.4064388275146484,44.31619644165039,0.6909449696540833,301.6899719238281,13.869956970214844,55.26968765258789,50.750667572021484,217.54464721679688,1.7199690341949463
2019-03-26,2366.177001953125,17.72324562072754,34.40652084350586,0.5573375225067139,27.480632781982422,0.3619999885559082,,41.76968765258789,20.415477752685547,12.09601879119873,81.43736267089844,12.621034622192383,49.33414077758789,89.05325317382812,8.838078498840332,158.0526885986328,283.4662780761719,77.97396850585938,2.4328830242156982,44.20956802368164,0.6771261096000671,299.62969970703125,14.008267402648926,55.58919143676758,51.23798370361328,218.16021728515625,1.7199690341949463
2019-03-27,2392.135009765625,18.131549835205078,34.56924819946289,0.5573375225067139,27.100278854370117,0.36000001430511475,,41.94780731201172,20.456308364868164,12.072208404541016,81.28075408935547,12.621034622192383,48.65299606323242,89.2361068725586,8.838078498840332,159.26043701171875,279.658935546875,77.85995483398438,2.4267804622650146,43.42321014404297,0.6771261096000671,296.39202880859375,13.943434715270996,55.712100982666016,51.11393356323242,215.82101440429688,1.7199690341949463
2019-03-28,2400.1220703125,17.844223022460938,34.756370544433594,0.5573375225067139,25.293594360351562,0.3659999966621399,,42.26356887817383,20.554306030273438,12.151578903198242,81.7331771850586,13.071784973144531,48.361080169677734,89.55610656738281,8.965142250061035,162.15902709960938,282.1971435546875,77.80294036865234,2.4532251358032227,43.75641632080078,0.6633071899414062,306.25213623046875,14.021233558654785,56.4412727355957,51.158233642578125,216.6212615966797,1.7199690341949463
2019-03-29,2435.06591796875,17.93873405456543,35.089935302734375,0.5573375225067139,25.864126205444336,0.3619999885559082,,42.96795654296875,20.448143005371094,12.215075492858887,81.85499572753906,12.485808372497559,47.874549865722656,90.5161361694336,8.835836410522461,154.99313354492188,277.3926696777344,77.63191223144531,2.4918746948242188,44.116275787353516,0.6771261096000671,304.4861145019531,14.124966621398926,56.88367462158203,51.140506744384766,217.17527770996094,1.7385631799697876
2019-04-01,2423.085693359375,17.8328800201416,34.72383117675781,0.5573375225067139,26.434656143188477,0.36399999260902405,,42.757450103759766,20.48897361755371,12.143640518188477,81.21113586425781,12.575958251953125,48.361080169677734,90.24185180664062,8.922039985656738,157.0059814453125,280.83740234375,77.13510131835938,2.5101823806762695,44.10294723510742,0.6840355396270752,305.7370300292969,14.362688064575195,57.10490036010742,50.9721794128418,219.5760498046875,1.6641861200332642
2019-04-02,2429.0751953125,17.56446075439453,34.38212203979492,0.5573375225067139,26.529747009277344,0.36000001430511475,,42.231178283691406,20.603300094604492,12.199199676513672,82.37702941894531,12.485808372497559,49.2368278503418,89.69325256347656,9.22375202178955,155.35543823242188,277.8459167480469,77.29800415039062,2.5295069217681885,44.46280288696289,0.6840355396270752,305.001220703125,14.531253814697266,56.74440383911133,50.98102569580078,224.5622100830078,1.6641861200332642
2019-04-03,2450.041748046875,17.526655197143555,34.34956359863281,0.5573375225067139,26.339569091796875,0.3580000102519989,,42.0125732421875,20.782957077026367,12.238885879516602,82.34220886230469,12.485808372497559,50.6964225769043,88.50466918945312,9.309955596923828,154.83209228515625,278.0272521972656,77.9332504272461,2.5681564807891846,45.089229583740234,0.6840355396270752,303.3088073730469,14.998051643371582,56.474037170410156,51.105072021484375,225.4855499267578,1.6641861200332642
2019-04-04,2473.004150390625,17.61360740661621,34.764495849609375,0.5573375225067139,25.293594360351562,0.36399999260902405,,43.08941650390625,20.693130493164062,12.167452812194824,82.8642578125,12.621034622192383,51.377567291259766,88.55038452148438,9.266853332519531,156.76446533203125,276.032958984375,77.81108856201172,2.5803616046905518,44.382835388183594,0.6840355396270752,310.2256164550781,14.954830169677734,57.37525177001953,51.12278366088867,223.45416259765625,1.6734832525253296
2019-04-05,2485.983642578125,17.469945907592773,34.927215576171875,0.5573375225067139,24.913238525390625,0.3659999966621399,,43.11368179321289,20.578800201416016,12.056333541870117,82.5858383178711,12.801335334777832,51.377567291259766,90.24185180664062,9.266853332519531,154.34893798828125,286.3670959472656,77.85995483398438,2.596635341644287,44.51612091064453,0.6909449696540833,303.8974914550781,15.114752769470215,57.18682861328125,50.96331024169922,228.19412231445312,1.6734832525253296
2019-04-08,2486.981689453125,17.417016983032227,35.057395935058594,0.5573375225067139,24.627971649169922,0.3630000054836273,,43.34040832519531,20.90545082092285,12.223011016845703,82.53363037109375,12.711183547973633,51.377567291259766,89.73898315429688,9.43925952911377,154.10745239257812,287.1829528808594,77.88438415527344,2.620028495788574,44.63607406616211,0.6840355396270752,303.3824157714844,15.062883377075195,57.71117401123047,51.20253372192383,226.47052001953125,1.7199690341949463
2019-04-09,2473.004150390625,17.40189552307129,34.805179595947266,0.5573375225067139,21.87040138244629,0.367000013589859,,43.00035095214844,20.86461639404297,12.238885879516602,82.22041320800781,12.711183547973633,52.54523468017578,89.69325256347656,9.18065071105957,151.8529815673828,287.36431884765625,78.74768829345703,2.5488317012786865,44.169586181640625,0.6840355396270752,303.16162109375,14.998051643371582,56.998390197753906,50.989891052246094,221.60745239257812,1.7013747692108154
2019-04-10,2509.944580078125,17.624950408935547,35.1794319152832,0.5573375225067139,22.631107330322266,0.37700000405311584,,42.90319061279297,20.96261215209961,12.294445037841797,82.39442443847656,12.711183547973633,52.44792938232422,90.37899780273438,9.22375202178955,152.175048828125,287.0923156738281,78.72325134277344,2.5600197315216064,44.02297592163086,0.6840355396270752,300.51263427734375,14.928897857666016,57.88322067260742,50.96331024169922,221.60745239257812,1.7385631799697876
2019-04-11,2506.94970703125,17.34518814086914,35.2201042175293,0.5573375225067139,22.345844268798828,0.37700000405311584,,42.878902435302734,20.929948806762695,12.310317993164062,82.08119201660156,12.666110038757324,52.253318786621094,90.05003356933594,9.13754940032959,151.450439453125,283.2850036621094,78.22644805908203,2.5712077617645264,44.062965393066406,0.6840355396270752,301.1748962402344,15.054241180419922,58.30926513671875,50.98102569580078,223.5772705078125,1.7199690341949463
2019-04-12,2522.924072265625,17.10341453552246,35.29332733154297,0.5573375225067139,22.821287155151367,0.37400001287460327,,42.62790298461914,20.90545082092285,12.397624969482422,81.83758544921875,12.711183547973633,52.156009674072266,90.23381042480469,9.094447135925293,150.2426300048828,285.1886901855469,77.81922912597656,2.593583822250366,43.62312698364258,0.6840355396270752,296.6863708496094,15.374083518981934,58.038883209228516,50.732940673828125,223.02325439453125,1.747860312461853
2019-04-15,2536.90087890625,17.446575164794922,35.26078796386719,0.5573375225067139,24.723060607910156,0.3700000047683716,,42.49027633666992,21.14226722717285,12.532554626464844,82.22041320800781,12.666110038757324,52.44792938232422,89.63654327392578,9.094447135925293,154.10745239257812,285.279296875,76.62200927734375,2.624096155166626,44.39617156982422,0.6840355396270752,302.0578918457031,15.685281753540039,58.50588607788086,50.732940673828125,223.45416259765625,1.7571574449539185
2019-04-16,2524.920166015625,17.310091018676758,34.967899322509766,0.5617608428001404,25.103416442871094,0.37400001287460327,,41.89113235473633,20.848285675048828,12.588114738464355,81.5417709350586,12.666110038757324,52.9344596862793,89.26898193359375,9.094447135925293,154.1879425048828,284.01019287109375,76.64644622802734,2.6525750160217285,44.78268051147461,0.6840355396270752,297.93719482421875,15.901392936706543,59.038421630859375,50.76838302612305,226.5320281982422,1.7385631799697876
2019-04-17,2497.96435546875,17.208707809448242,35.01671600341797,0.5661841630935669,26.054302215576172,0.3700000047683716,,41.73729705810547,20.717628479003906,12.453185081481934,81.94200897216797,12.666110038757324,52.69007110595703,90.00408935546875,9.482361793518066,154.1879425048828,282.7410888671875,76.8337631225586,2.68919038772583,44.78268051147461,0.6771261096000671,297.93719482421875,15.914358139038086,60.037986755371094,50.89242935180664,226.5320281982422,1.7385631799697876
2019-04-18,2507.948486328125,17.185306549072266,34.78890609741211,0.5794541239738464,28.051164627075195,0.3720000088214874,,41.39724349975586,20.603300094604492,12.556365966796875,81.94200897216797,12.485808372497559,52.59231948852539,89.1771011352539,9.697870254516602,,,77.13510131835938,2.6902077198028564,,0.6771261096000671,,15.996478080749512,60.21004104614258,52.10627365112305,,1.7385631799697876
2019-04-19,,,,0.5794541239738464,28.051164627075195,0.3720000088214874,,,,,,12.485808372497559,52.59231948852539,,,,,,,,0.6771261096000671,,,,,,1.7385631799697876
2019-04-22,,,34.70754623413086,0.5794541239738464,28.051164627075195,0.3720000088214874,,41.542991638183594,20.603300094604492,12.532554626464844,,12.485808372497559,52.59231948852539,,,,,77.19210815429688,,,0.6771261096000671,,,59.6856689453125,51.99108123779297,,1.7385631799697876
2019-04-23,2501.957763671875,16.643266677856445,34.740081787109375,0.5750309228897095,27.575721740722656,0.37299999594688416,,41.49441146850586,20.693130493164062,12.627799987792969,83.12528228759766,12.666110038757324,52.78782653808594,89.77435302734375,9.654768943786621,151.77244567871094,287.2736511230469,77.44458770751953,2.6952927112579346,44.24955749511719,0.6805808544158936,288.0771484375,15.940295219421387,60.99656295776367,52.044246673583984,229.48681640625,1.7385631799697876
2019-04-24,2552.875,16.467784881591797,34.805179595947266,0.5750309228897095,26.149391174316406,0.3790000081062317,,41.38914108276367,20.725791931152344,12.619861602783203,82.70764923095703,12.666110038757324,52.39680480957031,89.5905990600586,9.999582290649414,154.50999450683594,280.1121826171875,77.59932708740234,2.607823133468628,46.14215850830078,0.6805808544158936,293.0072326660156,15.732828140258789,60.43125915527344,51.999935150146484,229.36370849609375,1.757988452911377
2019-04-25,2514.936767578125,16.573078155517578,33.942779541015625,0.5750309228897095,25.959213256835938,0.375,,39.34884262084961,20.53797149658203,12.6595458984375,83.10785675048828,12.621034622192383,52.201297760009766,89.63654327392578,9.611665725708008,150.44395446777344,269.3247375488281,77.6563491821289,2.5406949520111084,45.88892364501953,0.6702166795730591,284.3244323730469,15.590193748474121,60.316551208496094,52.06195831298828,228.13253784179688,1.757988452911377
2019-04-26,2561.861083984375,16.59647560119629,33.283782958984375,0.5661841630935669,24.723060607910156,0.37400001287460327,,39.64841079711914,21.044273376464844,12.6595458984375,83.78652954101562,12.621034622192383,52.201297760009766,89.63654327392578,9.611665725708008,150.64524841308594,275.48895263671875,78.02284240722656,2.56612229347229,46.19364547729492,0.6702166795730591,280.6452941894531,15.61612606048584,60.758949279785156,52.646728515625,236.8121795654297,1.7482757568359375
2019-04-29,2561.861083984375,16.56917953491211,35.2038459777832,0.5573375225067139,24.723060607910156,0.37700000405311584,,40.579505920410156,21.101438522338867,12.69129467010498,84.18219757080078,12.621034622192383,52.00578689575195,90.05003356933594,9.266853332519531,151.73219299316406,277.03009033203125,78.01470184326172,2.5518829822540283,46.913902282714844,0.6702166795730591,286.0904235839844,15.590193748474121,60.79175567626953,52.885955810546875,237.2430419921875,1.7677011489868164
2019-04-30,2554.87255859375,16.73685646057129,36.28590774536133,0.5573375225067139,24.532882690429688,0.3779999911785126,,42.43359375,21.085107803344727,12.873847007751465,84.62181091308594,12.621034622192383,51.81027603149414,91.52023315429688,9.654768943786621,150.48419189453125,281.1999816894531,78.61737060546875,2.6291818618774414,46.84464645385742,0.6702166795730591,288.445068359375,15.629094123840332,61.45537185668945,53.869407653808594,239.52069091796875,1.7677011489868164
2019-05-01,2536.90087890625,,35.85470962524414,0.5573375225067139,24.532882690429688,0.3779999911785126,,42.231178283691406,21.191267013549805,12.730981826782227,,12.621034622192383,51.81027603149414,90.41759490966797,9.654768943786621,,281.9252014160156,78.28346252441406,,,0.6702166795730591,,,61.2833137512207,53.382118225097656,,1.7677011489868164
2019-05-02,2535.903076171875,16.576974868774414,35.423519134521484,0.5573375225067139,24.057437896728516,0.37700000405311584,,41.39724349975586,20.987112045288086,12.627799987792969,84.67459106445312,12.666110038757324,50.34394836425781,92.8066635131836,9.654768943786621,151.2088623046875,281.9252014160156,77.90067291259766,2.5305237770080566,47.42639923095703,0.6909449696540833,286.60552978515625,15.430273056030273,61.545494079589844,53.394615173339844,237.2430419921875,1.7677011489868164
2019-05-03,2546.884765625,16.647167205810547,35.529266357421875,0.5573375225067139,24.057437896728516,0.375,,41.41344451904297,21.40358543395996,12.898662567138672,84.78009033203125,12.666110038757324,50.34394836425781,92.8066635131836,9.654768943786621,151.2088623046875,282.83172607421875,77.9902572631836,2.557985544204712,47.82807922363281,0.6702166795730591,291.3147888183594,15.482138633728027,61.52088928222656,54.0374870300293,235.7656707763672,1.7774138450622559
2019-05-06,,16.647167205810547,35.057395935058594,0.5573375225067139,24.81814956665039,0.375,,41.00862121582031,21.34642219543457,12.923137664794922,84.65699005126953,12.44073486328125,49.855167388916016,,,151.24913024902344,281.8345642089844,78.30789184570312,2.4939088821411133,47.63416290283203,0.6702166795730591,288.7393798828125,15.400017738342285,63.126731872558594,53.96607208251953,233.61119079589844,1.7968391180038452
2019-05-07,2528.9140625,16.549678802490234,34.74822235107422,0.5573375225067139,23.867263793945312,0.38600000739097595,,40.46615219116211,21.26476287841797,12.702856063842773,84.12942504882812,12.35058307647705,49.757415771484375,93.72554779052734,9.353057861328125,152.21530151367188,280.47479248046875,77.62376403808594,2.420677900314331,50.39055252075195,0.6633071899414062,291.5355529785156,15.101783752441406,62.96285629272461,53.33211135864258,233.3033905029297,1.7968391180038452
2019-05-08,2521.925537109375,16.339107513427734,34.51229476928711,0.5573375225067139,23.677085876464844,0.4000000059604645,,43.26752471923828,21.321924209594727,12.751809120178223,84.65699005126953,12.305506706237793,48.87761688232422,94.46065521240234,9.22375202178955,153.98666381835938,287.9081726074219,78.70696258544922,2.4135587215423584,50.61216354370117,0.6702166795730591,291.0204772949219,15.01966381072998,63.487205505371094,53.76070022583008,230.6102294921875,1.757988452911377
2019-05-09,2499.96044921875,16.323509216308594,34.626182556152344,0.5617608428001404,23.772172927856445,0.4000000059604645,,43.04894256591797,21.50157928466797,12.743650436401367,83.6722183227539,12.711183547973633,48.975372314453125,92.89855194091797,9.266853332519531,154.42950439453125,290.2651062011719,78.19386291503906,2.369823455810547,51.360137939453125,0.6702166795730591,286.3111572265625,15.08449649810791,63.85591506958008,53.6535530090332,225.16123962402344,1.7871264219284058
2019-05-10,2505.951171875,16.050537109375,34.52042007446289,0.5617608428001404,23.677085876464844,0.3889999985694885,,43.52661895751953,21.575075149536133,12.857870101928711,84.3228759765625,12.711183547973633,49.46414566040039,93.35799407958984,9.13754940032959,159.8240509033203,294.0724792480469,79.00016021728516,2.405421733856201,51.83106994628906,0.6844765543937683,296.1712951660156,15.365438461303711,65.38797760009766,54.10893630981445,227.60391235351562,1.7774138450622559
2019-05-13,2483.986572265625,16.031042098999023,33.10479736328125,0.5617608428001404,22.821287155151367,0.3919999897480011,,42.49835968017578,21.354591369628906,12.743650436401367,83.28533172607422,12.621034622192383,48.63323211669922,93.35799407958984,9.13754940032959,159.09942626953125,290.0838317871094,78.84541320800781,2.294558525085449,51.69255447387695,0.6844765543937683,291.2412109375,14.933218955993652,65.19132995605469,53.885719299316406,223.21969604492188,1.757988452911377
2019-05-14,2511.94091796875,15.99984359741211,33.523311614990234,0.5573375225067139,23.01146697998047,0.3919999897480011,,42.62790298461914,21.338254928588867,12.743650436401367,84.85044860839844,12.621034622192383,50.34394836425781,95.37953186035156,9.008243560791016,157.6501007080078,291.8968200683594,78.69068145751953,2.3220205307006836,51.72026443481445,0.6773465871810913,291.3883972167969,15.114752769470215,66.8299331665039,53.349979400634766,226.10072326660156,1.7871264219284058
2019-05-15,2531.9091796875,16.198720932006836,33.6299934387207,0.5661841630935669,22.821287155151367,0.3930000066757202,,43.1298942565918,21.517913818359375,12.841551780700684,85.2724838256836,12.621034622192383,49.56190490722656,96.66595458984375,9.051345825195312,161.4344024658203,290.9903259277344,79.733154296875,2.3382937908172607,52.24660873413086,0.6773465871810913,297.7165222167969,14.90296459197998,67.37885284423828,53.885719299316406,224.0965118408203,1.7677011489868164
2019-05-16,2554.87255859375,16.2611141204834,33.85977554321289,0.5617608428001404,22.440933227539062,0.3799999952316284,,43.14609146118164,21.526079177856445,12.923137664794922,86.29246520996094,12.711183547973633,49.36639404296875,97.8604965209961,9.051345825195312,164.77890014648438,292.8033752441406,80.90592956542969,2.4450886249542236,51.900325775146484,0.6630867123603821,298.8202819824219,15.407331466674805,67.67379760742188,54.349998474121094,230.17178344726562,1.757988452911377
2019-05-17,2566.8525390625,16.370296478271484,33.38380432128906,0.5617608428001404,23.201641082763672,0.38199999928474426,,42.68840026855469,21.44441795349121,12.939455032348633,85.62420654296875,12.621034622192383,49.46414566040039,97.5848388671875,8.79273509979248,,,80.46615600585938,2.4644131660461426,,0.6630867123603821,,15.082779884338379,67.58367156982422,54.33214569091797,,1.757988452911377
2019-05-20,2521.925537109375,16.44828987121582,32.67805099487305,0.5617608428001404,24.057437896728516,0.3869999945163727,,42.3614616394043,21.39542007446289,12.833393096923828,85.21973419189453,12.621034622192383,48.87761688232422,96.75785064697266,8.835836410522461,168.8575897216797,290.0838317871094,80.35212707519531,2.393216848373413,52.28816223144531,0.6702166199684143,297.7165222167969,14.604727745056152,67.07573699951172,54.162506103515625,230.6102294921875,1.757988452911377
2019-05-21,2550.878662109375,16.159727096557617,32.97348403930664,0.5573375225067139,23.581995010375977,0.38600000739097595,,42.48405456542969,21.28925895690918,12.931297302246094,85.23731231689453,12.305506706237793,48.828739166259766,95.56330108642578,8.79273509979248,166.81826782226562,292.1688537597656,79.82274627685547,2.4674642086029053,52.28816223144531,0.6559566855430603,298.30517578125,14.582799911499023,66.04340362548828,54.0374870300293,237.43711853027344,1.7774138450622559
2019-05-22,2535.903076171875,15.956949234008789,32.7601203918457,0.5573375225067139,23.29673194885254,0.3880000114440918,,42.41867446899414,21.615907669067383,12.914979934692383,85.62420654296875,12.35058307647705,47.90006637573242,95.7470703125,8.835836410522461,166.81826782226562,292.89398193359375,80.55573272705078,2.4593279361724854,52.551326751708984,0.6559566855430603,284.545166015625,14.21439266204834,66.57594299316406,54.71609115600586,238.3139190673828,1.7774138450622559
2019-05-23,2488.978515625,15.777568817138672,32.177452087402344,0.5529143214225769,23.772172927856445,0.3889999985694885,,42.02637481689453,21.50157928466797,12.906821250915527,84.95594787597656,12.84640884399414,47.6068000793457,96.29840087890625,9.008243560791016,170.2443389892578,290.0838317871094,80.4905776977539,2.354567289352417,51.95572280883789,0.6595216393470764,301.0277404785156,13.745112419128418,66.94462585449219,54.6357307434082,233.6165771484375,1.7774138450622559
2019-05-24,2505.951171875,15.933549880981445,32.13642501831055,0.5529143214225769,23.677085876464844,0.3889999985694885,,41.3152961730957,21.8935546875,13.135260581970215,86.0110855102539,13.026710510253906,47.36241149902344,95.47142028808594,9.008243560791016,170.8153839111328,290.0838317871094,80.6941909790039,2.3301572799682617,52.34356689453125,0.6559566855430603,301.2485046386719,13.565293312072754,66.73980712890625,55.305397033691406,240.13027954101562,1.7774138450622559
2019-05-27,,15.995946884155273,,0.5573375225067139,24.34270668029785,0.3889999985694885,,,,,86.18694305419922,12.981634140014648,46.531490325927734,,,174.24147033691406,290.3558044433594,,2.2691314220428467,52.23275375366211,0.6702166199684143,320.30645751953125,13.552135467529297,,,241.38290405273438,1.7774138450622559
2019-05-28,2506.94970703125,16.03883934020996,31.66045379638672,0.5573375225067139,23.867263793945312,0.38100001215934753,,41.37250518798828,21.950719833374023,13.078150749206543,85.60663604736328,12.981634140014648,45.9449577331543,94.82820129394531,8.965142250061035,174.0782928466797,291.2622985839844,79.56212615966797,2.20810604095459,52.21890640258789,0.6702166199684143,311.6236572265625,13.490735054016113,65.79761505126953,54.6893196105957,239.00286865234375,1.7774138450622559
2019-05-29,2473.004150390625,15.824365615844727,31.627635955810547,0.5573375225067139,22.91637420654297,0.38100001215934753,,42.345123291015625,21.40358543395996,12.988407135009766,84.56907653808594,12.801335334777832,45.60281753540039,93.6336669921875,8.835836410522461,167.96026611328125,285.1886901855469,79.6109848022461,2.105379819869995,52.56517791748047,0.6630867123603821,301.101318359375,13.359159469604492,62.495853424072266,54.62679672241211,232.6144561767578,1.7774138450622559
2019-05-30,2482.98828125,15.777568817138672,31.561973571777344,0.5573375225067139,22.91637420654297,0.38100001215934753,,41.8302001953125,21.477081298828125,13.143420219421387,85.20215606689453,13.16193675994873,45.60281753540039,95.47142028808594,8.878938674926758,,,79.80643463134766,2.109448194503784,,0.6630867123603821,,13.44687557220459,63.1833610534668,55.08216094970703,,1.7774138450622559
2019-05-31,2464.01904296875,15.703478813171387,31.44708824157715,0.5573375225067139,23.39181900024414,0.3889999985694885,,42.7374267578125,21.36275291442871,13.053675651550293,82.66983032226562,13.116862297058105,45.45618438720703,94.6444091796875,8.922039985656738,165.5946502685547,,80.75934600830078,2.0646960735321045,52.46822738647461,0.6630867123603821,294.3316955566406,13.328458786010742,62.4835090637207,54.38572311401367,235.43284606933594,1.7871264219284058
2019-06-03,2495.967529296875,15.648884773254395,31.988718032836914,0.5573375225067139,23.581995010375977,0.3840000033378601,,44.625423431396484,21.55874252319336,13.388176918029785,83.70738220214844,13.252086639404297,45.9449577331543,95.56330108642578,8.835836410522461,171.794189453125,290.1744384765625,83.04790496826172,2.1186020374298096,52.80065155029297,0.6630867123603821,307.5030517578125,13.407404899597168,64.27017211914062,54.93039321899414,242.38497924804688,1.7191379070281982
2019-06-04,2506.94970703125,15.563874244689941,32.522132873535156,0.5573375225067139,23.39181900024414,0.39500001072883606,,44.748023986816406,21.256593704223633,13.28211498260498,83.65461730957031,12.93656063079834,45.9449577331543,95.19574737548828,8.663430213928223,167.38925170898438,287.81756591796875,81.76924133300781,2.1959009170532227,52.84221267700195,0.6630867123603821,292.12420654296875,13.788969993591309,65.3158187866211,54.80538558959961,243.01132202148438,1.7385631799697876
2019-06-05,2570.8466796875,15.617690086364746,32.22670364379883,0.5573375225067139,23.01146697998047,0.39500001072883606,,44.568214416503906,21.272926330566406,13.208688735961914,84.49873352050781,13.342236518859863,45.9449577331543,96.1146240234375,8.620328903198242,166.4103546142578,,82.21717834472656,2.2691314220428467,52.523624420166016,0.6630867123603821,287.92999267578125,13.859142303466797,66.36968994140625,55.091102600097656,245.26609802246094,1.7385631799697876
2019-06-06,2511.060791015625,15.761971473693848,32.58778762817383,0.5484909415245056,23.201641082763672,0.39500001072883606,,45.03407669067383,21.836397171020508,13.233161926269531,84.65699005126953,12.981634140014648,47.16690444946289,96.48218536376953,8.706531524658203,168.6128692626953,297.3359069824219,82.59996032714844,2.2609949111938477,52.89760971069336,0.6630867123603821,292.2297668457031,13.762654304504395,67.34947204589844,55.43041229248047,245.82974243164062,1.7385631799697876
2019-06-07,2520.046630859375,15.925752639770508,32.48110580444336,0.5484909415245056,23.201641082763672,0.3880000114440918,,45.074951171875,22.163040161132812,13.388176918029785,85.37801361083984,13.387312889099121,48.242210388183594,97.4929428100586,8.663430213928223,169.67332458496094,277.4833068847656,83.44696807861328,2.296592950820923,53.28544998168945,0.6630867123603821,289.259033203125,13.86352825164795,67.88463592529297,55.83220291137695,246.14288330078125,1.7385631799697876
2019-06-10,2518.0498046875,15.882858276367188,32.87500762939453,0.5484909415245056,22.821287155151367,0.3880000114440918,,46.096588134765625,22.163040161132812,13.428967475891113,86.23970031738281,12.981634140014648,47.70455551147461,97.30917358398438,8.663430213928223,,,83.21893310546875,2.285404920578003,,0.6702166199684143,,,67.91755676269531,55.60003662109375,,1.757988452911377
2019-06-11,2503.07275390625,15.886756896972656,32.96527862548828,0.5484909415245056,22.91637420654297,0.3869999945163727,,45.93312072753906,22.097713470458984,13.437126159667969,85.97591400146484,13.252086639404297,48.29108810424805,97.4929428100586,8.835836410522461,170.5706329345703,286.09515380859375,82.91759490966797,2.311849355697632,52.66214370727539,0.6559566855430603,293.0897521972656,14.008260726928711,67.76937103271484,55.939353942871094,251.77976989746094,1.757988452911377
2019-06-12,2506.068359375,15.711278915405273,33.41663360595703,0.5484909415245056,22.726198196411133,0.38499999046325684,,46.66871643066406,22.40802764892578,13.388176918029785,86.69692993164062,13.252086639404297,47.90006637573242,97.03350067138672,8.79273509979248,168.8575897216797,285.279296875,83.02346801757812,2.3332080841064453,52.49593734741211,0.6559566855430603,287.4609069824219,13.916157722473145,67.4235610961914,56.39472579956055,249.1492462158203,1.757988452911377
2019-06-13,2472.121826171875,15.921857833862305,33.65460968017578,0.5484909415245056,22.821287155151367,0.38199999928474426,,46.99563217163086,22.391695022583008,13.396334648132324,86.6617431640625,13.387312889099121,48.29108810424805,97.30917358398438,8.835836410522461,165.18675231933594,281.0186462402344,82.57553100585938,2.42474627494812,52.523624420166016,0.6702166199684143,282.37933349609375,13.92492961883545,67.95049285888672,55.97506332397461,250.65243530273438,1.757988452911377
2019-06-14,2459.14208984375,16.04663848876953,33.474082946777344,0.5484909415245056,22.821287155151367,0.38100001215934753,,47.289878845214844,21.59140968322754,13.28211498260498,84.78009033203125,13.207010269165039,47.21577835083008,97.6767349243164,8.79273509979248,167.4708251953125,276.48614501953125,82.83614349365234,2.466447353363037,52.73139953613281,0.6702166199684143,286.9918518066406,14.003873825073242,67.4400405883789,55.90362548828125,254.59823608398438,1.7774138450622559
2019-06-17,2419.204833984375,16.03883934020996,33.433048248291016,0.5484909415245056,22.821287155151367,0.38499999046325684,,47.003814697265625,21.65673828125,13.396334648132324,85.07906341552734,13.252086639404297,46.82475662231445,98.41181182861328,8.79273509979248,166.4103546142578,273.7666320800781,82.86871337890625,2.3942339420318604,52.27431869506836,0.6702166199684143,282.3011779785156,13.806511878967285,64.65715026855469,55.77861785888672,254.28506469726562,1.757988452911377
2019-06-18,2441.169921875,16.350807189941406,33.810543060302734,0.5484909415245056,22.726198196411133,0.3799999952316284,,47.387939453125,21.836397171020508,13.567663192749023,85.5010986328125,13.252086639404297,45.7005729675293,98.41181182861328,8.878938674926758,167.55238342285156,278.2992248535156,83.25150299072266,2.484754800796509,52.50978088378906,0.6559566855430603,284.959228515625,14.210006713867188,63.54560852050781,55.66254806518555,260.5482482910156,1.757988452911377
2019-06-19,2405.2265625,16.159727096557617,33.408424377441406,0.5484909415245056,22.536022186279297,0.3790000081062317,,46.88121795654297,21.697568893432617,13.6574068069458,85.95832061767578,13.387312889099121,46.23822784423828,98.50371551513672,8.878938674926758,168.04183959960938,287.0923156738281,83.0316162109375,2.5071310997009277,52.84221267700195,0.6559566855430603,280.659423828125,14.267021179199219,64.0231704711914,55.79646682739258,258.9197692871094,1.757988452911377
2019-06-20,2423.198974609375,16.292308807373047,33.89259719848633,0.5484909415245056,22.536022186279297,0.38199999928474426,,47.085540771484375,21.869060516357422,13.861370086669922,86.78484344482422,13.387312889099121,46.23822784423828,99.14692687988281,8.7496337890625,164.77890014648438,281.743896484375,84.56275939941406,2.5091652870178223,52.89760971069336,0.6559566855430603,277.92315673828125,14.262636184692383,64.73945617675781,55.5643310546875,258.60662841796875,1.7774138450622559
2019-06-21,2437.17626953125,16.358600616455078,33.712074279785156,0.5484909415245056,22.631107330322266,0.3840000033378601,,47.03651428222656,21.803730010986328,13.89400577545166,87.40033721923828,13.65776252746582,45.7983283996582,96.8497314453125,8.79273509979248,166.24720764160156,277.3926696777344,84.22069549560547,2.535609722137451,53.02226638793945,0.6630867123603821,278.62677001953125,14.2012357711792,65.28287506103516,55.65361404418945,256.2266540527344,1.7774138450622559
2019-06-24,2415.211181640625,15.851661682128906,33.424835205078125,0.5484909415245056,22.726198196411133,0.3840000033378601,,46.987464904785156,22.105876922607422,13.975590705871582,87.71688842773438,15.235391616821289,46.18935012817383,97.5848388671875,8.79273509979248,167.2261199951172,275.3076477050781,84.45687866210938,2.4939088821411133,53.17463684082031,0.6630867123603821,282.37933349609375,14.12229061126709,66.54256439208984,56.189361572265625,256.79034423828125,1.7774138450622559
2019-06-25,2412.2158203125,15.359539031982422,33.170448303222656,0.5529143214225769,23.39181900024414,0.3840000033378601,,45.67158508300781,22.032381057739258,13.951116561889648,87.64653778076172,14.243739128112793,46.09159469604492,97.03350067138672,8.878938674926758,166.7366485595703,277.1206970214844,84.00078582763672,2.513233184814453,52.980716705322266,0.6630867123603821,284.88104248046875,14.113519668579102,65.84273529052734,55.78754425048828,260.79876708984375,1.7774138450622559
2019-06-26,2423.198974609375,15.21135425567627,33.236087799072266,0.5529143214225769,23.29673194885254,0.3840000033378601,,45.467262268066406,21.90989112854004,13.845054626464844,86.62657928466797,14.424039840698242,47.460166931152344,97.30917358398438,8.835836410522461,164.86048889160156,275.3076477050781,83.63429260253906,2.4176268577575684,52.80065155029297,0.6630867123603821,290.040771484375,14.126676559448242,65.47224426269531,55.14468002319336,252.6566162109375,1.7677011489868164
2019-06-27,2467.1298828125,15.331466674804688,33.29352951049805,0.5529143214225769,23.01146697998047,0.38499999046325684,,45.03407669067383,21.53424835205078,13.869528770446777,85.16697692871094,14.7395658493042,47.5090446472168,95.83895111083984,8.922039985656738,163.1474151611328,277.03009033203125,83.69129180908203,2.4328830242156982,52.56517791748047,0.6702166199684143,291.36981201171875,14.267021179199219,65.57928466796875,55.064308166503906,255.53770446777344,1.7677011489868164
2019-06-28,2459.14208984375,15.425050735473633,33.48228454589844,0.5573375225067139,23.29673194885254,0.3880000114440918,,45.532649993896484,21.60774040222168,13.812419891357422,86.29246520996094,14.9198637008667,47.21577835083008,96.48218536376953,8.706531524658203,162.69876098632812,277.4833068847656,84.21255493164062,2.455259323120117,52.412818908691406,0.6702166199684143,289.9626159667969,14.367895126342773,66.47673034667969,55.332191467285156,259.1702880859375,1.7871264219284058
2019-07-01,2421.201416015625,15.510843276977539,33.97467041015625,0.5617608428001404,23.201641082763672,0.3869999945163727,,46.00669479370117,21.55057716369629,13.673724174499512,86.43315124511719,14.78464126586914,48.14445114135742,95.7470703125,8.620328903198242,163.63685607910156,281.9252014160156,83.18635559082031,2.3921995162963867,52.939170837402344,0.6702166199684143,290.97894287109375,14.473154067993164,66.65786743164062,55.41254806518555,251.77976989746094,1.7871264219284058
2019-07-02,2432.184814453125,15.5903902053833,34.048526763916016,0.5617608428001404,22.821287155151367,0.38199999928474426,,46.104766845703125,21.98338508605957,13.77978515625,87.27725219726562,14.424039840698242,48.486595153808594,95.28764343261719,8.620328903198242,168.77601623535156,281.1999816894531,84.55460357666016,2.3606698513031006,53.2438850402832,0.6702166199684143,303.8001403808594,14.297722816467285,66.92131805419922,56.29648971557617,248.20974731445312,1.7871264219284058
2019-07-03,2440.171630859375,15.832161903381348,34.360374450683594,0.5573375225067139,23.201641082763672,0.3799999952316284,,46.36630630493164,22.66934585571289,13.934797286987305,88.4115219116211,14.9198637008667,49.36639404296875,96.75785064697266,8.706531524658203,170.73377990722656,284.5541076660156,84.5708999633789,2.42474627494812,54.03340148925781,0.6702166199684143,316.7777099609375,14.35035228729248,67.64588165283203,56.96616744995117,248.64817810058594,1.7871264219284058
2019-07-04,2458.14404296875,15.890657424926758,,0.5573375225067139,23.581995010375977,0.3799999952316284,,,,,88.10376739501953,14.829716682434082,50.44169998168945,96.66595458984375,8.706531524658203,174.1598663330078,284.644775390625,,2.478652238845825,54.68441390991211,0.6702166199684143,333.2733154296875,14.464383125305176,,,255.2871551513672,1.7385631799697876
2019-07-05,2433.18310546875,15.804869651794434,34.41781234741211,0.5573375225067139,23.486907958984375,0.3799999952316284,,46.26823043823242,22.293697357177734,13.730834007263184,87.68171691894531,14.33388900756836,49.46414566040039,95.83895111083984,8.706531524658203,173.34417724609375,281.65325927734375,84.11479949951172,2.462378740310669,53.8948974609375,0.6702166199684143,338.4330139160156,14.442455291748047,68.0328369140625,56.49292755126953,252.53135681152344,1.7871264219284058
2019-07-08,2402.231201171875,15.773673057556152,34.335758209228516,0.5573375225067139,23.581995010375977,0.3799999952316284,,46.56246566772461,22.66118049621582,13.747152328491211,88.54341125488281,14.288813591003418,49.855167388916016,98.31993103027344,8.706531524658203,174.89402770996094,281.9252014160156,84.59532165527344,2.4796693325042725,54.76752471923828,0.6702166199684143,339.8402404785156,14.372282028198242,67.44827270507812,56.69829559326172,251.5292510986328,1.7871264219284058
2019-07-09,2382.2626953125,15.598188400268555,34.2783088684082,0.5573375225067139,23.867263793945312,0.37700000405311584,,46.824005126953125,22.50602149963379,13.75531005859375,88.4115219116211,14.288813591003418,49.95292282104492,97.21727752685547,8.706531524658203,177.0965118408203,278.2992248535156,84.47315979003906,2.3840630054473877,54.338134765625,0.6702166199684143,346.7980651855469,14.060890197753906,67.63764190673828,56.16256332397461,243.70028686523438,1.7871264219284058
2019-07-10,2367.285888671875,15.641084671020508,34.30292892456055,0.5573375225067139,23.772172927856445,0.382999986410141,,46.742271423339844,22.432525634765625,13.82873821258545,87.04864501953125,13.973287582397461,51.12599182128906,96.29840087890625,8.79273509979248,175.30189514160156,277.573974609375,84.55460357666016,2.4308488368988037,54.213470458984375,0.6702166199684143,343.5146179199219,14.100360870361328,67.53883361816406,55.966129302978516,246.95712280273438,1.7871264219284058
2019-07-11,2356.303466796875,15.726876258850098,34.2454833984375,0.5573375225067139,23.581995010375977,0.3799999952316284,,46.21918869018555,22.465190887451172,13.89400577545166,87.04864501953125,13.65776252746582,51.12599182128906,96.8497314453125,8.835836410522461,174.24147033691406,277.9365234375,83.83789825439453,2.423729419708252,54.213470458984375,0.6773465871810913,340.77838134765625,14.01264476776123,67.04483032226562,56.01971435546875,246.26817321777344,1.7871264219284058
2019-07-12,2334.338134765625,15.902356147766113,34.401397705078125,0.5617608428001404,23.581995010375977,0.38100001215934753,,46.472557067871094,21.98338508605957,13.934797286987305,87.33001708984375,13.928213119506836,51.12599182128906,97.4929428100586,8.878938674926758,173.75204467773438,281.1999816894531,83.74832153320312,2.4989941120147705,53.04997253417969,0.6773465871810913,342.1073913574219,14.038959503173828,67.003662109375,55.966129302978516,248.7734375,1.7871264219284058
2019-07-15,2321.3583984375,15.855558395385742,34.253692626953125,0.5573375225067139,22.726198196411133,0.3790000081062317,,46.40715789794922,22.220205307006836,13.92663860321045,87.2420883178711,14.018363952636719,50.1484375,98.31993103027344,8.79273509979248,177.17808532714844,282.015869140625,84.45687866210938,2.455259323120117,52.84221267700195,0.6630867123603821,347.3453369140625,14.087203025817871,67.30831146240234,56.10899353027344,244.8902587890625,1.7385631799697876
2019-07-16,2309.376953125,16.01934242248535,33.49869918823242,0.5573375225067139,23.29673194885254,0.3799999952316284,,45.638893127441406,21.82006072998047,13.836894035339355,87.97188568115234,14.018363952636719,51.12599182128906,98.96314239501953,8.922039985656738,175.62820434570312,283.55694580078125,84.08222961425781,2.451190948486328,52.634437561035156,0.6773465871810913,342.0292053222656,14.003873825073242,65.1511459350586,56.385799407958984,255.22450256347656,1.7385631799697876
2019-07-17,2316.3662109375,16.257211685180664,33.080177307128906,0.5573375225067139,23.29673194885254,0.3799999952316284,,45.49995803833008,21.779232025146484,13.869528770446777,88.01583862304688,13.928213119506836,49.757415771484375,98.41181182861328,8.79273509979248,177.42283630371094,285.0980529785156,85.18986511230469,2.405421733856201,52.634437561035156,0.6773465871810913,340.07476806640625,13.731953620910645,65.15937805175781,56.341129302978516,256.539794921875,1.6997126340866089
2019-07-18,2341.3271484375,15.882858276367188,32.95708084106445,0.5573375225067139,22.726198196411133,0.3799999952316284,,45.63071823120117,22.04871368408203,13.934797286987305,87.66413116455078,13.83806324005127,49.855167388916016,97.95237731933594,8.706531524658203,177.0965118408203,286.8204040527344,85.97986602783203,2.354567289352417,52.74525451660156,0.6844765543937683,343.4364318847656,13.43371868133545,66.65786743164062,56.52865219116211,260.86138916015625,1.7385631799697876
2019-07-19,2339.330078125,15.898455619812012,33.03092956542969,0.5661841630935669,23.01146697998047,0.38199999928474426,,45.418212890625,21.967052459716797,13.771626472473145,88.01583862304688,13.83806324005127,48.87761688232422,98.13616180419922,8.663430213928223,178.3201446533203,286.4577941894531,85.04326629638672,2.358635902404785,53.35470199584961,0.6916065812110901,340.93475341796875,13.284602165222168,66.526123046875,55.680419921875,259.67138671875,1.7385631799697876
2019-07-22,2340.328125,16.03493881225586,33.137611389160156,0.5617608428001404,22.536022186279297,0.38100001215934753,,46.04755401611328,22.032381057739258,13.787942886352539,87.97188568115234,14.063438415527344,48.87761688232422,97.8604965209961,8.620328903198242,178.72802734375,285.5513000488281,85.18171691894531,2.357618570327759,53.119224548339844,0.6916065812110901,342.5765075683594,13.192500114440918,66.96251678466797,56.073272705078125,259.8592529296875,1.7385631799697876
2019-07-23,2346.319091796875,15.980345726013184,33.26891326904297,0.5617608428001404,22.821287155151367,0.382999986410141,,46.56246566772461,21.9752197265625,13.796101570129395,88.80721282958984,14.198662757873535,48.63323211669922,97.95237731933594,8.620328903198242,180.44102478027344,289.1772766113281,85.21428680419922,2.3749091625213623,53.47936248779297,0.6916065812110901,340.5438232421875,13.394246101379395,67.53883361816406,55.930416107177734,261.8008728027344,1.7288504838943481
2019-07-24,2389.251953125,15.894556045532227,33.29352951049805,0.5617608428001404,23.29673194885254,0.38199999928474426,,46.480735778808594,21.958887100219727,13.714517593383789,89.37873077392578,13.928213119506836,48.486595153808594,99.23881530761719,8.620328903198242,180.68577575683594,288.1801452636719,84.91295623779297,2.3962676525115967,52.67598342895508,0.6916065812110901,337.18218994140625,13.236357688903809,66.72372436523438,55.5643310546875,260.92401123046875,1.7288504838943481
2019-07-25,2370.281494140625,15.9452486038208,33.38380432128906,0.5573375225067139,22.821287155151367,0.3840000033378601,,46.284584045410156,22.261035919189453,14.000065803527832,89.99421691894531,13.883136749267578,47.85118865966797,98.96314239501953,8.56860637664795,177.83070373535156,288.27081298828125,84.08222961425781,2.4288148880004883,52.60673522949219,0.6987364888191223,336.5567626953125,13.065311431884766,67.242431640625,54.36786651611328,256.10137939453125,1.7288504838943481
2019-07-26,2390.250244140625,16.01154327392578,33.30994415283203,0.5573375225067139,22.91637420654297,0.38499999046325684,,46.52976608276367,22.538686752319336,14.220346450805664,90.60971069335938,13.973287582397461,47.99781799316406,99.51448059082031,8.835836410522461,177.5043487548828,286.729736328125,85.35275268554688,2.415592908859253,52.49593734741211,0.7129964232444763,329.1298522949219,12.960052490234375,66.67433166503906,54.42143249511719,255.850830078125,1.7288504838943481
2019-07-29,2442.16943359375,16.183122634887695,33.56435775756836,0.5573375225067139,22.726198196411133,0.38499999046325684,,46.243709564208984,22.065048217773438,14.326408386230469,84.86802673339844,14.874792098999023,47.5090446472168,98.2280502319336,8.835836410522461,174.4046173095703,289.8118896484375,86.50110626220703,2.393216848373413,52.925315856933594,0.7129964232444763,324.28277587890625,12.841636657714844,66.89661407470703,54.87681198120117,259.9219665527344,1.757988452911377
2019-07-30,2412.2158203125,15.910155296325684,33.60538101196289,0.5573375225067139,23.106552124023438,0.3840000033378601,,46.06389617919922,22.17937469482422,14.138761520385742,85.34282684326172,14.424039840698242,47.411285400390625,96.75785064697266,8.534124374389648,173.8335418701172,283.7382507324219,86.5906982421875,2.342362403869629,52.537479400634766,0.7058664560317993,315.7613830566406,12.819705963134766,66.96251678466797,54.52858352661133,258.4187316894531,1.757988452911377
2019-07-31,2416.209716796875,15.95305061340332,33.712074279785156,0.5573375225067139,22.821287155151367,0.38199999928474426,,47.7557487487793,22.122211456298828,14.049015998840332,85.96241760253906,14.424039840698242,47.411285400390625,96.8497314453125,8.620328903198242,173.8335418701172,284.01019287109375,86.39523315429688,2.4115242958068848,52.27431869506836,0.7058664560317993,320.13934326171875,12.92057991027832,65.45579528808594,53.68034362792969,260.92401123046875,1.757988452911377
2019-08-01,2462.1376953125,15.9452486038208,33.76950454711914,0.5573375225067139,22.631107330322266,0.38499999046325684,,47.33891296386719,22.261035919189453,14.146920204162598,86.86524200439453,14.424039840698242,47.26465606689453,97.40105438232422,8.7496337890625,177.99383544921875,285.6419372558594,87.24224853515625,2.45831036567688,53.105377197265625,0.7058664560317993,321.2337951660156,12.960052490234375,66.18854522705078,53.93928909301758,262.3645324707031,1.757988452911377
2019-08-02,2412.2158203125,15.93744945526123,32.883216857910156,0.5661841630935669,22.821287155151367,0.382999986410141,,46.742271423339844,22.195707321166992,13.92663860321045,85.36054992675781,14.063438415527344,47.020263671875,96.39031219482422,8.79273509979248,179.2174530029297,282.015869140625,87.25852966308594,2.316934823989868,53.230037689208984,0.7129964232444763,318.88848876953125,12.617959976196289,65.66986083984375,53.457122802734375,253.34559631347656,1.6997126340866089
2019-08-05,2389.251953125,15.785367965698242,31.003936767578125,0.5661841630935669,22.060577392578125,0.38199999928474426,,45.197540283203125,21.313758850097656,13.80426025390625,82.65208435058594,14.604339599609375,46.72700500488281,92.99044799804688,8.620328903198242,174.4046173095703,273.5852966308594,85.5482177734375,2.165388584136963,52.27431869506836,0.7343863248825073,309.19439697265625,12.280253410339355,69.02084350585938,52.40352249145508,247.89659118652344,1.6997126340866089
2019-08-06,2367.285888671875,15.722978591918945,30.708515167236328,0.5661841630935669,22.250755310058594,0.38499999046325684,,45.82688903808594,21.330093383789062,13.918479919433594,82.43965911865234,14.604339599609375,47.70455551147461,93.90930938720703,8.7496337890625,178.9727020263672,273.13201904296875,85.91470336914062,2.135892391204834,52.39897537231445,0.7058664560317993,314.66693115234375,12.236392974853516,70.0006332397461,52.59101486206055,247.0196990966797,1.6997126340866089
2019-08-07,2367.285888671875,15.641084671020508,30.593616485595703,0.5661841630935669,21.775312423706055,0.3799999952316284,,45.99034881591797,21.517913818359375,13.9021635055542,83.46639251708984,14.198662757873535,47.90006637573242,95.10385131835938,8.620328903198242,179.87001037597656,273.5852966308594,87.38069152832031,2.109448194503784,52.939170837402344,0.7058664560317993,315.83953857421875,12.249551773071289,70.98042297363281,53.028533935546875,239.87973022460938,1.6997126340866089
2019-08-08,2377.270263671875,16.459989547729492,31.430667877197266,0.5661841630935669,20.919511795043945,0.3799999952316284,,47.486019134521484,23.8861083984375,14.171394348144531,84.68785858154297,14.604339599609375,47.90006637573242,100.70903015136719,8.551366806030273,183.45925903320312,261.8006591796875,88.44759368896484,2.2030205726623535,53.49320602416992,0.7058664560317993,324.8300476074219,12.604801177978516,73.03053283691406,53.17161178588867,245.07818603515625,1.6997126340866089
2019-08-09,2381.26416015625,16.2424259185791,31.479909896850586,0.5661841630935669,21.87040138244629,0.38199999928474426,,46.76679229736328,23.94327163696289,14.187712669372559,83.8735580444336,15.145241737365723,46.97138977050781,99.79013061523438,8.482403755187988,182.39881896972656,264.248291015625,89.41678619384766,2.101311206817627,54.25502395629883,0.7201263904571533,320.99932861328125,12.367968559265137,72.75885009765625,52.96464538574219,241.1950225830078,1.6997126340866089
2019-08-12,2329.345947265625,16.15934944152832,30.692100524902344,0.5661841630935669,21.299869537353516,0.3799999952316284,,43.61195755004883,23.837112426757812,14.15507984161377,83.6788101196289,15.145241737365723,46.62924575805664,100.06580352783203,8.482403755187988,182.9698028564453,254.18592834472656,89.28646850585938,2.100294351577759,53.85334777832031,0.7201263904571533,320.9211730957031,12.183764457702637,72.67648315429688,53.54054641723633,238.81500244140625,1.6997126340866089
2019-08-13,2301.389404296875,16.068368911743164,30.987520217895508,0.5573375225067139,21.775312423706055,0.3799999952316284,,43.70186233520508,23.7309513092041,14.130602836608887,83.14775848388672,15.325542449951172,47.802310943603516,99.4225845336914,8.482403755187988,187.94581604003906,253.09812927246094,89.05842590332031,2.123687267303467,53.756385803222656,0.7201263904571533,342.4983215332031,12.346039772033691,72.30599212646484,53.53153610229492,238.87765502929688,1.6997126340866089
2019-08-14,2252.466064453125,15.933869361877441,30.175079345703125,0.5573375225067139,21.775312423706055,0.3790000081062317,,43.59560775756836,23.069490432739258,14.204029083251953,82.10332489013672,14.7395658493042,48.242210388183594,97.76862335205078,8.482403755187988,186.23280334472656,248.2936248779297,88.45575714111328,2.036217451095581,53.756385803222656,0.7201263904571533,342.26373291015625,11.955702781677246,70.60991668701172,53.50454330444336,229.7960205078125,1.6997126340866089
2019-08-15,2256.460205078125,15.977385520935059,30.166879653930664,0.5573375225067139,21.775312423706055,0.3790000081062317,,43.987918853759766,23.94327163696289,14.236663818359375,81.80237579345703,14.7395658493042,48.242210388183594,96.66595458984375,8.482403755187988,184.35655212402344,247.11514282226562,88.65120697021484,2.0301148891448975,53.77023696899414,0.7201263904571533,339.2148132324219,12.07412052154541,72.33894348144531,54.01744842529297,229.29495239257812,1.6997126340866089
2019-08-16,2299.392822265625,16.602399826049805,31.053173065185547,0.5573375225067139,21.87040138244629,0.3799999952316284,,44.84609603881836,24.229087829589844,14.473262786865234,83.37788391113281,15.100165367126465,47.5090446472168,97.6767349243164,8.482403755187988,188.6799774169922,252.1009521484375,89.62039947509766,2.0235040187835693,55.4600830078125,0.7201263904571533,353.4432678222656,11.938158988952637,72.20719909667969,54.944305419921875,228.60601806640625,1.6997126340866089
2019-08-19,2295.39892578125,16.483722686767578,31.20909309387207,0.5573375225067139,22.155664443969727,0.3799999952316284,,45.37398910522461,23.755449295043945,14.53037166595459,83.7850341796875,15.505842208862305,44.9674072265625,98.96314239501953,8.482403755187988,185.09072875976562,253.09812927246094,90.36151885986328,2.0789356231689453,54.69826889038086,0.7129964232444763,342.81103515625,12.503929138183594,72.01782989501953,55.62818145751953,234.24285888671875,1.6997126340866089
2019-08-20,2259.455322265625,16.369007110595703,30.757740020751953,0.5573375225067139,22.250755310058594,0.3799999952316284,,44.458431243896484,24.188257217407227,14.383516311645508,83.74961853027344,16.046743392944336,45.11404037475586,97.30917358398438,8.430681228637695,185.82493591308594,251.647705078125,89.73440551757812,2.0575764179229736,54.58745574951172,0.6987364888191223,336.9476623535156,12.293410301208496,72.65180206298828,55.403221130371094,234.05499267578125,1.6997126340866089
2019-08-21,2273.43359375,16.523284912109375,31.22163963317871,0.5573375225067139,22.155664443969727,0.3799999952316284,,45.1182975769043,24.547569274902344,14.538532257080078,85.25433349609375,15.02937126159668,43.98985290527344,99.51448059082031,8.430681228637695,181.9093780517578,250.8319091796875,90.01131439208984,2.0189270973205566,55.29386520385742,0.6951715350151062,333.58599853515625,12.451298713684082,73.92797088623047,55.65517807006836,236.62286376953125,1.6997126340866089
2019-08-22,2259.455322265625,16.47977066040039,31.42044448852539,0.5573375225067139,21.299869537353516,0.3799999952316284,,45.28326416015625,24.343414306640625,14.359042167663574,84.26300048828125,15.075614929199219,43.50107955932617,98.5956039428711,8.430681228637695,179.87001037597656,248.65621948242188,89.89728546142578,1.9929910898208618,55.210758209228516,0.6773465871810913,330.9279479980469,12.512700080871582,75.46761322021484,55.52918243408203,236.37234497070312,1.6997126340866089
2019-08-23,2274.431640625,16.456031799316406,31.006267547607422,0.5573375225067139,22.250755310058594,0.3779999911785126,,43.897544860839844,24.188257217407227,14.252979278564453,83.66112518310547,15.075614929199219,43.01230239868164,98.77938079833984,8.430681228637695,179.7884521484375,247.47779846191406,89.57965850830078,1.972649335861206,56.38810348510742,0.6773465871810913,341.9510192871094,12.1793794631958,74.04324340820312,54.971282958984375,233.24073791503906,1.6997126340866089
2019-08-26,,16.412525177001953,31.321044921875,0.5661841630935669,21.96548843383789,0.39100000262260437,,44.136741638183594,24.220922470092773,14.465103149414062,83.39558410644531,14.705660820007324,43.20781707763672,,,181.41995239257812,245.57406616210938,89.92987060546875,2.0021448135375977,56.90060806274414,0.6773465871810913,340.5438232421875,12.306567192077637,75.28649139404297,55.34022903442383,231.1112823486328,1.7385631799697876
2019-08-27,2263.448974609375,16.43625831604004,30.99798011779785,0.5661841630935669,21.775312423706055,0.3889999985694885,,43.36964797973633,23.902441024780273,14.538532257080078,83.9797592163086,14.613173484802246,43.79434585571289,100.1576919555664,8.30999755859375,180.11476135253906,246.11802673339844,90.23121643066406,2.0021448135375977,57.48234558105469,0.6773465871810913,344.6091003417969,12.424983978271484,74.07618713378906,56.114097595214844,234.74392700195312,1.7482757568359375
2019-08-28,2256.460205078125,16.51141929626465,31.122228622436523,0.5573375225067139,22.155664443969727,0.39899998903274536,,43.25416564941406,24.09026527404785,14.563005447387695,84.40461730957031,14.33570671081543,42.67015838623047,98.87126159667969,8.206554412841797,178.2385711669922,244.2142791748047,90.53255462646484,1.987397313117981,57.26072692871094,0.6773465871810913,342.4983215332031,12.442526817321777,74.57843017578125,56.35702896118164,235.68341064453125,1.7482757568359375
2019-08-29,2259.455322265625,16.796232223510742,31.254770278930664,0.5573375225067139,21.87040138244629,0.3869999945163727,,43.402652740478516,24.122928619384766,14.660908699035645,85.05960083007812,14.705660820007324,43.549957275390625,98.6874771118164,8.085867881774902,182.9698028564453,255.45501708984375,91.0212173461914,2.1297900676727295,57.468502044677734,0.6773465871810913,347.42352294921875,12.617959976196289,75.83097839355469,56.653987884521484,239.25341796875,1.6997126340866089
2019-08-30,2267.44287109375,16.839746475219727,31.519853591918945,0.5484909415245056,21.68022346496582,0.3880000114440918,,44.05426788330078,24.033100128173828,14.579323768615723,85.64379119873047,14.705660820007324,44.185367584228516,99.4225845336914,8.17207145690918,179.91619873046875,262.2538757324219,91.53430938720703,2.0275723934173584,57.84247589111328,0.6773465871810913,338.198486328125,12.60041618347168,76.92230987548828,56.85195541381836,247.5834503173828,1.7482757568359375
2019-09-02,2282.419677734375,16.93073081970215,,0.5484909415245056,22.155664443969727,0.38600000739097595,,,,,86.35186767578125,14.613173484802246,43.50107955932617,99.88201141357422,7.947942733764648,179.91619873046875,261.34735107421875,,2.039268732070923,57.78708267211914,0.6773465871810913,340.93475341796875,12.451298713684082,,,245.82974243164062,1.7482757568359375
2019-09-03,2320.35986328125,16.966327667236328,31.47016143798828,0.5484909415245056,21.87040138244629,0.3779999911785126,,44.013023376464844,24.45774269104004,14.636433601379395,87.04225158691406,14.659417152404785,43.74546813964844,99.60635375976562,7.913461685180664,179.99874877929688,259.9876403808594,91.51803588867188,2.0646960735321045,57.51005172729492,0.6773465871810913,338.51123046875,12.236392974853516,77.12899017333984,57.8687858581543,247.0824432373047,1.7482757568359375
2019-09-04,2362.294189453125,17.08104705810547,31.67723846435547,0.5484909415245056,21.87040138244629,0.36000001430511475,,44.458431243896484,24.74355697631836,14.718018531799316,87.34319305419922,14.890639305114746,43.59883499145508,100.70903015136719,7.913461685180664,179.91619873046875,267.1490783691406,93.13060760498047,2.1257216930389404,57.163780212402344,0.6630867123603821,335.3058776855469,12.394283294677734,71.15145874023438,58.336700439453125,249.9008331298828,1.7482757568359375
2019-09-05,2366.287841796875,17.108739852905273,32.000308990478516,0.5573375225067139,21.68022346496582,0.3799999952316284,,45.54720687866211,24.514907836914062,14.652750015258789,86.86524200439453,14.42819595336914,43.59883499145508,100.43336486816406,7.87898063659668,178.92584228515625,263.160400390625,92.21029663085938,2.124704599380493,56.92829895019531,0.6559566855430603,337.57305908203125,12.964438438415527,70.49004364013672,57.35586929321289,253.28289794921875,1.7482757568359375
2019-09-06,2350.31298828125,17.22740936279297,32.06658935546875,0.5529143214225769,21.87040138244629,0.3799999952316284,,46.02560806274414,24.710893630981445,14.677226066589355,86.75901794433594,14.243218421936035,43.30556869506836,100.24958038330078,7.89622163772583,178.1005401611328,264.0669250488281,93.37493133544922,2.16335391998291,56.7897834777832,0.6559566855430603,332.2569580078125,12.955665588378906,71.13494873046875,57.47284698486328,254.28506469726562,1.7482757568359375
2019-09-09,2301.389404296875,17.168075561523438,32.8618278503418,0.5573375225067139,21.87040138244629,0.37299999594688416,,47.09789276123047,24.498571395874023,14.41615104675293,84.79405975341797,14.011998176574707,43.40332794189453,98.87126159667969,7.758296489715576,172.1583251953125,264.1575622558594,90.98049926757812,2.1684396266937256,55.83405685424805,0.6559566855430603,322.8756103515625,13.091628074645996,69.08455657958984,56.43803787231445,251.2787322998047,1.7482757568359375
2019-09-10,2230.5009765625,17.57947540283203,33.37541961669922,0.5529143214225769,21.87040138244629,0.3659999966621399,,47.00715637207031,23.8861083984375,14.285614013671875,85.14810943603516,14.33570671081543,43.50107955932617,98.13616180419922,7.6031293869018555,169.59991455078125,264.8828430175781,89.18058776855469,2.2101399898529053,55.39081954956055,0.6559566855430603,316.15228271484375,13.214428901672363,67.34835052490234,55.36722946166992,250.5271453857422,1.7482757568359375
2019-09-11,2235.492919921875,17.876157760620117,34.005001068115234,0.5529143214225769,21.775312423706055,0.367000013589859,,47.81549835205078,23.94327163696289,14.456944465637207,86.06863403320312,14.011998176574707,42.621280670166016,100.06580352783203,7.499685287475586,173.7263946533203,272.8601379394531,89.38420104980469,2.209123134613037,55.418521881103516,0.6773465871810913,322.9537658691406,13.328458786010742,68.05937957763672,55.376224517822266,256.1640319824219,1.7094252109527588
2019-09-12,2296.397216796875,17.899892807006836,34.336341857910156,0.5529143214225769,21.775312423706055,0.3659999966621399,,47.427825927734375,23.894275665283203,14.53037166595459,86.75901794433594,14.33570671081543,42.27914047241211,99.23881530761719,7.465204238891602,171.6631622314453,266.061279296875,90.32894134521484,2.18166184425354,55.04454040527344,0.6773465871810913,318.106689453125,13.416175842285156,69.01014709472656,55.493202209472656,256.539794921875,1.7482757568359375
2019-09-13,2339.330078125,18.113506317138672,34.48545837402344,0.5484909415245056,21.585134506225586,0.3700000047683716,,46.87519073486328,23.8861083984375,14.301933288574219,85.87389373779297,14.33570671081543,42.621280670166016,96.48218536376953,7.447964668273926,168.1968994140625,264.5201721191406,87.26667022705078,2.2111573219299316,54.559749603271484,0.6773465871810913,311.6961669921875,13.460033416748047,70.41564178466797,55.01628112792969,255.6629638671875,1.7482757568359375
2019-09-16,2329.345947265625,17.888025283813477,34.75881576538086,0.5484909415245056,21.775312423706055,0.36500000953674316,,47.6917724609375,23.44513702392578,14.212189674377441,85.05960083007812,15.44556999206543,42.76791763305664,97.30917358398438,7.465204238891602,170.01254272460938,265.8799743652344,86.24048614501953,2.1542000770568848,54.29658126831055,0.6773465871810913,317.324951171875,13.354775428771973,71.38294982910156,54.3953971862793,247.39553833007812,1.835689663887024
2019-09-17,2311.3740234375,17.872203826904297,34.61799621582031,0.5484909415245056,21.585134506225586,0.36500000953674316,,46.73496627807617,23.92694091796875,14.473262786865234,86.36956024169922,14.613173484802246,42.230262756347656,96.8497314453125,7.499685287475586,173.8914794921875,268.9621276855469,87.5517349243164,2.134875535964966,55.127647399902344,,318.732177734375,13.012681007385254,73.48296356201172,55.28622817993164,244.57711791992188,1.835689663887024
2019-09-18,2309.376953125,17.804954528808594,34.518592834472656,0.5484909415245056,21.68022346496582,0.36500000953674316,,46.9989128112793,23.79627799987793,14.399833679199219,86.21025848388672,14.520683288574219,42.425777435302734,96.48218536376953,7.48244571685791,171.16799926757812,269.5060119628906,87.16079711914062,2.1755590438842773,55.86176300048828,0.6630867123603821,309.19439697265625,12.894264221191406,72.9786148071289,55.34022903442383,251.1534423828125,1.835689663887024
2019-09-19,2282.419677734375,17.95527458190918,33.880733489990234,0.5484909415245056,21.299869537353516,0.367000013589859,,46.314300537109375,23.894275665283203,14.383516311645508,85.6614761352539,14.28946304321289,42.425777435302734,94.6444091796875,7.5169267654418945,169.43487548828125,266.061279296875,87.75533294677734,2.2070889472961426,55.61244583129883,0.6630867123603821,307.7090148925781,12.657431602478027,72.89591217041016,55.30423355102539,246.8318634033203,1.835689663887024
2019-09-20,2314.369384765625,18.01461410522461,33.880733489990234,0.5484909415245056,21.109691619873047,0.36500000953674316,,46.1575927734375,23.779949188232422,14.41615104675293,85.87389373779297,14.05824089050293,43.94097900390625,96.1146240234375,7.5169267654418945,175.87222290039062,263.160400390625,87.67388916015625,2.205054521560669,56.54047393798828,0.6630867123603821,315.3704833984375,12.117977142333984,72.2510757446289,53.963462829589844,243.63763427734375,1.835689663887024
2019-09-23,2310.375732421875,17.804954528808594,33.466548919677734,0.5484909415245056,21.20477867126465,0.3630000054836273,,46.165836334228516,23.845277786254883,14.407995223999023,85.98011779785156,14.33570671081543,42.52352523803711,96.48218536376953,7.568647861480713,176.61500549316406,264.5201721191406,88.13811492919922,2.124704599380493,56.526615142822266,0.6559566855430603,314.9795837402344,11.306604385375977,70.92825317382812,54.3054084777832,238.68972778320312,1.7968391180038452
2019-09-24,2314.369384765625,17.880117416381836,33.07719802856445,0.5484909415245056,20.919511795043945,0.3569999933242798,,45.81939697265625,24.016767501831055,14.50589656829834,86.829833984375,14.33570671081543,42.76791763305664,98.2280502319336,7.499685287475586,171.82823181152344,263.79498291015625,89.11543273925781,2.1104652881622314,57.205322265625,0.6559566855430603,316.54315185546875,10.758378982543945,71.33338165283203,54.854312896728516,237.75025939941406,1.7968391180038452
2019-09-25,2295.39892578125,17.804954528808594,33.53281021118164,0.5484909415245056,20.53915786743164,0.3610000014305115,,46.25657272338867,23.779949188232422,14.024542808532715,86.90065002441406,14.011998176574707,42.67015838623047,97.40105438232422,7.344520568847656,171.3330841064453,260.6221923828125,87.63317108154297,2.0880889892578125,57.73167037963867,0.6559566855430603,313.1033630371094,10.894338607788086,71.07706451416016,54.17042922973633,237.061279296875,1.7968391180038452
2019-09-26,2304.385009765625,18.01461410522461,33.84760665893555,0.5484909415245056,19.39809226989746,0.3619999885559082,,46.652488708496094,24.278085708618164,14.171394348144531,87.89196014404297,13.965753555297852,43.06117630004883,98.2280502319336,7.379002094268799,171.49810791015625,263.432373046875,88.43131256103516,2.135892391204834,58.036399841308594,0.6559566855430603,310.836181640625,10.83293628692627,71.48217010498047,54.611358642578125,240.0050048828125,1.7094252109527588
2019-09-27,2298.39404296875,18.212398529052734,33.91387176513672,0.5573375225067139,19.493181228637695,0.3619999885559082,,46.635986328125,24.31075096130371,14.277456283569336,87.80345153808594,14.28946304321289,43.01230239868164,97.6767349243164,7.499685287475586,173.1487579345703,262.6165466308594,88.4068832397461,2.1613199710845947,57.10837173461914,0.6559566855430603,311.5397644042969,10.951354026794434,70.44046783447266,54.386390686035156,243.0739288330078,1.7094252109527588
2019-09-30,2299.392822265625,18.160974502563477,34.02156066894531,0.5573375225067139,19.017742156982422,0.36500000953674316,,46.701969146728516,24.057598114013672,14.301933288574219,87.76806640625,14.104486465454102,43.01230239868164,98.5956039428711,7.551408290863037,173.23126220703125,261.075439453125,88.28470611572266,2.2030205726623535,57.316139221191406,0.6630867123603821,311.9306640625,11.153100967407227,71.21762084960938,54.080448150634766,245.391357421875,1.7094252109527588
2019-10-01,2300.39111328125,18.236135482788086,33.40856170654297,0.5440676808357239,18.780017852783203,0.3700000047683716,,46.51225662231445,23.967769622802734,14.089812278747559,86.08634185791016,14.011998176574707,42.27914047241211,97.40105438232422,7.551408290863037,170.92039489746094,255.18312072753906,87.27482604980469,2.182678699493408,58.78435516357422,0.6559566855430603,311.9306640625,11.218887329101562,68.8861312866211,54.19742965698242,246.14288330078125,1.7094252109527588
2019-10-02,2156.61669921875,17.804954528808594,32.90325164794922,0.5440676808357239,17.92422103881836,0.36800000071525574,,46.07509994506836,23.469633102416992,13.77978515625,83.8735580444336,13.780776023864746,41.93699645996094,95.01197052001953,7.6031293869018555,168.1968994140625,253.55140686035156,85.97171783447266,2.0616447925567627,57.8286247253418,0.6559566855430603,306.6927185058594,10.753993034362793,68.10070037841797,53.18060302734375,241.94656372070312,1.7094252109527588
2019-10-03,2191.56201171875,17.62694549560547,32.7458610534668,0.5440676808357239,17.92422103881836,0.3619999885559082,,46.017372131347656,23.77178382873535,13.92663860321045,84.13907623291016,13.827020645141602,42.132503509521484,96.75785064697266,7.465204238891602,168.69212341308594,255.45501708984375,86.76985931396484,2.0687644481658936,57.593162536621094,0.6559566855430603,307.630859375,,67.87747192382812,53.459564208984375,237.8129119873047,1.7094252109527588
2019-10-04,2201.546142578125,18.04625701904297,33.425113677978516,0.5440676808357239,17.306142807006836,0.35600000619888306,,46.429779052734375,24.14742660522461,13.991908073425293,85.13041687011719,13.503312110900879,41.93699645996094,97.6767349243164,7.292798042297363,172.48849487304688,256.0896301269531,87.79605102539062,2.0494394302368164,59.37995910644531,0.6559566855430603,312.8688049316406,10.653119087219238,68.00149536132812,53.702510833740234,238.81500244140625,1.7094252109527588
2019-10-07,2161.609130859375,17.95527458190918,32.952945709228516,0.5440676808357239,17.496318817138672,0.35600000619888306,,45.88539123535156,24.180089950561523,14.08165168762207,86.22795104980469,13.457069396972656,41.05719757080078,99.3307113647461,7.568647861480713,176.1198272705078,259.2624206542969,88.33358764648438,2.105379819869995,60.10021209716797,0.6559566855430603,324.43914794921875,10.828551292419434,67.10033416748047,53.711524963378906,243.0739288330078,1.7094252109527588
2019-10-08,2152.622802734375,17.753528594970703,31.809783935546875,0.5440676808357239,16.02244758605957,0.36000001430511475,,44.88733673095703,24.21275520324707,13.959275245666504,85.32513427734375,13.503312110900879,41.00831985473633,97.5848388671875,7.499685287475586,173.7263946533203,257.54010009765625,87.61688232421875,2.040286064147949,59.83705139160156,0.6523917317390442,318.2630615234375,10.591716766357422,66.49678802490234,53.189605712890625,239.25341796875,1.7094252109527588
2019-10-09,2115.6806640625,17.595300674438477,32.248836517333984,0.5440676808357239,16.26016616821289,0.3630000054836273,,45.225521087646484,24.253585815429688,14.171394348144531,85.8385009765625,13.410822868347168,40.86168670654297,97.40105438232422,7.327279090881348,174.55174255371094,257.6307067871094,88.21955871582031,2.0799527168273926,59.14448165893555,0.6559566855430603,315.99591064453125,10.675048828125,67.57159423828125,53.55854034423828,242.07188415527344,1.6997126340866089
2019-10-10,2102.701416015625,17.781221389770508,32.944671630859375,0.5440676808357239,16.45034408569336,0.3630000054836273,,45.67918395996094,23.975936889648438,14.114285469055176,85.36054992675781,13.410822868347168,41.05719757080078,97.12540435791016,7.275557041168213,175.1294708251953,256.8148193359375,87.66574096679688,2.139960765838623,59.130638122558594,0.6559566855430603,316.6213073730469,10.907495498657227,67.90228271484375,53.35157775878906,243.5123748779297,1.6997126340866089
2019-10-11,2177.583984375,18.069990158081055,33.5162467956543,0.5440676808357239,16.165077209472656,0.36800000071525574,,46.3637809753418,24.082096099853516,14.220346450805664,85.6614761352539,13.364579200744629,40.6172981262207,96.39031219482422,7.275557041168213,173.8089599609375,265.2454528808594,87.14450073242188,2.1684396266937256,58.74280548095703,0.6737815737724304,316.4649963378906,11.249588966369629,69.11766052246094,53.22560119628906,245.26609802246094,1.6997126340866089
2019-10-14,2183.57421875,18.01461410522461,33.300865173339844,0.5484909415245056,16.307710647583008,0.3720000088214874,,46.64423751831055,24.13926124572754,14.26929759979248,86.33417510986328,13.503312110900879,40.5195426940918,97.4929428100586,7.258316516876221,171.25050354003906,270.5032043457031,86.36264038085938,2.173525094985962,58.1194953918457,0.6559566855430603,316.30865478515625,11.122401237487793,69.49793243408203,52.83866500854492,240.25552368164062,1.6997126340866089
2019-10-15,2229.50244140625,18.216360092163086,33.40856170654297,0.5484909415245056,16.165077209472656,0.3790000081062317,,47.12263870239258,23.967769622802734,14.481419563293457,86.08634185791016,13.503312110900879,41.20383071899414,99.97391510009766,7.413483142852783,174.96441650390625,275.9422302246094,86.47666931152344,2.2182772159576416,58.57658767700195,0.6737815737724304,321.624755859375,11.223273277282715,69.2333755493164,52.523719787597656,242.8860321044922,1.6997126340866089
2019-10-16,2206.53857421875,18.22822380065918,32.886688232421875,0.5484909415245056,15.97490119934082,0.37299999594688416,,45.695674896240234,23.992265701293945,14.285614013671875,86.52888488769531,13.873265266418457,41.30158996582031,97.5848388671875,7.5858893394470215,183.877685546875,270.5032043457031,86.5662612915039,2.1999692916870117,57.92558288574219,0.6559566855430603,333.42962646484375,11.328533172607422,67.67906188964844,53.44156265258789,240.06759643554688,1.6997126340866089
2019-10-17,2230.5009765625,18.295475006103516,33.01093292236328,0.5529143214225769,15.97490119934082,0.3799999952316284,,45.406986236572266,24.220922470092773,14.228506088256836,87.07765197753906,13.410822868347168,41.05719757080078,98.90634155273438,7.430722713470459,187.756591796875,260.9848327636719,85.605224609375,2.189798593521118,58.39653396606445,0.6737815737724304,340.7001953125,11.008368492126465,67.2739486694336,53.97246551513672,242.5728759765625,1.6997126340866089
2019-10-18,2225.509033203125,18.18075180053711,32.83697509765625,0.5529143214225769,15.784725189208984,0.37700000405311584,,45.1182975769043,24.082096099853516,13.12710189819336,86.44038391113281,13.133358001708984,41.64373016357422,96.32779693603516,7.672092437744141,190.81027221679688,260.0782775878906,85.18171691894531,2.1572513580322266,58.7982063293457,0.6559566855430603,339.3711853027344,11.017141342163086,68.14204406738281,54.06245040893555,232.55181884765625,1.6997126340866089
2019-10-21,2218.52001953125,18.07394790649414,33.466548919677734,0.5507026314735413,15.879813194274902,0.375,,45.489471435546875,23.95960807800293,13.135260581970215,85.64379119873047,13.364579200744629,41.20383071899414,97.52498626708984,7.430722713470459,194.27647399902344,262.0726013183594,84.12295532226562,2.204037666320801,59.17218780517578,0.6559566855430603,346.6417236328125,11.289060592651367,66.94322967529297,53.297584533691406,226.1634063720703,1.6997126340866089
2019-10-22,2202.544921875,18.034391403198242,33.599082946777344,0.5507026314735413,15.97490119934082,0.3700000047683716,,45.695674896240234,23.918771743774414,13.233161926269531,85.60836791992188,13.410822868347168,41.15495300292969,97.4328842163086,7.5169267654418945,190.0674285888672,262.88848876953125,84.1066665649414,2.182678699493408,59.61542510986328,0.6630867123603821,344.53094482421875,11.227659225463867,65.4550552368164,53.243587493896484,227.10287475585938,1.6997126340866089
2019-10-23,2193.55908203125,17.990877151489258,33.739906311035156,0.5507026314735413,15.784725189208984,0.37700000405311584,,45.7369270324707,23.649288177490234,13.322907447814941,82.9176254272461,13.179600715637207,41.5948486328125,96.69615936279297,7.413483142852783,188.33428955078125,275.8515930175781,84.41615295410156,2.182678699493408,59.24144744873047,0.6630867123603821,340.8565368652344,11.20134449005127,64.07434844970703,53.18060302734375,226.03810119628906,1.6802873611450195
2019-10-24,2185.571533203125,18.077903747558594,33.582515716552734,0.5507026314735413,15.689634323120117,0.37400001287460327,,45.06880569458008,23.657455444335938,13.42081069946289,83.55490112304688,13.225847244262695,42.27914047241211,96.05149841308594,7.36176061630249,189.4071807861328,281.0186462402344,85.48306274414062,2.1419949531555176,59.26915740966797,0.6630867123603821,346.2508239746094,11.13994312286377,64.33892059326172,53.765506744384766,222.84385681152344,1.6802873611450195
2019-10-25,2188.566650390625,18.050212860107422,33.97185516357422,0.5529143214225769,16.069988250732422,0.37299999594688416,,45.56370544433594,23.224647521972656,13.380016326904297,81.43061828613281,13.364579200744629,41.5948486328125,100.37980651855469,7.379002094268799,188.1692352294922,286.9110107421875,85.83326721191406,2.165388584136963,59.21373748779297,0.6595216393470764,338.823974609375,11.284675598144531,64.88456726074219,53.378570556640625,224.3470458984375,1.7482757568359375
2019-10-28,2211.5302734375,17.7733097076416,34.21208190917969,0.5484909415245056,16.02244758605957,0.3659999966621399,,45.80290985107422,23.44513702392578,13.290273666381836,80.01443481445312,13.318333625793457,41.64373016357422,99.09053039550781,7.344520568847656,191.96566772460938,285.7325744628906,85.6703872680664,2.151149034500122,59.60157012939453,0.6559566855430603,344.9218444824219,11.6267671585083,67.86094665527344,53.02762985229492,225.85025024414062,1.7482757568359375
2019-10-29,2220.51611328125,17.836597442626953,34.38605499267578,0.5440676808357239,16.02244758605957,0.3659999966621399,,46.34730529785156,23.077655792236328,13.437126159667969,80.45699310302734,13.688288688659668,41.64373016357422,98.44589233398438,7.327279090881348,188.33428955078125,281.471923828125,86.03687286376953,2.147080659866333,59.80934524536133,0.6559566855430603,341.63836669921875,11.473264694213867,68.03457641601562,53.3245849609375,228.9818115234375,1.7482757568359375
2019-10-30,2228.50390625,17.797042846679688,33.57424545288086,0.5440676808357239,16.26016616821289,0.3659999966621399,,43.51811981201172,23.510465621948242,13.575821876525879,81.04118347167969,13.688288688659668,41.64373016357422,99.91934967041016,7.327279090881348,189.81983947753906,285.5513000488281,87.1689453125,2.1063966751098633,60.585018157958984,0.6559566855430603,345.3127136230469,11.407477378845215,67.62118530273438,54.13444137573242,228.91917419433594,1.7482757568359375
2019-10-31,2222.51318359375,17.66254997253418,34.825103759765625,0.5440676808357239,16.73560905456543,0.36899998784065247,,44.54091262817383,22.995994567871094,13.461602210998535,80.95265197753906,13.827020645141602,41.54597091674805,100.19563293457031,7.292798042297363,185.0330810546875,285.9138488769531,87.27482604980469,2.0453717708587646,61.18060302734375,0.6559566855430603,334.9931945800781,11.192573547363281,68.44794464111328,54.4989128112793,224.15914916992188,1.690000057220459
2019-11-01,2246.4755859375,17.7060604095459,35.148155212402344,,16.73560905456543,,,44.72237014770508,23.281808853149414,13.437126159667969,81.09428405761719,13.827020645141602,41.54597091674805,100.01144409179688,7.292798042297363,185.69332885742188,289.5398864746094,86.86759948730469,2.102328300476074,60.93129348754883,,334.2896423339844,11.332919120788574,69.20030975341797,54.17251205444336,226.03810119628906,
2019-11-04,2245.477294921875,17.824729919433594,35.6700439453125,0.5440676808357239,17.115966796875,0.3709999918937683,,46.405033111572266,22.85717010498047,13.298431396484375,80.10295104980469,13.595800399780273,41.5948486328125,100.65609741210938,7.36176061630249,182.47463989257812,289.90252685546875,85.96358489990234,2.134875535964966,61.1667594909668,0.6559566855430603,326.7845153808594,11.622382164001465,67.83614349365234,53.47439956665039,227.79180908203125,1.690000057220459
2019-11-05,2370.281494140625,18.287559509277344,35.595489501953125,0.5573375225067139,16.73560905456543,0.3709999918937683,,45.852394104003906,22.97966194152832,13.208688735961914,79.50108337402344,13.873265266418457,41.54597091674805,101.853271484375,7.36176061630249,183.0523223876953,291.08099365234375,85.29573822021484,2.1267387866973877,60.52960205078125,0.6523917317390442,330.5370178222656,11.688170433044434,67.7369155883789,53.89146041870117,227.97970581054688,1.690000057220459
2019-11-06,2418.206298828125,19.201345443725586,35.52092361450195,0.5529143214225769,18.30457305908203,0.3659999966621399,,45.53895950317383,22.906164169311523,13.404492378234863,80.31539154052734,13.73453426361084,41.20383071899414,104.98441314697266,7.430722713470459,184.95057678222656,293.43792724609375,85.9880142211914,2.105379819869995,61.22216033935547,0.6630867123603821,337.2604064941406,11.530280113220215,69.01014709472656,54.75278091430664,229.54550170898438,1.690000057220459
2019-11-07,2427.192138671875,19.035202026367188,36.067665100097656,0.5529143214225769,18.30457305908203,0.36800000071525574,,45.7369270324707,22.783672332763672,13.192370414733887,80.45699310302734,13.688288688659668,41.05719757080078,104.89230346679688,7.379002094268799,185.77586364746094,290.0838317871094,85.05140686035156,2.1419949531555176,60.903587341308594,0.6630867123603821,344.2182312011719,11.78465747833252,68.82825469970703,54.0999870300293,231.73757934570312,1.690000057220459
2019-11-08,2439.173828125,19.114316940307617,35.87713623046875,0.5529143214225769,18.494752883911133,0.36899998784065247,,46.09984588623047,23.02865982055664,13.241321563720703,80.5455322265625,13.688288688659668,40.2751579284668,105.35275268554688,7.379002094268799,188.28070068359375,288.27081298828125,85.09213256835938,2.120636224746704,60.460350036621094,0.6630867123603821,351.25421142578125,11.58290958404541,68.315673828125,54.36290740966797,230.29708862304688,1.690000057220459
2019-11-11,2444.16552734375,19.31210708618164,36.05937957763672,0.5529143214225769,18.494752883911133,0.375,,46.04209899902344,22.955163955688477,13.347383499145508,80.95265197753906,13.688288688659668,40.2751579284668,106.91831970214844,7.379002094268799,190.4515838623047,287.0923156738281,85.5807876586914,2.108431100845337,60.50189971923828,0.6987364888191223,348.7525939941406,11.350461959838867,68.39834594726562,53.98211669921875,229.29495239257812,1.690000057220459
2019-11-12,2455.148193359375,19.229036331176758,35.81914520263672,0.5529143214225769,18.16193962097168,0.375,,45.95963668823242,22.963329315185547,13.249480247497559,81.07657623291016,13.642044067382812,40.2751579284668,107.19459533691406,7.465204238891602,189.36614990234375,287.0923156738281,85.10027313232422,2.124704599380493,60.19717788696289,0.6987364888191223,342.0292053222656,11.425020217895508,73.48296356201172,53.6013298034668,228.91917419433594,1.690000057220459
2019-11-13,2472.121826171875,18.96399688720703,35.471221923828125,0.5529143214225769,18.066852569580078,0.3779999911785126,,45.53071212768555,23.04499053955078,13.461602210998535,81.78466796875,13.595800399780273,39.933013916015625,106.18158721923828,7.5858893394470215,189.5331268310547,285.279296875,86.33822631835938,2.0799527168273926,60.52960205078125,0.6987364888191223,340.3874816894531,11.113629341125488,73.47468566894531,54.12718963623047,230.04653930664062,1.690000057220459
2019-11-14,2435.179931640625,18.96399688720703,35.43809127807617,0.5484909415245056,18.066852569580078,0.37700000405311584,,45.7369270324707,22.734678268432617,13.445284843444824,81.96170043945312,13.225847244262695,40.2751579284668,105.81321716308594,7.654851913452148,190.61854553222656,284.5541076660156,85.32018280029297,2.016892671585083,59.51846694946289,0.6773465871810913,339.605712890625,10.512773513793945,74.69001770019531,53.764522552490234,219.96286010742188,1.690000057220459
2019-11-15,2458.14404296875,19.0905818939209,35.51263427734375,0.5484909415245056,15.214191436767578,0.37700000405311584,,46.76902389526367,23.322643280029297,13.502394676208496,82.22723388671875,13.087112426757812,40.226280212402344,107.6550521850586,7.827258586883545,183.68846130371094,284.7354431152344,85.74368286132812,1.9243377447128296,60.34954833984375,0.6773465871810913,317.4031066894531,9.876832962036133,74.68177032470703,53.51972579956055,215.45335388183594,1.7482757568359375
2019-11-18,2461.138916015625,19.086624145507812,35.48778533935547,0.5484909415245056,15.024014472961426,0.375,,45.51219177246094,23.396137237548828,13.445284843444824,82.86450958251953,12.578428268432617,40.76393508911133,108.48387908935547,7.7927775382995605,187.7797393798828,286.4577941894531,85.75997161865234,1.820594072341919,60.072509765625,0.6773465871810913,315.83953857421875,9.468952178955078,74.39240264892578,53.6285285949707,214.88963317871094,1.7871264219284058
2019-11-19,2432.184814453125,19.003557205200195,35.68660354614258,0.5484909415245056,15.024014472961426,0.375,,46.327884674072266,23.379804611206055,13.461602210998535,83.00613403320312,12.393449783325195,40.812808990478516,106.91831970214844,7.844499588012695,186.3603057861328,283.1943054199219,85.28759765625,1.8195770978927612,60.945133209228516,0.6773465871810913,308.9599304199219,9.44263744354248,74.85538482666016,53.51066207885742,213.76226806640625,1.7774138450622559
2019-11-20,2454.150390625,19.054981231689453,35.494510650634766,0.5484909415245056,14.976469039916992,0.3700000047683716,,46.02824020385742,23.44513702392578,13.396334648132324,82.45738220214844,13.040868759155273,40.12852096557617,103.23463439941406,7.844499588012695,184.69041442871094,288.0894775390625,85.61337280273438,1.7855043411254883,61.526893615722656,0.6844765543937683,305.832763671875,9.205803871154785,74.92153930664062,53.3021240234375,214.76437377929688,1.7774138450622559
2019-11-21,2474.118896484375,19.058937072753906,35.76176834106445,0.5484909415245056,14.54857063293457,0.37599998712539673,,45.4788932800293,23.191984176635742,13.35554313659668,81.9793930053711,12.347206115722656,40.07964324951172,101.853271484375,7.9307026863098145,185.525390625,289.1772766113281,84.59532165527344,1.8007609844207764,60.55730438232422,0.6773465871810913,309.27264404296875,9.223347663879395,73.19358825683594,52.75812530517578,217.33230590820312,1.7774138450622559
2019-11-22,2517.05126953125,18.869060516357422,35.678253173828125,0.5484909415245056,15.024014472961426,0.37599998712539673,,45.01279067993164,23.20831298828125,13.380016326904297,82.08561706542969,12.763404846191406,39.981895446777344,103.23463439941406,7.6031293869018555,185.44187927246094,288.3614501953125,84.41615295410156,1.79008150100708,60.59886169433594,0.6773465871810913,313.4160461425781,9.161944389343262,71.44084167480469,52.776283264160156,217.58282470703125,1.7871264219284058
2019-11-25,2538.018310546875,18.916526794433594,35.97890090942383,0.5396443605422974,14.881381034851074,0.3709999918937683,,44.846317291259766,23.44513702392578,13.445284843444824,83.02383422851562,12.855892181396484,40.07964324951172,102.68209838867188,7.913461685180664,187.8632354736328,295.06964111328125,85.1084213256836,1.8363590240478516,61.069801330566406,0.6702166199684143,325.3773193359375,9.280363082885742,73.27625274658203,53.11172866821289,220.15069580078125,1.7871264219284058
2019-11-26,2571.965087890625,18.84532356262207,35.703311920166016,0.5396443605422974,14.738747596740723,0.37400001287460327,,44.346920013427734,23.68195343017578,13.445284843444824,83.60802459716797,12.948381423950195,40.568424224853516,106.64205169677734,7.620370864868164,189.36614990234375,298.0611267089844,84.99439239501953,1.8272051811218262,60.86203384399414,0.6880415081977844,326.5499572753906,9.126858711242676,74.1609115600586,53.44718551635742,222.3428497314453,1.7871264219284058
2019-11-27,2583.946044921875,18.888837814331055,35.86199951171875,0.541856050491333,14.833836555480957,0.36899998784065247,,44.4884147644043,23.673786163330078,13.371856689453125,83.60802459716797,12.948381423950195,40.47066879272461,107.01040649414062,7.620370864868164,188.69815063476562,295.2509460449219,85.01068115234375,1.7631282806396484,61.6376953125,0.6880415081977844,328.0353698730469,9.122472763061523,74.83373260498047,53.5287971496582,219.71229553222656,1.6997126340866089
2019-11-28,2575.95849609375,18.75829315185547,,0.5440676808357239,15.024014472961426,0.3659999966621399,,,,,83.44869232177734,12.809647560119629,40.2751579284668,106.73413848876953,7.620370864868164,186.86129760742188,295.885498046875,,1.7549917697906494,61.416072845458984,0.6987364888191223,330.38067626953125,9.218960762023926,,,219.96286010742188,1.6997126340866089
2019-11-29,2564.976318359375,18.501169204711914,35.853633880615234,0.5396443605422974,15.119102478027344,0.37400001287460327,,44.430152893066406,23.575794219970703,13.396334648132324,83.23625183105469,12.670915603637695,40.568424224853516,107.19459533691406,7.758296489715576,190.86903381347656,293.70989990234375,84.65234375,1.7493977546691895,61.8177604675293,0.6916065812110901,343.2019348144531,8.995285034179688,74.66759490966797,53.93678665161133,217.6454315185547,1.6511495113372803
2019-12-02,2521.044921875,18.251956939697266,36.15430450439453,0.5396443605422974,15.024014472961426,0.36800000071525574,,44.56332015991211,23.7309513092041,13.233161926269531,82.793701171875,12.578428268432617,40.568424224853516,106.73413848876953,7.706573486328125,187.19529724121094,298.78631591796875,84.43244934082031,1.776350736618042,61.4022216796875,0.7023015022277832,337.6512451171875,9.07861614227295,74.41010284423828,53.74639892578125,216.70596313476562,1.6511495113372803
2019-12-03,2468.12744140625,18.295475006103516,35.845279693603516,0.5396443605422974,15.024014472961426,0.3720000088214874,,43.99733352661133,24.073928833007812,13.208688735961914,83.02383422851562,12.393449783325195,40.07964324951172,105.90531158447266,7.672092437744141,187.6127471923828,295.6135559082031,84.09852600097656,1.7722821235656738,62.399513244628906,0.7023015022277832,338.6676025390625,8.898797988891602,73.88680267333984,53.66477966308594,215.26544189453125,1.6511495113372803
2019-12-04,2501.076416015625,18.33502960205078,35.853633880615234,0.5396443605422974,15.119102478027344,0.3700000047683716,,44.19709014892578,23.71462059020996,13.26579761505127,83.37788391113281,12.485939025878906,40.2751579284668,106.64205169677734,7.741054534912109,189.86708068847656,297.15460205078125,84.44873809814453,1.8490725755691528,62.75965118408203,0.6916065812110901,342.7327880859375,8.929498672485352,74.12767028808594,53.963993072509766,219.3991241455078,1.6511495113372803
2019-12-05,2493.088623046875,18.426015853881836,36.03738021850586,0.5396443605422974,15.024014472961426,0.37299999594688416,,44.53834533691406,23.94327163696289,13.249480247497559,83.14775848388672,12.254717826843262,40.666175842285156,107.93132781982422,7.741054534912109,191.45350646972656,299.1489562988281,84.5708999633789,1.8343247175216675,63.02281951904297,0.6844765543937683,348.51800537109375,8.881253242492676,74.31041717529297,53.81892013549805,216.07968139648438,1.6511495113372803
2019-12-06,2534.024169921875,18.778076171875,36.672096252441406,0.5396443605422974,15.166647911071777,0.375,,44.7131462097168,24.033100128173828,13.380016326904297,84.68785858154297,12.485939025878906,40.07964324951172,107.28667449951172,7.620370864868164,192.28843688964844,299.0582580566406,85.3446044921875,1.8846707344055176,62.81504821777344,0.6844765543937683,351.0978698730469,9.01282787322998,74.3021240234375,54.22692108154297,218.64756774902344,1.6511495113372803
2019-12-09,2519.04833984375,18.592151641845703,36.805728912353516,0.5219510197639465,15.166647911071777,0.3700000047683716,,44.44679641723633,23.87794303894043,13.396334648132324,84.52853393554688,12.485939025878906,39.933013916015625,107.01040649414062,7.620370864868164,193.29043579101562,303.046875,85.49120330810547,1.8683974742889404,63.299835205078125,0.6844765543937683,355.7104187011719,9.100543975830078,74.48486328125,54.59864044189453,215.8917694091797,1.6802873611450195
2019-12-10,2487.09814453125,18.394365310668945,36.74726486206055,0.5219510197639465,15.119102478027344,0.37400001287460327,,45.537166595458984,23.853445053100586,13.380016326904297,84.08596801757812,12.208474159240723,40.76393508911133,106.82622528076172,7.689332962036133,191.45350646972656,298.6050109863281,84.94554138183594,1.8389017581939697,63.105918884277344,0.6773465871810913,352.4268798828125,9.477724075317383,73.6043701171875,54.36290740966797,213.51173400878906,1.6802873611450195
2019-12-11,2475.116943359375,18.038341522216797,36.939353942871094,0.5219510197639465,14.976469039916992,0.37400001287460327,,46.01158142089844,23.812612533569336,13.559505462646484,84.28070068359375,12.023496627807617,41.79036331176758,105.07648468017578,7.758296489715576,190.86903381347656,293.70989990234375,85.29573822021484,1.8526325225830078,62.67654037475586,0.6702166199684143,350.08154296875,9.574211120605469,73.50469207763672,54.06372833251953,216.95654296875,1.6802873611450195
2019-12-12,2429.525146484375,17.7733097076416,37.50727081298828,0.5219510197639465,15.214191436767578,0.37400001287460327,,46.552608489990234,23.54312515258789,13.35554313659668,82.72289276123047,11.931008338928223,41.54597091674805,104.0634765625,7.758296489715576,191.0360565185547,295.9761657714844,85.10027313232422,1.868906021118164,61.956275939941406,0.6702166199684143,349.690673828125,9.683856964111328,72.6906509399414,53.93678665161133,223.0317840576172,1.6802873611450195
2019-12-13,2595.2880859375,17.753528594970703,37.74945831298828,0.5175277590751648,15.214191436767578,0.37400001287460327,,46.419437408447266,23.46146583557129,13.347383499145508,82.54588317871094,11.561054229736328,41.20383071899414,104.0634765625,7.758296489715576,190.86903381347656,295.5228576660156,85.26316833496094,1.8978931903839111,61.00054168701172,0.6702166199684143,350.86334228515625,9.56982421875,73.07273864746094,55.251434326171875,223.9086151123047,1.6802873611450195
2019-12-16,2627.242431640625,17.840559005737305,38.40089797973633,0.5219510197639465,15.024014472961426,0.37400001287460327,,46.544281005859375,23.95960807800293,13.502394676208496,83.7850341796875,11.838520050048828,42.816795349121094,101.39280700683594,7.758296489715576,191.20306396484375,293.34722900390625,86.25678253173828,1.9370510578155518,61.88702392578125,0.6702166199684143,352.1923828125,9.793500900268555,74.71744537353516,56.130897521972656,227.60391235351562,1.6802873611450195
2019-12-17,2563.333984375,17.674413681030273,38.59298324584961,0.5219510197639465,15.071557998657227,0.36800000071525574,,46.477699279785156,23.82077980041504,13.322907447814941,83.71422576904297,11.746030807495117,42.52352523803711,102.22164154052734,7.758296489715576,187.11180114746094,291.4435729980469,85.81697082519531,1.901452898979187,60.82048034667969,0.6702166199684143,343.5146179199219,9.73648738861084,75.07461547851562,51.026432037353516,222.1549530029297,1.6802873611450195
2019-12-18,2561.336669921875,17.808910369873047,37.841331481933594,0.5219510197639465,15.071557998657227,0.36399999260902405,,46.72740173339844,23.837112426757812,13.469762802124023,84.06827545166016,11.746030807495117,42.132503509521484,101.6690902709961,7.706573486328125,188.44769287109375,289.1772766113281,86.37079620361328,1.8902647495269775,61.49919128417969,0.6702166199684143,348.51800537109375,9.811043739318848,73.81202697753906,50.68190383911133,221.96707153320312,1.6802873611450195
2019-12-19,2600.28076171875,17.975053787231445,38.1169319152832,0.5219510197639465,15.024014472961426,0.367000013589859,,46.59422302246094,23.8861083984375,13.445284843444824,83.66112518310547,11.977252960205078,42.52352523803711,103.23463439941406,7.706573486328125,189.7001190185547,289.2679443359375,86.76985931396484,1.8816196918487549,61.76236343383789,0.6702166199684143,354.22503662109375,9.714557647705078,74.5429916381836,51.29842758178711,226.4138946533203,1.6511495113372803
2019-12-20,2587.2998046875,17.81682586669922,38.24220657348633,0.5175277590751648,14.928925514221191,0.367000013589859,,47.90099334716797,24.09026527404785,13.486079216003418,84.9533920288086,11.329833984375,43.74546813964844,103.78720092773438,7.758296489715576,191.62049865722656,289.9931640625,88.03224182128906,1.9029781818389893,62.37181091308594,0.6702166199684143,360.3229064941406,9.86367416381836,75.47334289550781,51.45256042480469,229.54550170898438,1.554023027420044
2019-12-23,2608.26953125,17.888025283813477,38.434303283691406,0.5175277590751648,14.928925514221191,0.3659999966621399,,47.418235778808594,24.384246826171875,13.42081069946289,85.37823486328125,11.468564987182617,45.9449577331543,103.78720092773438,7.6031293869018555,193.29043579101562,296.3387451171875,88.6104965209961,1.953832983970642,62.4964599609375,0.6702166199684143,355.9449157714844,9.80227279663086,75.91358947753906,51.54322814941406,231.1112823486328,1.554023027420044
2019-12-24,2608.26953125,18.018566131591797,38.484413146972656,,14.928925514221191,,,47.484825134277344,24.425077438354492,13.322907447814941,84.9179916381836,11.468564987182617,45.9449577331543,104.61602783203125,7.6031293869018555,,,88.439453125,1.9629870653152466,,,,,75.71424865722656,51.398170471191406,,
2019-12-25,,,,,14.928925514221191,,,,,,,11.468564987182617,45.9449577331543,,,,,,,,,,,,,,
2019-12-26,,,38.58462905883789,,14.928925514221191,,,47.75950622558594,24.41691017150879,13.396334648132324,,11.468564987182617,45.9449577331543,,,,,88.53718566894531,,,,,,75.83883666992188,51.497901916503906,,
2019-12-27,2638.226318359375,17.99878692626953,38.66814041137695,0.5131044387817383,15.024014472961426,0.36500000953674316,,47.75117874145508,24.57206916809082,13.518712043762207,85.50215148925781,11.329833984375,45.358428955078125,103.78720092773438,7.844499588012695,193.20687866210938,299.1489562988281,88.757080078125,1.929931402206421,62.05323028564453,0.6702166199684143,358.68115234375,9.841745376586914,75.9384994506836,52.304805755615234,230.48495483398438,1.7482757568359375
2019-12-30,2602.278564453125,17.884071350097656,38.517818450927734,0.5131044387817383,15.214191436767578,0.36399999260902405,,47.56806182861328,24.31891632080078,13.437126159667969,84.77635955810547,11.514810562133789,44.23424530029297,103.14256286621094,8.378960609436035,190.53506469726562,295.5228576660156,87.83677673339844,1.9024698734283447,61.60999298095703,0.6702166199684143,351.25421142578125,9.749643325805664,75.0413818359375,51.951202392578125,228.7312774658203,1.690000057220459
2019-12-31,2594.2890625,17.638813018798828,38.70989990234375,,15.214191436767578,,,47.90099334716797,24.32708168029785,13.45344352722168,84.01517486572266,11.514810562133789,44.23424530029297,101.30072784423828,8.36171817779541,,,88.17069244384766,1.9070467948913574,,,,,75.62284088134766,51.83335494995117,,
2020-01-01,,,,,15.214191436767578,,,,,,,11.514810562133789,44.23424530029297,,,,,,,,,,,,,,
2020-01-02,2576.31494140625,17.951316833496094,38.50946044921875,0.5175277590751648,15.214191436767578,0.36399999260902405,,47.90932083129883,23.98410415649414,13.45344352722168,84.811767578125,11.931008338928223,45.847206115722656,102.40582275390625,8.36171817779541,191.62049865722656,296.52008056640625,88.0403823852539,1.9100983142852783,62.30255889892578,0.6737815737724304,354.9286193847656,9.824201583862305,74.73406219482422,51.697357177734375,226.28863525390625,1.7482757568359375
2020-01-03,2589.296875,17.8326473236084,38.434303283691406,0.5263743996620178,15.214191436767578,0.36500000953674316,,48.22560501098633,24.163759231567383,13.502394676208496,84.9710922241211,11.931008338928223,46.92251205444336,102.86627960205078,8.36171817779541,191.87100219726562,292.3500671386719,88.86296081542969,1.9055213928222656,62.12248229980469,0.6702166199684143,354.8504333496094,9.683856964111328,75.24076080322266,51.624820709228516,222.9691619873047,1.7482757568359375
2020-01-06,2611.265380859375,17.8326473236084,38.13364028930664,0.5219510197639465,15.214191436767578,0.36000001430511475,,47.87602615356445,24.506736755371094,13.624773025512695,86.31646728515625,11.931008338928223,46.92251205444336,103.69510650634766,7.77553653717041,191.3700408935547,291.1716613769531,89.57965850830078,1.8775514364242554,61.73466491699219,0.6702166199684143,354.5377502441406,9.556668281555176,74.88355255126953,51.679222106933594,222.9691619873047,1.6608620882034302
2020-01-07,2668.183837890625,17.769351959228516,37.674293518066406,0.5307977199554443,15.214191436767578,0.36399999260902405,,47.47650909423828,24.376081466674805,13.428967475891113,86.28106689453125,12.902135848999023,47.90006637573242,103.23463439941406,7.844499588012695,189.7001190185547,291.8968200683594,87.91007232666016,1.9111154079437256,62.247154235839844,0.6844765543937683,350.00341796875,9.604911804199219,73.79540252685547,50.84510040283203,220.0880889892578,1.6608620882034302
2020-01-08,2658.19775390625,17.67045783996582,37.25672149658203,0.5307977199554443,15.119102478027344,0.3619999885559082,,46.93548583984375,24.13926124572754,13.16789436340332,86.77672576904297,12.855892181396484,47.802310943603516,101.853271484375,7.844499588012695,189.2826385498047,292.5314025878906,86.63141632080078,1.9833288192749023,60.751220703125,0.6844765543937683,353.2087097167969,9.547895431518555,74.25227355957031,50.627498626708984,223.78335571289062,1.6511495113372803
2020-01-09,2656.20166015625,17.555740356445312,36.87253952026367,0.5307977199554443,15.119102478027344,0.3630000054836273,,46.59422302246094,24.31075096130371,13.135260581970215,87.14849090576172,13.225847244262695,47.11802673339844,103.32673645019531,7.913461685180664,190.86903381347656,286.63909912109375,86.25678253173828,1.9121323823928833,60.307987213134766,0.6844765543937683,359.0720520019531,9.157560348510742,74.1027603149414,50.95389175415039,222.53070068359375,1.6511495113372803
2020-01-10,2617.2568359375,17.781221389770508,36.705509185791016,0.5352210402488708,16.830699920654297,0.3610000014305115,,46.327884674072266,24.253585815429688,13.102625846862793,86.72361755371094,12.948381423950195,47.70455551147461,105.81321716308594,7.844499588012695,190.61854553222656,291.8968200683594,85.91470336914062,1.8867048025131226,60.52960205078125,0.6702166199684143,357.66485595703125,9.179488182067871,76.35383605957031,50.99016189575195,221.0902099609375,1.6511495113372803
2020-01-13,2571.32275390625,17.599254608154297,37.098026275634766,0.5440676808357239,18.257030487060547,0.3580000102519989,,46.42776107788086,24.531238555908203,13.004722595214844,86.88294982910156,12.902135848999023,48.38883972167969,104.98441314697266,7.844499588012695,191.20306396484375,290.0838317871094,86.88389587402344,1.8455129861831665,60.889739990234375,0.6737815737724304,367.2026062011719,9.034757614135742,77.63304138183594,51.22589111328125,219.0859832763672,1.6511495113372803
2020-01-14,2557.34228515625,17.622987747192383,37.16484069824219,0.5529143214225769,17.82912826538086,0.3499999940395355,,46.27793884277344,24.694562911987305,12.947613716125488,87.62642669677734,12.624670028686523,47.90006637573242,105.44486236572266,7.844499588012695,190.4515838623047,288.6333923339844,86.81060028076172,1.8617862462997437,60.681968688964844,0.6844765543937683,366.1862487792969,9.091772079467773,76.37045288085938,51.071773529052734,218.5222930908203,1.6511495113372803
2020-01-15,2551.351318359375,17.611122131347656,37.0729866027832,0.5440676808357239,17.781587600708008,0.3499999940395355,,46.094825744628906,24.988544464111328,13.118943214416504,88.95410919189453,12.855892181396484,47.16690444946289,105.07648468017578,7.758296489715576,191.87100219726562,288.7240295410156,87.50285339355469,1.8536498546600342,60.65427017211914,0.6809115409851074,363.91912841796875,8.898797988891602,75.41520690917969,51.497901916503906,217.6454315185547,1.6608620882034302
2020-01-16,2657.19970703125,17.476625442504883,37.86637496948242,0.5440676808357239,17.876672744750977,0.35600000619888306,,46.87721633911133,25.021207809448242,13.396334648132324,89.7507095336914,12.902135848999023,48.04669952392578,105.26068115234375,7.672092437744141,184.3564453125,289.1772766113281,88.58605194091797,1.841444492340088,60.11406707763672,0.6809115409851074,359.85382080078125,9.01721477508545,74.77559661865234,51.633888244628906,217.6454315185547,1.6608620882034302
2020-01-17,2656.20166015625,17.8524227142334,37.79122543334961,0.5440676808357239,17.734041213989258,0.35600000619888306,,46.66081619262695,25.46218490600586,13.331067085266113,91.74221801757812,12.485939025878906,47.313533782958984,106.5499496459961,7.672092437744141,185.77586364746094,291.4435729980469,89.69368743896484,1.8434785604476929,60.626564025878906,0.6916065812110901,358.8375549316406,8.977741241455078,74.64269256591797,51.987483978271484,217.26966857910156,1.7385631799697876
2020-01-20,2624.246826171875,17.666500091552734,,0.5440676808357239,17.734041213989258,0.3580000102519989,,,,,90.9898910522461,12.485939025878906,47.020263671875,108.11553192138672,7.5858893394470215,186.19334411621094,294.8883361816406,,1.8409361839294434,60.50189971923828,0.7343863248825073,363.2154846191406,9.06107234954834,,,215.1401824951172,1.7385631799697876
2020-01-21,2660.195068359375,17.587385177612305,37.68265151977539,0.5440676808357239,17.306142807006836,0.36000001430511475,,46.95213317871094,25.666339874267578,13.257637977600098,88.38764190673828,12.208474159240723,46.33597946166992,107.01040649414062,7.568647861480713,186.0263671875,300.3274230957031,91.2166748046875,1.8211027383804321,60.39109802246094,0.7201263904571533,362.7464294433594,8.863710403442383,72.65740966796875,52.458953857421875,217.26966857910156,1.7385631799697876
2020-01-22,2666.1865234375,17.361909866333008,37.523963928222656,0.5440676808357239,16.165077209472656,0.35899999737739563,,46.5109977722168,25.347858428955078,13.102625846862793,88.95410919189453,12.670915603637695,46.23822784423828,107.6550521850586,7.568647861480713,185.3583984375,298.6957092285156,91.54244995117188,1.7809274196624756,60.26642990112305,0.7058664560317993,363.293701171875,8.134790420532227,72.77371978759766,52.32294845581055,219.21124267578125,1.757988452911377
2020-01-23,2655.202392578125,17.40146827697754,37.557376861572266,0.5484909415245056,16.545433044433594,0.35899999737739563,,46.27793884277344,25.274362564086914,13.21684741973877,88.45845794677734,12.393449783325195,46.23822784423828,107.83921813964844,7.568647861480713,182.6865692138672,318.54827880859375,90.97233581542969,1.7117652893066406,60.751220703125,0.7058664560317993,360.8701477050781,8.120755195617676,73.064453125,52.32294845581055,214.20071411132812,1.757988452911377
2020-01-24,2666.1865234375,17.757484436035156,36.99781036376953,0.5484909415245056,16.640522003173828,0.35899999737739563,,45.212547302246094,24.866052627563477,13.28211498260498,88.95410919189453,12.485939025878906,47.069149017333984,108.66806030273438,7.447964668273926,187.2787628173828,321.7210693359375,91.10265350341797,1.6517568826675415,61.45763397216797,0.7058664560317993,369.782470703125,7.615510940551758,71.37820434570312,53.69199752807617,212.1338653564453,1.757988452911377
2020-01-27,2629.23974609375,17.5003604888916,36.35472869873047,0.5484909415245056,15.97490119934082,0.35499998927116394,,43.148338317871094,23.779949188232422,13.037357330322266,87.09536743164062,12.208474159240723,47.020263671875,107.28667449951172,7.5169267654418945,187.02830505371094,316.9165954589844,90.44296264648438,1.5907315015792847,61.05595016479492,0.6880415081977844,365.40447998046875,7.259383678436279,69.899658203125,52.894134521484375,207.74961853027344,1.757988452911377
2020-01-28,2653.205322265625,17.769351959228516,36.680458068847656,0.5352210402488708,15.309280395507812,0.35499998927116394,,42.95691680908203,23.902441024780273,13.069992065429688,86.97145080566406,12.3009614944458,46.58037185668945,107.74713897705078,7.396241664886475,188.69815063476562,317.91375732421875,90.98863983154297,1.5739494562149048,61.20830154418945,0.6880415081977844,366.81170654296875,7.392712593078613,70.24852752685547,53.456260681152344,205.8706817626953,1.757988452911377
2020-01-29,2639.225341796875,17.820775985717773,36.480003356933594,0.5352210402488708,15.119102478027344,0.35499998927116394,,42.49080276489258,24.057598114013672,12.988407135009766,87.64413452148438,11.931008338928223,45.45618438720703,107.28667449951172,7.327279090881348,187.8632354736328,317.2791748046875,90.7605972290039,1.605987548828125,62.03938674926758,0.6880415081977844,359.61932373046875,7.708489894866943,70.11560821533203,52.313880920410156,207.74961853027344,1.757988452911377
2020-01-30,2620.252685546875,17.69024085998535,38.25056076049805,0.5352210402488708,14.596116065979004,0.3540000021457672,,43.672725677490234,23.86977767944336,13.045516014099121,87.20159149169922,11.931008338928223,46.04271697998047,106.64205169677734,7.3100385665893555,182.85357666015625,316.1007080078125,90.94791412353516,1.599885106086731,61.80391311645508,0.6916065812110901,357.2739562988281,7.603230953216553,70.39801025390625,54.26318359375,209.8164825439453,1.757988452911377
2020-01-31,2622.249267578125,17.56365203857422,37.381988525390625,0.5352210402488708,14.78629207611084,0.3540000021457672,,43.639434814453125,23.77178382873535,13.0128812789917,87.02455139160156,11.884763717651367,45.9449577331543,106.08948516845703,7.2410759925842285,183.85548400878906,319.0015869140625,89.79956817626953,1.5866631269454956,61.6376953125,0.6916065812110901,353.1305236816406,7.7190165519714355,68.63704681396484,54.190635681152344,210.06698608398438,1.757988452911377
2020-02-03,2623.248046875,17.314437866210938,37.549015045166016,0.5352210402488708,15.642091751098633,0.35499998927116394,,44.10554885864258,23.575794219970703,13.045516014099121,86.98914337158203,11.792275428771973,45.847206115722656,106.64205169677734,7.568647861480713,183.10400390625,316.1007080078125,89.98689270019531,1.5510646104812622,61.80391311645508,0.7129964232444763,354.6158752441406,7.720770835876465,69.1686782836914,54.272247314453125,210.63070678710938,1.757988452911377
2020-02-04,2640.22412109375,17.611122131347656,37.891441345214844,0.5307977199554443,16.545433044433594,0.35499998927116394,,44.09720993041992,24.131093978881836,13.110785484313965,87.43170928955078,11.884763717651367,46.140472412109375,107.47086334228516,7.568647861480713,181.60113525390625,325.5284423828125,90.63028717041016,1.6375176906585693,62.41336441040039,0.7058664560317993,350.7851867675781,7.920762538909912,69.68367004394531,54.14531707763672,213.38650512695312,1.6997126340866089
2020-02-05,2668.183837890625,17.603212356567383,38.47605514526367,0.5263743996620178,15.499457359313965,0.3499999940395355,,45.24584197998047,24.253585815429688,13.078150749206543,87.43170928955078,12.023496627807617,46.18935012817383,109.1285171508789,7.154873371124268,184.2729949951172,335.50006103515625,91.27368927001953,1.678709626197815,63.32754135131836,0.7058664560317993,355.55401611328125,8.061108589172363,69.86641693115234,54.61677169799805,217.83334350585938,1.6997126340866089
2020-02-06,2704.13232421875,17.721885681152344,38.40089797973633,0.5352210402488708,15.024014472961426,0.3529999852180481,,44.64656066894531,24.13926124572754,13.176053047180176,87.69725799560547,11.977252960205078,46.43373489379883,108.76014709472656,6.8962626457214355,186.0263671875,332.96185302734375,91.16781616210938,1.734649896621704,62.92585754394531,0.7058664560317993,357.82122802734375,8.185665130615234,66.26136016845703,55.269569396972656,225.16123962402344,1.757988452911377
2020-02-07,2689.15380859375,17.66254997253418,38.17539596557617,0.5352210402488708,15.071557998657227,0.3540000021457672,,45.01279067993164,23.98410415649414,13.086310386657715,86.35186767578125,11.607298851013184,46.43373489379883,108.0234146118164,7.154873371124268,182.6865692138672,331.78338623046875,90.842041015625,1.724479079246521,61.125205993652344,0.7201263904571533,351.0978698730469,7.9593586921691895,66.7431411743164,54.97943115234375,237.061279296875,1.7871264219284058
2020-02-10,2704.13232421875,17.721885681152344,38.150333404541016,0.5396443605422974,15.404369354248047,0.35499998927116394,,45.50387191772461,23.98410415649414,13.053675651550293,86.21025848388672,11.746030807495117,47.411285400390625,107.19459533691406,7.06866979598999,183.93898010253906,331.6927185058594,91.0782241821289,1.7056628465652466,60.1556282043457,0.7129964232444763,352.9741516113281,7.8593621253967285,67.76485443115234,54.99757385253906,241.7586669921875,1.7385631799697876
2020-02-11,2695.145263671875,17.64276695251465,38.517818450927734,0.5396443605422974,15.547001838684082,0.3540000021457672,,45.77853775024414,24.09026527404785,13.069992065429688,86.52888488769531,11.699786186218262,48.486595153808594,107.56294250488281,7.154873371124268,184.60691833496094,342.29888916015625,90.1171875,1.7753336429595947,60.543453216552734,0.7129964232444763,351.3323974609375,7.919008255004883,67.27477264404297,55.17889404296875,243.01132202148438,1.7094252109527588
2020-02-12,2662.192626953125,17.8326473236084,38.39155578613281,0.5396443605422974,16.49789047241211,0.35100001096725464,,45.7951774597168,24.04126739501953,12.988407135009766,91.03413391113281,12.023496627807617,47.21577835083008,106.82622528076172,7.154873371124268,184.52345275878906,340.3045654296875,88.99327087402344,1.788555383682251,60.79277801513672,0.7129964232444763,351.801513671875,8.001461029052734,66.75144958496094,54.9703483581543,239.3160400390625,1.7677011489868164
2020-02-13,2629.23974609375,18.04625701904297,38.1053581237793,0.5396443605422974,17.16350746154785,0.35100001096725464,,46.84514236450195,24.122928619384766,12.686540603637695,90.9898910522461,11.746030807495117,46.62924575805664,106.36575317382812,6.8962626457214355,183.02056884765625,342.6615295410156,87.33995819091797,1.7254959344863892,60.26642990112305,0.7129964232444763,351.95782470703125,7.931289196014404,67.43258666992188,54.87970733642578,238.0007781982422,1.7288504838943481
2020-02-14,2665.188232421875,18.338987350463867,37.68449401855469,0.5396443605422974,17.068422317504883,0.35100001096725464,,45.54319381713867,24.26175308227539,12.7681245803833,91.91924285888672,11.977252960205078,47.90006637573242,107.93132781982422,7.154873371124268,187.36228942871094,342.84283447265625,89.16431427001953,1.7026114463806152,61.291419982910156,0.7129964232444763,359.1502380371094,7.803223609924316,66.87606048583984,54.743709564208984,237.1239471435547,1.7288504838943481
2020-02-17,2669.18212890625,18.67522621154785,,0.5440676808357239,16.9257869720459,0.3479999899864197,,,,,91.52095794677734,12.023496627807617,47.020263671875,107.74713897705078,7.2410759925842285,186.77780151367188,344.9278564453125,,1.6624362468719482,60.52960205078125,0.7058664560317993,366.3426513671875,7.824275493621826,,,236.74815368652344,1.7094252109527588
2020-02-18,2607.270751953125,18.70291519165039,37.41514205932617,0.5440676808357239,16.49789047241211,0.3490000069141388,,45.022403717041016,24.033100128173828,12.629430770874023,91.78648376464844,11.977252960205078,48.04669952392578,112.62800598144531,7.154873371124268,188.3642120361328,346.9220886230469,89.56338500976562,1.6451456546783447,60.668113708496094,0.7058664560317993,369.0788879394531,7.682175636291504,66.57701873779297,54.90690231323242,235.0570831298828,1.7094252109527588
2020-02-19,2640.22412109375,18.79389762878418,37.0111083984375,0.5440676808357239,16.878244400024414,0.3479999899864197,,45.15679931640625,24.13926124572754,12.53152847290039,92.89287567138672,11.699786186218262,47.411285400390625,115.66700744628906,7.06866979598999,190.36805725097656,346.2875671386719,90.56512451171875,1.638026237487793,61.416072845458984,0.7058664560317993,378.14752197265625,7.729541301727295,64.64989471435547,54.35383605957031,239.50392150878906,1.7094252109527588
2020-02-20,2630.238525390625,18.639623641967773,37.229957580566406,0.5440676808357239,16.640522003173828,0.3490000069141388,,45.34160614013672,24.253585815429688,12.572321891784668,92.05199432373047,11.931008338928223,47.11802673339844,114.65399932861328,7.06866979598999,189.1991729736328,340.8485412597656,90.85832214355469,1.6563336849212646,60.34954833984375,0.7058664560317993,374.9422302246094,7.682175636291504,65.45564270019531,54.47443771362305,240.81922912597656,1.7094252109527588
2020-02-21,2579.31103515625,18.4853515625,36.95218276977539,0.5307977199554443,16.49789047241211,0.3490000069141388,,44.71162033081055,23.967769622802734,12.474418640136719,91.91924285888672,11.653542518615723,47.411285400390625,114.65399932861328,7.06866979598999,189.7904052734375,339.9419860839844,90.47553253173828,1.6680305004119873,59.94786071777344,0.7058664560317993,380.8055419921875,7.5225324630737305,64.64989471435547,54.53837966918945,239.87973022460938,1.7094252109527588
2020-02-24,2539.367919921875,18.11745834350586,36.04311752319336,0.5307977199554443,15.404369354248047,0.3490000069141388,,44.53522491455078,22.906164169311523,11.870685577392578,88.82131958007812,11.422322273254395,45.40730667114258,112.99635314941406,7.103150844573975,183.79345703125,328.88250732421875,87.6087417602539,1.579034686088562,58.63199996948242,0.7058664560317993,361.7301025390625,7.136580467224121,62.789222717285156,52.784393310546875,233.92974853515625,1.7094252109527588
2020-02-25,2426.530029296875,18.129329681396484,34.03136444091797,0.5263743996620178,15.356823921203613,0.3400000035762787,,42.85527801513672,22.28553581237793,11.935954093933105,87.09536743164062,11.514810562133789,45.40730667114258,112.53589630126953,6.8962626457214355,184.13133239746094,325.0751953125,86.68028259277344,1.7107481956481934,58.59044647216797,0.6916065812110901,360.9483947753906,6.95062255859375,59.56629180908203,51.870853424072266,238.1260528564453,1.6608620882034302
2020-02-26,2412.549560546875,17.91571807861328,33.559993743896484,0.5219510197639465,15.642091751098633,0.3400000035762787,,42.44369125366211,22.203874588012695,11.935954093933105,86.44038391113281,11.19110107421875,44.869651794433594,113.45680236816406,6.8962626457214355,181.343994140625,326.1629638671875,86.444091796875,1.7061710357666016,58.39653396606445,0.6987364888191223,350.70703125,7.0243048667907715,59.05127716064453,51.25878143310547,231.29917907714844,1.6608620882034302
2020-02-27,2330.666748046875,17.389596939086914,31.66608238220215,0.5175277590751648,15.024014472961426,0.33899998664855957,,40.192588806152344,21.583242416381836,11.511709213256836,82.5812759399414,11.098612785339355,42.034751892089844,109.5889663696289,6.534209251403809,171.715087890625,320.9653625488281,84.14739227294922,1.6100560426712036,56.90060806274414,0.6630867123603821,336.63494873046875,6.627828121185303,57.814598083496094,50.016357421875,217.95858764648438,1.6608620882034302
2020-02-28,2251.77978515625,16.75667381286621,31.69133949279785,0.5131044387817383,13.502594947814941,0.32899999618530273,,39.436607360839844,21.599576950073242,11.438283920288086,79.8551254272461,11.0523681640625,42.034751892089844,105.53694152832031,6.24111795425415,167.19630432128906,315.6297302246094,83.81346893310547,1.5414025783538818,54.864479064941406,0.6773465871810913,328.817138671875,6.482219219207764,56.67820739746094,49.26726150512695,213.57435607910156,1.6025861501693726
2020-03-02,2258.76904296875,17.160165786743164,32.69300079345703,0.5219510197639465,13.312417030334473,0.3310000002384186,,41.183746337890625,21.673070907592773,11.560662269592285,80.59861755371094,11.098612785339355,41.05719757080078,106.27367401123047,6.292840480804443,164.40899658203125,326.7609558105469,86.11018371582031,1.4991930723190308,55.681697845458984,0.6630867123603821,325.9245300292969,6.2804718017578125,58.942657470703125,51.00298309326172,214.57650756835938,1.7191379070281982
2020-03-03,2275.745361328125,17.26300811767578,32.03644943237305,0.5219510197639465,13.692770957946777,0.33000001311302185,,40.788963317871094,22.293697357177734,11.34037971496582,81.02348327636719,11.653542518615723,42.96342468261719,109.86524963378906,6.913504123687744,166.18272399902344,333.75244140625,87.83677673339844,1.5144493579864502,57.69011306762695,0.6773465871810913,336.2440490722656,6.275208950042725,57.23805618286133,51.10346221923828,222.1549530029297,1.7191379070281982
2020-03-04,2264.760498046875,18.09768295288086,33.13912582397461,0.5219510197639465,13.597684860229492,0.32899999618530273,,41.75492477416992,22.734678268432617,11.48723316192627,82.12100982666016,11.561054229736328,41.49709701538086,110.50987243652344,6.706615924835205,167.36520385742188,331.3606262207031,91.2411117553711,1.5027529001235962,59.199893951416016,0.6702166199684143,341.9510192871094,6.187493324279785,58.81732177734375,53.3325080871582,225.78761291503906,1.7191379070281982
2020-03-05,2214.832275390625,18.157020568847656,32.26371765136719,0.5219510197639465,13.882950782775879,0.3319999873638153,,40.671363830566406,22.40802764892578,11.34037971496582,82.05020141601562,11.931008338928223,41.49709701538086,111.06243896484375,6.723856449127197,163.85995483398438,331.6366271972656,89.84843444824219,1.4051121473312378,59.50462341308594,0.6773465871810913,341.79473876953125,5.876978397369385,55.99302673339844,52.793514251708984,222.656005859375,1.7191379070281982
2020-03-06,2148.926513671875,17.907808303833008,31.682918548583984,0.5131044387817383,13.692770957946777,0.32199999690055847,,39.35260772705078,22.13854217529297,11.185367584228516,79.39485931396484,11.977252960205078,40.12852096557617,106.64205169677734,6.223877429962158,158.49652099609375,322.0693054199219,87.86935424804688,1.34256112575531,56.95600509643555,0.6345668435096741,328.9734802246094,5.5682172775268555,54.02103042602539,52.24539566040039,213.8249053955078,1.7191379070281982
2020-03-09,2054.062744140625,16.954463958740234,29.713260650634766,0.50425785779953,12.741884231567383,0.3149999976158142,,36.60591125488281,20.170490264892578,10.671378135681152,74.6860580444336,11.19110107421875,37.44025421142578,100.19563293457031,5.2584004402160645,159.63674926757812,290.42352294921875,84.25326538085938,1.2093220949172974,55.44622039794922,0.6630867123603821,327.8008117675781,5.034903526306152,50.8708381652832,49.2855224609375,211.9459686279297,1.554023027420044
2020-03-10,2040.082275390625,15.94969367980957,31.245222091674805,0.495411217212677,12.456619262695312,0.32199999690055847,,36.40431594848633,20.415477752685547,10.842708587646484,71.97758483886719,11.098612785339355,37.14698791503906,97.89334869384766,5.292881488800049,162.46630859375,282.696044921875,86.42781066894531,1.1859288215637207,56.08338165283203,0.6595216393470764,336.4004211425781,5.1138482093811035,52.44174575805664,50.263023376464844,211.75807189941406,1.6511495113372803
2020-03-11,2002.1363525390625,16.100017547607422,29.519662857055664,,11.553276062011719,,,33.51482009887695,19.010892868041992,10.589794158935547,71.46422576904297,11.098612785339355,36.022804260253906,97.4328842163086,5.4135661125183105,151.82388305664062,276.9004821777344,82.60810852050781,1.0811684131622314,57.03910827636719,,323.3446960449219,5.833120346069336,48.92390441894531,47.9334831237793,204.74330139160156,
2020-03-12,1849.8543701171875,14.821503639221191,26.548337936401367,0.433484822511673,9.318692207336426,0.2939999997615814,,30.364927291870117,17.271493911743164,9.545499801635742,64.84357452392578,10.173728942871094,30.890655517578125,88.45397186279297,5.172196865081787,143.4619598388672,263.3774108886719,75.84829711914062,0.8539501428604126,52.67598342895508,0.5632672309875488,287.92999267578125,4.613866329193115,43.28366470336914,44.45288848876953,189.77430725097656,1.408333420753479
2020-03-13,1831.8800048828125,14.842076301574707,29.157716751098633,0.42640748620033264,9.984313011169434,0.28700000047683716,,32.389259338378906,18.618915557861328,10.149232864379883,67.42810821533203,10.173728942871094,36.804847717285156,92.27574920654297,5.20667839050293,149.50112915039062,254.17808532714844,79.34222412109375,0.9015500545501709,55.69554138183594,0.5632672309875488,318.88848876953125,4.6331634521484375,43.87692642211914,45.64963150024414,195.5990447998047,1.5928735733032227
2020-03-16,1737.015869140625,15.006635665893555,27.50791358947754,0.4423314034938812,10.03185749053955,0.2709999978542328,,28.25660514831543,17.100004196166992,9.62708568572998,66.40135955810547,9.711286544799805,32.25922775268555,87.1186294555664,4.861865520477295,145.995849609375,251.87818908691406,75.2700424194336,0.9399962425231934,56.40195846557617,0.5418772101402283,312.1651611328125,4.584042549133301,37.6434211730957,41.20069122314453,182.50900268554688,1.4568965435028076
2020-03-17,1811.4091796875,16.131662368774414,29.67958641052246,0.44675472378730774,9.984313011169434,0.2720000147819519,,29.642553329467773,17.5460205078125,10.402148246765137,65.95880889892578,10.173728942871094,32.89463806152344,91.49298858642578,4.689458847045898,148.656494140625,264.0213928222656,79.69242858886719,1.016684889793396,60.446502685546875,0.5347473621368408,298.95306396484375,4.917364120483398,39.99142837524414,46.02418518066406,188.6469268798828,1.5831608772277832
2020-03-18,1647.6434326171875,16.456031799316406,27.794103622436523,0.42817679047584534,10.317124366760254,0.26499998569488525,,25.409101486206055,15.99759292602539,10.597952842712402,64.27708435058594,9.803773880004883,32.25922775268555,90.15766143798828,5.085994243621826,156.51161193847656,276.9004821777344,78.49520111083984,1.002852439880371,60.488040924072266,0.5133574604988098,303.1746826171875,5.4559407234191895,36.91645812988281,44.65386962890625,173.99107360839844,1.5151723623275757
2020-03-19,1667.614990234375,15.563613891601562,28.164466857910156,0.4423314034938812,10.03185749053955,0.27000001072883606,,27.500629425048828,16.207975387573242,10.508209228515625,66.24205017089844,9.711286544799805,33.236778259277344,98.63006591796875,4.8273844718933105,165.00025939941406,281.86810302734375,80.97923278808594,0.980476438999176,60.335689544677734,0.5418772101402283,323.5010070800781,4.927889823913574,45.297447204589844,46.279972076416016,191.46539306640625,1.6025861501693726
2020-03-20,1755.9884033203125,15.645889282226562,25.76552391052246,0.4299461245536804,10.079402923583984,0.27300000190734863,,26.694259643554688,16.23322296142578,9.904476165771484,66.40135955810547,10.081238746643066,33.43229293823242,95.31477355957031,4.91358757019043,148.2341766357422,270.7369079589844,78.3974838256836,1.0486215353012085,59.28300476074219,0.5347473621368408,316.6994934082031,4.840173721313477,44.80443572998047,43.09171676635742,198.35487365722656,1.5831608772277832
2020-03-23,1625.1756591796875,15.831024169921875,24.6712646484375,0.42463815212249756,9.8892240524292,0.2680000066757202,,27.500629425048828,16.830713272094727,9.65156078338623,62.77238464355469,9.850017547607422,33.578922271728516,92.82833099365234,4.706699371337891,147.89627075195312,271.3808898925781,75.70169830322266,1.0097687244415283,56.692840576171875,0.5133574604988098,304.8164367675781,4.578780174255371,48.130104064941406,40.762184143066406,192.96852111816406,1.5734483003616333
2020-03-24,1605.2042236328125,16.068368911743164,27.204891204833984,0.4228687882423401,10.174489974975586,0.27300000190734863,,29.398956298828125,16.73814582824707,9.545499801635742,63.2326545715332,10.77490234375,33.236778259277344,89.00650024414062,4.91358757019043,150.76809692382812,263.1014709472656,77.37944030761719,1.2037279605865479,57.884033203125,0.5204874277114868,305.6764221191406,5.124373912811279,50.12717056274414,43.393184661865234,200.60960388183594,1.5734483003616333
2020-03-25,1849.35498046875,15.965516090393066,27.524751663208008,0.42817679047584534,10.507301330566406,0.27000001072883606,,30.768110275268555,17.62175750732422,9.798415184020996,64.61343383789062,10.543681144714355,34.31208419799805,89.46696472167969,5.292881488800049,146.164794921875,266.32122802734375,80.00190734863281,1.1818604469299316,59.07523727416992,0.5311823487281799,283.7865295410156,5.033149242401123,52.801055908203125,43.49367904663086,198.981201171875,1.5831608772277832
2020-03-26,1908.2706298828125,15.973430633544922,29.00620460510254,0.433484822511673,10.935200691223145,0.27000001072883606,,31.616483688354492,18.488534927368164,10.393988609313965,65.4454345703125,10.728658676147461,34.507598876953125,91.81529998779297,5.517010688781738,141.05471801757812,266.0452575683594,83.47953796386719,1.186945915222168,62.15019989013672,0.5383123159408569,277.92315673828125,5.069990158081055,51.163299560546875,45.530879974365234,203.36544799804688,1.5928735733032227
2020-03-27,1802.9215087890625,16.83578872680664,28.19814109802246,0.4228687882423401,10.84011173248291,0.2759999930858612,,30.398529052734375,17.899463653564453,9.986062049865723,63.85224914550781,11.006122589111328,33.2856559753418,90.24974060058594,5.499769687652588,132.5661163330078,280.2122497558594,83.4306869506836,1.0974419116973877,59.352256774902344,0.5276173949241638,259.5513000488281,4.745440483093262,48.95733642578125,44.99188232421875,195.53643798828125,1.5928735733032227
2020-03-30,1740.51025390625,16.99797821044922,30.15938377380371,0.433484822511673,10.935200691223145,0.26899999380111694,,33.25442123413086,18.900890350341797,10.230817794799805,64.6311264038086,10.821146011352539,33.1390266418457,94.85431671142578,5.172196865081787,131.55250549316406,281.5001220703125,85.14099884033203,1.0750658512115479,63.77077102661133,0.5347473621368408,261.1148986816406,4.74894905090332,49.42527770996094,46.20689010620117,203.177490234375,1.5928735733032227
2020-03-31,1811.4091796875,16.839746475219727,29.61224937438965,0.433484822511673,10.935200691223145,0.2750000059604645,,34.4639778137207,18.951383590698242,10.393988609313965,67.410400390625,10.543681144714355,32.25922775268555,96.41986846923828,5.172196865081787,134.00196838378906,284.53594970703125,83.87862396240234,1.1147323846817017,61.651546478271484,0.5775271058082581,271.5907897949219,4.655970096588135,48.35570526123047,46.19775390625,206.24644470214844,1.5151723623275757
2020-04-01,1750.99560546875,17.104780197143555,28.509578704833984,0.44056209921836853,11.030288696289062,0.27000001072883606,,32.22965621948242,18.505369186401367,9.91263484954834,64.98517608642578,10.867391586303711,35.1918830871582,94.0254898071289,5.172196865081787,143.92652893066406,285.27191162109375,83.20265197753906,1.067946195602417,64.35252380371094,0.5632672309875488,298.95306396484375,4.562991142272949,46.24167251586914,44.92793273925781,210.81857299804688,1.5928735733032227
2020-04-02,1723.5350341796875,17.09687042236328,28.89677619934082,0.44056209921836853,11.030288696289062,0.2680000066757202,,32.826045989990234,18.429630279541016,9.920792579650879,64.27708435058594,10.636170387268066,35.1918830871582,88.17767333984375,5.154956817626953,138.09849548339844,289.7795715332031,85.14099884033203,1.087270975112915,61.94242477416992,0.54900723695755,288.3208312988281,4.829648017883301,45.247310638427734,46.38046646118164,213.88751220703125,1.5928735733032227
2020-04-03,1736.516357421875,17.753528594970703,29.166135787963867,0.44056209921836853,11.030288696289062,0.2720000147819519,,31.221694946289062,18.968212127685547,9.790255546569824,62.648468017578125,10.451193809509277,35.09413528442383,85.18470001220703,5.2584004402160645,135.60679626464844,287.57171630859375,85.32018280029297,1.0262454748153687,63.50760269165039,0.5668321847915649,285.8973388671875,4.557728290557861,44.971561431884766,45.49433517456055,213.6370086669922,1.5928735733032227
2020-04-06,1847.857177734375,17.7060604095459,30.117294311523438,0.44675472378730774,11.030288696289062,0.2680000066757202,,32.14566421508789,19.700347900390625,10.271610260009766,64.34790802001953,10.543681144714355,38.417808532714844,85.50701904296875,5.137716293334961,139.40768432617188,282.42010498046875,86.82687377929688,1.1747409105300903,64.33868408203125,0.5739620923995972,295.9822998046875,4.613866329193115,47.16917037963867,46.82810592651367,223.1570587158203,1.6025861501693726
2020-04-07,1931.2379150390625,17.872203826904297,30.28564453125,0.4600246548652649,11.268011093139648,0.2800000011920929,,31.935672760009766,19.34690284729004,10.083964347839355,65.14449310302734,10.219971656799316,38.61331558227539,88.3157958984375,5.517010688781738,148.31861877441406,296.58709716796875,85.67852020263672,1.256108283996582,63.202880859375,0.5739620923995972,307.0054626464844,4.910346984863281,47.93791198730469,46.142940521240234,223.84600830078125,1.7094252109527588
2020-04-08,1928.741455078125,17.872203826904297,30.706514358520508,0.46887126564979553,11.220466613769531,0.2800000011920929,,33.1284294128418,19.473134994506836,9.9534273147583,64.54261016845703,9.896263122558594,38.80883026123047,87.34884643554688,5.517010688781738,145.27793884277344,285.1799011230469,87.18523406982422,1.2194929122924805,62.03938674926758,0.60248202085495,297.7804260253906,4.87701416015625,48.80693054199219,46.82810592651367,219.02334594726562,1.7094252109527588
2020-04-09,1942.2220458984375,17.737707138061523,31.63241195678711,0.46887126564979553,11.077832221984863,0.2800000011920929,,34.29599380493164,19.843408584594727,10.328721046447754,66.47216796875,9.896263122558594,39.835262298583984,90.24974060058594,5.517010688781738,,,86.54996490478516,1.238817572593689,,0.5989170074462891,,5.094550609588623,50.92097854614258,47.25746536254883,,1.7191379070281982
2020-04-10,,,,,11.077832221984863,,,,,,,9.896263122558594,39.835262298583984,,,,,,,,,,,,,,
2020-04-13,,,30.361398696899414,,11.077832221984863,,,32.71685028076172,19.65827178955078,10.279769897460938,,9.896263122558594,39.835262298583984,,,,,86.13461303710938,,,,,,51.95709991455078,47.18437957763672,,
2020-04-14,1989.1551513671875,17.923484802246094,31.346229553222656,0.5307977199554443,11.410643577575684,0.3019999861717224,,33.14523696899414,19.540456771850586,10.948770523071289,66.27745056152344,11.006122589111328,41.54597091674805,92.82833099365234,5.448047637939453,152.49957275390625,297.4150085449219,87.64131927490234,1.2611936330795288,63.90929412841797,0.6167418956756592,317.7940368652344,5.166477203369141,51.31371307373047,48.682579040527344,226.03810119628906,1.6997126340866089
2020-04-15,1881.3092041015625,17.883100509643555,29.87319564819336,0.5219510197639465,11.600820541381836,0.2980000078678131,,31.01169776916504,19.826580047607422,10.989562034606934,67.02094268798828,11.283588409423828,40.17740249633789,92.4599380493164,5.430807113647461,153.30198669433594,286.4678039550781,87.34811401367188,1.165587067604065,66.36094665527344,0.6060469746589661,314.5105285644531,4.696319580078125,50.260868072509766,47.51325225830078,221.15283203125,1.6997126340866089
2020-04-16,1933.7342529296875,17.834636688232422,30.016281127929688,0.5175277590751648,11.458187103271484,0.29600000381469727,,32.01127243041992,19.91914939880371,10.8916597366333,67.90606689453125,11.329833984375,42.1813850402832,95.65554809570312,5.448047637939453,151.52822875976562,290.88348388671875,88.34173583984375,1.204236626625061,66.333251953125,0.6131769418716431,313.8851013183594,4.79456090927124,50.8708381652832,47.759910583496094,222.3428497314453,1.6997126340866089
2020-04-17,1981.1663818359375,18.020408630371094,31.304134368896484,0.5263743996620178,11.790997505187988,0.3140000104904175,,33.674415588378906,20.617624282836914,11.283270835876465,69.42847442626953,11.561054229736328,42.474647521972656,97.6927490234375,5.085994243621826,156.08929443359375,300.4508361816406,89.55522918701172,1.1971169710159302,67.500732421875,0.6274368762969971,324.28277587890625,5.157706260681152,52.0908088684082,48.31716537475586,222.3428497314453,1.7385631799697876
2020-04-20,1983.1636962890625,18.26272964477539,30.58867073059082,0.5307977199554443,12.21889877319336,0.31200000643730164,,32.65803909301758,20.356746673583984,11.22616195678711,69.81790161132812,11.746030807495117,42.1813850402832,98.06315612792969,4.91358757019043,145.7002410888672,310.11016845703125,90.24749755859375,1.1706725358963013,67.51495361328125,0.609611988067627,313.5723876953125,5.126128196716309,53.36090087890625,48.95664978027344,221.7165069580078,1.7288504838943481
2020-04-21,1862.835693359375,18.254655838012695,29.46074676513672,0.5175277590751648,11.505733489990234,0.31200000643730164,,30.348127365112305,19.851825714111328,11.103781700134277,68.4725341796875,11.098612785339355,40.2751579284668,97.13716125488281,4.982550621032715,144.4755096435547,296.03509521484375,87.92636108398438,1.1472792625427246,68.4688949584961,0.6131769418716431,315.99591064453125,4.945433139801025,51.73148727416992,48.19841766357422,220.33860778808594,1.7288504838943481
2020-04-22,1917.2579345703125,18.545434951782227,29.797433853149414,0.5263743996620178,11.315553665161133,0.3100000023841858,,31.750883102416992,19.700347900390625,10.948770523071289,66.3836669921875,11.098612785339355,41.3078498840332,96.58154296875,4.999791145324707,142.74400329589844,297.4150085449219,88.9281234741211,1.1747409105300903,68.9529800415039,0.6238718628883362,318.1849060058594,4.945433139801025,50.06867218017578,48.36285400390625,219.46177673339844,1.7482757568359375
2020-04-23,1876.3165283203125,18.61005401611328,30.083627700805664,0.5263743996620178,11.077832221984863,0.3140000104904175,,32.8680419921875,19.74242401123047,10.769281387329102,67.55201721191406,11.098612785339355,40.619388580322266,95.933349609375,5.344269752502441,147.5584259033203,301.8307800292969,86.330078125,1.1747409105300903,68.38346862792969,0.6274368762969971,319.6702575683594,5.150688648223877,50.887550354003906,47.074764251708984,211.44488525390625,1.7482757568359375
2020-04-24,1885.802978515625,18.5373592376709,30.294063568115234,0.5307977199554443,11.077832221984863,0.3160000145435333,,33.271217346191406,19.750839233398438,11.046672821044922,66.63150787353516,11.006122589111328,39.83256912231445,96.11856842041016,5.217456340789795,143.96871948242188,292.63134765625,88.95254516601562,1.1106640100479126,66.1054458618164,0.6310018301010132,313.4942321777344,4.926136016845703,49.2832145690918,47.12043380737305,214.76437377929688,1.7482757568359375
2020-04-27,1855.3465576171875,18.5373592376709,30.75701141357422,0.5307977199554443,11.268011093139648,0.31200000643730164,,33.33842086791992,19.961223602294922,11.275111198425293,68.67781829833984,11.006122589111328,40.3243293762207,95.0999526977539,5.217456340789795,145.27793884277344,291.61944580078125,89.43549346923828,1.1249034404754639,66.94546508789062,0.6310018301010132,317.4031066894531,5.259457111358643,49.868133544921875,47.05649185180664,213.76226806640625,1.757988452911377
2020-04-28,1854.8470458984375,18.61812973022461,31.287303924560547,0.5307977199554443,11.410643577575684,0.3140000104904175,,33.951602935791016,20.180023193359375,10.899818420410156,69.82665252685547,11.0523681640625,39.9801025390625,95.84075164794922,5.253689289093018,150.09234619140625,293.183349609375,88.95088195800781,1.119817852973938,68.08447265625,0.6274368762969971,322.09381103515625,5.373488426208496,52.47517013549805,46.563175201416016,216.58067321777344,1.757988452911377
2020-04-29,1950.7099609375,18.505048751831055,32.33106231689453,0.5263743996620178,11.790997505187988,0.3179999887943268,,34.984764099121094,20.651283264160156,11.054831504821777,69.97024536132812,11.19110107421875,41.602909088134766,94.72956085205078,5.398618221282959,150.34576416015625,300.0828552246094,88.15713500976562,1.1615186929702759,67.13056182861328,0.6452617645263672,312.71240234375,5.440151214599609,52.892967224121094,47.16610336303711,219.64968872070312,1.757988452911377
2020-04-30,1889.797119140625,17.899250030517578,31.262056350708008,0.5219510197639465,12.171353340148926,0.3179999887943268,,33.321632385253906,21.105714797973633,11.250636100769043,69.66510009765625,11.006122589111328,39.43916320800781,96.95195007324219,5.579779624938965,148.2341766357422,306.890380859375,87.81455993652344,1.123886227607727,66.02001190185547,0.6595216393470764,312.71240234375,5.3945393562316895,51.9654655456543,47.38535690307617,218.77279663085938,1.7482757568359375
2020-05-01,1828.384765625,,29.561742782592773,,12.171353340148926,,,31.826475143432617,20.676530838012695,11.0140380859375,,11.006122589111328,39.43916320800781,94.4517593383789,5.579779624938965,,314.8938293457031,87.21296691894531,,,,,,50.14387512207031,47.04735565185547,,
2020-05-04,1758.4849853515625,18.141569137573242,29.258716583251953,0.5131044387817383,11.743453979492188,0.3100000023841858,,31.658470153808594,20.264177322387695,10.924294471740723,66.0750503540039,10.173728942871094,38.3572883605957,93.24796295166016,5.416734218597412,147.5584259033203,311.3060302734375,86.85369110107422,1.0750658512115479,65.97731018066406,0.6702166199684143,317.4812927246094,5.0191144943237305,46.224952697753906,46.55404281616211,211.06910705566406,1.7482757568359375
2020-05-05,1749.4979248046875,18.068878173828125,29.42707061767578,0.50425785779953,11.69590950012207,0.3179999887943268,,31.868467330932617,20.095869064331055,10.777440071105957,66.2545394897461,10.173728942871094,38.84904861450195,92.69236755371094,5.7065935134887695,145.9114227294922,312.2259826660156,86.87039947509766,1.0984591245651245,61.9622917175293,0.6737815737724304,315.52685546875,5.05771017074585,47.62038040161133,46.23430252075195,213.8249053955078,1.7482757568359375
2020-05-06,1693.5777587890625,17.955793380737305,28.955705642700195,0.5020461678504944,11.505733489990234,0.3199999928474426,,28.72698402404785,20.39040756225586,10.801916122436523,66.00323486328125,10.404949188232422,37.22624206542969,92.04417419433594,5.525431156158447,147.64288330078125,312.96197509765625,87.93988037109375,1.0750658512115479,60.56699752807617,0.6773465871810913,319.5920715332031,5.04016637802124,45.773719787597656,45.47605514526367,216.51809692382812,1.7385631799697876
2020-05-07,1763.477783203125,18.52120590209961,29.258716583251953,0.5020461678504944,11.172922134399414,0.328000009059906,,30.54972267150879,20.188440322875977,11.071147918701172,66.43404388427734,10.266216278076172,37.57047653198242,92.59976196289062,5.434850215911865,147.76959228515625,321.4253234863281,88.82554626464844,1.1188008785247803,60.04019546508789,0.6773465871810913,320.7647705078125,5.036657810211182,47.84599304199219,46.179481506347656,217.3948974609375,1.7385631799697876
2020-05-08,,18.28696060180664,30.630746841430664,0.49983444809913635,11.172922134399414,0.328000009059906,,30.684118270874023,20.457731246948242,11.324064254760742,67.31360626220703,10.404949188232422,37.668827056884766,,,152.03501892089844,,90.23760223388672,1.1798263788223267,60.41038131713867,0.6809115409851074,332.5697021484375,4.964730739593506,50.461395263671875,47.39448928833008,220.6679229736328,1.7191379070281982
2020-05-11,1722.5362548828125,18.779674530029297,29.82268714904785,0.5086811184883118,11.410643577575684,0.32600000500679016,,29.121768951416016,20.48297882080078,11.31590461730957,67.83417510986328,10.404949188232422,37.668827056884766,95.65554809570312,5.416734218597412,152.24618530273438,323.08123779296875,90.8642578125,1.0699803829193115,59.99748611450195,0.6809115409851074,330.6152038574219,4.692810535430908,50.770572662353516,47.686832427978516,216.74032592773438,1.6997126340866089
2020-05-12,1786.9442138671875,19.207773208618164,29.24188804626465,0.50425785779953,12.171353340148926,0.33000001311302185,,29.088180541992188,20.49980926513672,10.997719764709473,67.87005615234375,10.589924812316895,39.389984130859375,96.67414093017578,5.253689289093018,153.55538940429688,322.80523681640625,90.57181549072266,1.0104806423187256,61.91957092285156,0.6880415081977844,328.9734802246094,4.66825008392334,50.20236587524414,47.39448928833008,218.5077362060547,1.7191379070281982
2020-05-13,1737.015869140625,18.658519744873047,28.484323501586914,0.50425785779953,12.741884231567383,0.33000001311302185,,28.852975845336914,19.86024284362793,10.8916597366333,66.91869354248047,10.451193809509277,38.70152282714844,95.84075164794922,5.1812238693237305,154.90682983398438,321.9772644042969,89.9451675415039,0.9296218156814575,62.133140563964844,0.69572913646698,334.83685302734375,4.6033406257629395,48.56460189819336,47.30314636230469,209.4741668701172,1.7191379070281982
2020-05-14,1662.1226806640625,18.109262466430664,28.753684997558594,0.49983444809913635,13.027151107788086,0.328000009059906,,29.205768585205078,19.826580047607422,10.646903991699219,64.29795837402344,10.543681144714355,38.0130615234375,94.26655578613281,5.126875400543213,151.10594177246094,320.137451171875,88.95088195800781,0.894023597240448,61.05107498168945,0.6918853521347046,328.73895263671875,4.487555027008057,49.43362045288086,46.98523712158203,202.79718017578125,1.7191379070281982
2020-05-15,1621.6805419921875,18.109262466430664,28.72001075744629,0.5086811184883118,13.264873504638672,0.3240000009536743,,29.256906509399414,19.616195678710938,10.68769645690918,65.06980895996094,10.358704566955566,37.3737678527832,94.4517593383789,5.108758926391602,154.1043701171875,321.057373046875,89.1681137084961,0.8899552226066589,60.65242385864258,0.6880415081977844,327.5662841796875,4.538430690765381,48.63981246948242,47.18796157836914,204.8919219970703,1.7288504838943481
2020-05-18,1700.5677490234375,18.22234344482422,30.13413429260254,0.49983444809913635,13.692770957946777,0.33399999141693115,,30.194345474243164,20.508224487304688,11.209842681884766,68.21112060546875,10.867391586303711,39.242462158203125,96.30374908447266,5.163107395172119,153.55538940429688,317.5616455078125,90.35457611083984,0.973865270614624,60.80903625488281,0.6880415081977844,320.4520568847656,4.824385643005371,50.82905578613281,48.33057403564453,212.7471923828125,1.7191379070281982
2020-05-19,1666.6163330078125,18.157724380493164,29.60695457458496,0.49983444809913635,14.928925514221191,0.33799999952316284,,29.94720458984375,20.281009674072266,10.883501052856445,68.12137603759766,10.728658676147461,39.53751754760742,95.0999526977539,5.163107395172119,157.94747924804688,322.7132568359375,89.66944885253906,0.9896302223205566,61.56363296508789,0.69572913646698,350.23797607421875,4.789298057556152,48.76515579223633,46.69038391113281,212.2235565185547,1.7191379070281982
2020-05-20,1647.6434326171875,18.093107223510742,30.057601928710938,0.49983444809913635,16.307710647583008,0.3580000102519989,,30.33070945739746,20.819591522216797,11.038514137268066,68.74962615966797,10.404949188232422,39.635868072509766,95.7481689453125,5.253689289093018,160.43919372558594,325.4730529785156,90.73890686035156,1.027262568473816,61.008358001708984,0.69572913646698,359.1502380371094,4.885786056518555,50.67866134643555,47.39068603515625,213.20542907714844,1.7191379070281982
2020-05-21,1660.125732421875,18.012332916259766,29.862031936645508,,14.881381034851074,,,30.279569625854492,20.575546264648438,10.899818420410156,68.74962615966797,10.358704566955566,41.061973571777344,95.19255828857422,5.398618221282959,,,89.0929183959961,1.0003095865249634,,,,4.764738082885742,49.50882339477539,46.847023010253906,,
2020-05-22,1677.1014404296875,18.270809173583984,30.083112716674805,0.5086811184883118,14.928925514221191,0.3779999911785126,,30.151744842529297,20.49980926513672,10.85086727142334,68.51628875732422,10.636170387268066,40.47186279296875,93.98876190185547,5.344269752502441,155.1602020263672,,88.3827133178711,0.9758995175361633,60.36766052246094,0.69572913646698,342.4983215332031,4.7050909996032715,49.45868682861328,46.78251266479492,212.943603515625,1.6997126340866089
2020-05-25,,18.254655838012695,,0.5086811184883118,15.214191436767578,0.36800000071525574,,,,,69.84459686279297,10.913636207580566,41.3078498840332,,,157.6941375732422,332.3725280761719,,0.9972583651542664,60.85174560546875,0.6918853521347046,351.801513671875,4.8506999015808105,,,216.93667602539062,1.6997126340866089
2020-05-26,1821.3951416015625,17.98810386657715,31.571115493774414,0.5175277590751648,15.404369354248047,0.3659999966621399,,32.14595031738281,21.694791793823242,10.932452201843262,71.08316802978516,10.913636207580566,41.8979606628418,97.60015106201172,5.416734218597412,157.22959899902344,333.29248046875,88.14876556396484,0.9875960946083069,61.33582305908203,0.6918853521347046,351.48876953125,5.017360210418701,51.505889892578125,47.06816864013672,219.42422485351562,1.7191379070281982
2020-05-27,1882.80712890625,17.996179580688477,33.161155700683594,0.5131044387817383,14.976469039916992,0.3700000047683716,,33.54360580444336,21.64429473876953,11.005879402160645,74.90658569335938,10.636170387268066,41.45538330078125,98.24834442138672,5.434850215911865,155.07574462890625,324.64508056640625,87.17120361328125,1.0476043224334717,59.14323043823242,0.6841977834701538,345.0,5.24542236328125,52.43339920043945,48.13706588745117,222.56629943847656,1.7191379070281982
2020-05-28,1873.3206787109375,18.319272994995117,33.161155700683594,0.50425785779953,15.214191436767578,0.36800000071525574,,33.126007080078125,22.08189582824707,11.136415481567383,75.44508361816406,11.376077651977539,41.3078498840332,100.84114074707031,5.507314682006836,155.41360473632812,332.00457763671875,88.5331039428711,1.0730316638946533,60.97989273071289,0.6880415081977844,343.8273010253906,5.264719486236572,52.35819625854492,49.39946746826172,223.67913818359375,1.7191379070281982
2020-05-29,1818.3994140625,18.42427635192871,33.424739837646484,0.50425785779953,15.024014472961426,0.36000001430511475,,33.25383758544922,21.73686408996582,11.160892486572266,74.02700805664062,10.913636207580566,40.570213317871094,101.5819320678711,5.434850215911865,154.61117553710938,337.06427001953125,90.26266479492188,1.0323480367660522,62.175846099853516,0.6880415081977844,341.79473876953125,5.0120978355407715,51.685203552246094,49.804901123046875,217.72222900390625,1.7385631799697876
2020-06-01,1964.190673828125,18.593896865844727,33.06761169433594,0.50425785779953,15.309280395507812,0.36800000071525574,,33.424285888671875,22.065065383911133,11.218002319335938,75.35533905029297,11.329833984375,41.3078498840332,101.02633666992188,5.434850215911865,,,90.78070831298828,1.0557410717010498,,0.7034167647361755,,,52.66944885253906,50.11819839477539,,1.7385631799697876
2020-06-02,1944.21923828125,18.577741622924805,33.730838775634766,0.49983444809913635,15.214191436767578,0.36399999260902405,,33.97822952270508,22.359601974487305,11.31590461730957,75.48098754882812,11.283588409423828,43.078189849853516,100.37814331054688,5.434850215911865,164.28228759765625,334.7643737792969,89.92009735107422,1.0435360670089722,59.812400817871094,0.6995730400085449,359.3066101074219,5.248930931091309,52.5769157409668,50.3577880859375,222.69725036621094,1.7482757568359375
2020-06-03,1954.704345703125,19.183542251586914,34.445072174072266,0.50425785779953,15.451912879943848,0.36800000071525574,,35.273616790771484,23.007583618164062,11.413806915283203,77.24012756347656,11.283588409423828,41.701263427734375,100.65593719482422,5.489198684692383,165.80264282226562,337.7081604003906,90.53003692626953,1.0587923526763916,60.80903625488281,0.7111043930053711,354.5377502441406,5.399802207946777,50.557960510253906,51.316097259521484,226.0357208251953,1.7482757568359375
2020-06-04,1972.179443359375,18.731216430664062,34.98075866699219,0.50425785779953,15.356823921203613,0.3840000033378601,,35.1969108581543,22.881357192993164,11.50355339050293,77.18626403808594,11.468564987182617,41.602909088134766,100.5633544921875,5.434850215911865,163.3531951904297,341.847900390625,89.52739715576172,1.0801513195037842,61.26464080810547,0.7149481773376465,356.2576599121094,5.466466426849365,53.897640228271484,51.3437385559082,226.8212432861328,1.7191379070281982
2020-06-05,2047.0723876953125,18.997766494750977,36.154151916503906,0.495411217212677,15.594545364379883,0.3919999897480011,,36.19401550292969,23.159059524536133,11.576977729797363,77.72478485107422,11.838520050048828,41.9471435546875,99.45215606689453,5.434850215911865,166.1405029296875,,88.85897064208984,1.1035444736480713,60.46733856201172,0.7187919616699219,348.6743469238281,5.917327404022217,54.61268997192383,51.83211898803711,229.3087615966797,1.7288504838943481
2020-06-08,2078.02783203125,18.98968505859375,36.46875,0.49983444809913635,15.642091751098633,0.39800000190734863,,37.336002349853516,23.77338218688965,11.838051795959473,77.88632202148438,11.283588409423828,41.553733825683594,99.1743392944336,5.416734218597412,164.95802307128906,335.2243347167969,90.88931274414062,1.1554160118103027,60.63817596435547,0.722635805606842,352.89599609375,6.380468368530273,57.767295837402344,52.09013366699219,231.53443908691406,1.7288504838943481
2020-06-09,2063.04931640625,19.094688415527344,36.03511428833008,0.49983444809913635,15.214191436767578,0.39800000190734863,,36.56899642944336,23.05807876586914,11.7809419631958,77.04265594482422,11.653542518615723,41.25867462158203,99.72993469238281,5.344269752502441,163.85995483398438,344.33172607421875,92.25959777832031,1.1045615673065186,60.66666030883789,0.7264795899391174,362.7464294433594,6.217316627502441,56.168968200683594,51.23316192626953,230.0942840576172,1.7288504838943481
2020-06-10,1995.1466064453125,19.458168029785156,35.150821685791016,0.4909878969192505,15.784725189208984,0.3959999978542328,,34.44695281982422,22.931846618652344,11.74014949798584,76.28874969482422,11.746030807495117,42.193023681640625,101.02633666992188,5.380502223968506,164.0711212158203,346.9075622558594,93.12019348144531,1.1137152910232544,60.21105194091797,0.734167218208313,362.8246154785156,5.98048210144043,54.29302215576172,51.93347930908203,230.7489013671875,1.7288504838943481
2020-06-11,1904.775634765625,18.933141708374023,32.82102966308594,0.49983444809913635,15.784725189208984,0.3880000114440918,,33.134525299072266,21.829435348510742,11.242476463317871,72.73460388183594,11.746030807495117,42.193023681640625,99.1743392944336,5.253689289093018,159.4678497314453,344.60772705078125,90.8308334350586,1.0404846668243408,60.42461395263672,0.722635805606842,358.993896484375,5.706958770751953,50.34764862060547,50.41306686401367,225.31568908691406,1.7288504838943481
2020-06-12,1925.246337890625,18.9169921875,33.52677536010742,0.49983444809913635,17.496318817138672,0.38600000739097595,,33.569156646728516,21.980913162231445,11.218002319335938,73.1115493774414,11.838520050048828,41.50455856323242,101.11894226074219,5.326153755187988,158.4120330810547,343.9637451171875,90.77234649658203,1.0526899099349976,61.065303802490234,0.7149481773376465,353.6777648925781,5.66460657119751,52.324546813964844,50.44992446899414,228.65414428710938,1.690000057220459
2020-06-15,1914.2620849609375,18.6342830657959,33.58628845214844,0.49983444809913635,17.115966796875,0.38600000739097595,,33.93562698364258,21.99774169921875,11.250636100769043,72.84231567382812,11.884763717651367,41.3078498840332,102.3227310180664,5.253689289093018,149.2054443359375,344.60772705078125,91.92537689208984,1.0598095655441284,60.1683349609375,0.7264795899391174,340.07476806640625,5.52343225479126,52.795631408691406,50.69872283935547,225.4465789794922,1.690000057220459
2020-06-16,1942.2220458984375,18.997766494750977,34.64914321899414,0.49983444809913635,16.402799606323242,0.38999998569488525,,35.00943374633789,22.267032623291016,11.536187171936035,75.40919494628906,11.468564987182617,40.865264892578125,102.69314575195312,5.308037281036377,150.09234619140625,344.05572509765625,92.06742095947266,1.119817852973938,60.97989273071289,0.7303233742713928,335.22772216796875,5.7475457191467285,54.553810119628906,51.86897277832031,233.3018798828125,1.690000057220459
2020-06-17,1964.6900634765625,19.22392463684082,34.41107177734375,0.49983444809913635,16.26016616821289,0.39399999380111694,,34.438438415527344,22.502662658691406,11.519867897033691,75.75023651123047,11.329833984375,40.9144401550293,102.78573608398438,5.416734218597412,156.1737518310547,347.551513671875,94.74111938476562,1.1025272607803345,59.82664108276367,0.734167218208313,348.2834777832031,5.622253894805908,53.40973663330078,52.55085754394531,230.8143768310547,1.690000057220459
2020-06-18,1956.2021484375,19.183542251586914,34.50460433959961,0.49983444809913635,17.068422317504883,0.39399999380111694,,35.120216369628906,22.679386138916016,11.552501678466797,75.53485107421875,11.006122589111328,40.81608963012695,103.34133911132812,5.579779624938965,152.2039337158203,346.4476013183594,93.7468490600586,1.1055786609649658,60.62394332885742,0.734167218208313,340.231201171875,5.493432521820068,53.85557556152344,52.38500213623047,233.49827575683594,1.690000057220459
2020-06-19,2000.1392822265625,18.98968505859375,34.21549987792969,0.49983444809913635,17.353687286376953,0.4000000059604645,,34.62592315673828,22.21653938293457,11.935954093933105,77.72478485107422,11.561054229736328,41.16032409667969,103.24873352050781,5.579779624938965,153.17527770996094,352.61114501953125,93.78025817871094,1.1208350658416748,60.68090057373047,0.7303233742713928,341.2474365234375,5.433434009552002,53.18260192871094,52.86414337158203,238.93148803710938,1.6997126340866089
2020-06-22,1944.7186279296875,19.23200225830078,34.01142883300781,0.49983444809913635,18.066852569580078,0.4020000100135803,,34.42139434814453,22.62889289855957,11.731990814208984,76.10926818847656,11.19110107421875,41.3078498840332,101.95232391357422,5.579779624938965,149.45884704589844,351.9671936035156,93.97244262695312,1.0781172513961792,60.239532470703125,0.734167218208313,334.21142578125,5.288730621337891,51.668392181396484,52.70750427246094,233.49827575683594,1.6997126340866089
2020-06-23,1959.19775390625,19.55509376525879,33.951900482177734,0.49983444809913635,17.020875930786133,0.4020000100135803,,35.00943374633789,23.066492080688477,11.887001991271973,77.18626403808594,11.19110107421875,42.684783935546875,102.5079345703125,5.670360565185547,150.76809692382812,353.53106689453125,93.52960205078125,1.0811684131622314,60.2537727355957,0.734167218208313,339.4493713378906,5.391081809997559,51.44966125488281,52.71671676635742,235.7893829345703,1.6997126340866089
2020-06-24,1882.307861328125,19.183542251586914,33.4332389831543,,16.165077209472656,,,35.10316467285156,22.0734806060791,11.674880981445312,74.6732406616211,11.468564987182617,40.9144401550293,101.85973358154297,5.670360565185547,150.34576416015625,347.9194641113281,92.15097045898438,1.027262568473816,59.598838806152344,,333.116943359375,5.0857930183410645,50.00274658203125,51.878196716308594,230.6179962158203,
2020-06-25,1895.289306640625,19.312774658203125,33.96890640258789,0.50425785779953,15.594545364379883,0.39800000190734863,,36.236637115478516,22.15763282775879,11.61777114868164,74.6014404296875,11.19110107421875,40.717742919921875,101.85973358154297,5.670360565185547,149.83895874023438,352.2431640625,92.80268096923828,0.9936986565589905,59.79815673828125,0.734167218208313,338.3548889160156,5.029323101043701,50.364479064941406,52.080909729003906,224.9883575439453,1.7288504838943481
2020-06-26,1895.788818359375,19.377395629882812,33.10163497924805,0.5219510197639465,14.738747596740723,0.39800000190734863,,34.27650451660156,22.15763282775879,11.528027534484863,74.99633026123047,10.728658676147461,40.42267990112305,102.69314575195312,5.742825508117676,151.40155029296875,350.3113098144531,92.25959777832031,0.9397926330566406,60.18258285522461,0.7380110025405884,346.6417236328125,4.934031009674072,49.02691650390625,51.73074722290039,217.5258331298828,1.7677011489868164
2020-06-29,1919.75439453125,19.48240089416504,33.72234344482422,0.5175277590751648,15.309280395507812,0.39800000190734863,,34.779319763183594,21.930419921875,11.389331817626953,73.68597412109375,11.283588409423828,40.619388580322266,102.41533660888672,5.525431156158447,153.47088623046875,348.0115051269531,91.82511901855469,0.9682714343070984,59.912071228027344,0.7380110025405884,351.17608642578125,5.02226448059082,49.851322174072266,50.92908477783203,219.5550994873047,1.7385631799697876
2020-06-30,1912.2650146484375,19.595481872558594,33.92640686035156,0.5219510197639465,15.356823921203613,0.39800000190734863,,35.052040100097656,22.23337173461914,11.258795738220215,73.65005493164062,10.867391586303711,41.01279830932617,101.95232391357422,5.652244567871094,154.2733154296875,352.795166015625,92.27631378173828,0.9438610672950745,60.011722564697266,0.7380110025405884,358.9156799316406,4.960500717163086,50.22987365722656,50.56972122192383,218.5731964111328,1.7288504838943481
2020-07-01,1961.6944580078125,19.288545608520508,33.509761810302734,0.5131044387817383,15.689634323120117,0.41200000047683716,,34.19982147216797,22.140804290771484,11.160892486572266,73.2012939453125,11.19110107421875,40.81608963012695,101.21155548095703,5.887754440307617,152.83743286132812,351.41522216796875,93.19539642333984,0.9713226556777954,60.15409851074219,0.7264795899391174,359.5411682128906,4.923442840576172,49.2708740234375,50.744789123535156,219.7515411376953,1.7288504838943481
2020-07-02,2043.0777587890625,19.490474700927734,33.63731002807617,0.5131044387817383,15.547001838684082,0.41600000858306885,,33.90152359008789,22.561569213867188,11.421965599060059,74.04496002197266,11.006122589111328,40.963623046875,102.04493713378906,5.670360565185547,149.96568298339844,356.934814453125,93.31236267089844,1.016074538230896,59.99748611450195,0.7380110025405884,352.89599609375,5.092851638793945,49.169925689697266,51.29767608642578,223.15545654296875,1.7288504838943481
2020-07-03,2024.10498046875,19.280467987060547,,0.5131044387817383,15.879813194274902,0.42399999499320984,,,,,74.09880828857422,11.329833984375,40.570213317871094,100.65593719482422,6.0145673751831055,149.07876586914062,358.77471923828125,,0.9967498779296875,60.12562942504883,0.7380110025405884,354.6158752441406,5.1546149253845215,,,221.64988708496094,1.7288504838943481
2020-07-06,2023.1065673828125,19.30470085144043,33.730838775634766,,16.26016616821289,,,34.50661849975586,22.60364532470703,11.332222938537598,75.06814575195312,10.77490234375,41.16032409667969,100.84114074707031,5.887754440307617,150.85255432128906,358.498779296875,94.18132019042969,1.0282796621322632,59.85511016845703,,355.6322326660156,5.182849884033203,50.01116180419922,50.7171516418457,223.02456665039062,
2020-07-07,1948.213623046875,19.522783279418945,33.34821701049805,0.50425785779953,15.832267761230469,0.4359999895095825,,33.7822265625,22.71304702758789,11.242476463317871,75.01428985595703,11.0523681640625,40.52103805541992,100.28556060791016,5.869638442993164,150.72581481933594,361.3504943847656,93.03663635253906,1.009972095489502,59.72697448730469,0.7380110025405884,354.4595642089844,5.248143196105957,49.37181854248047,50.302494049072266,221.06072998046875,1.7191379070281982
2020-07-08,1993.6485595703125,19.61163330078125,32.88905334472656,0.49983444809913635,15.547001838684082,0.4339999854564667,,33.398719787597656,22.662555694580078,11.177209854125977,75.08609008789062,10.821146011352539,40.52103805541992,99.1743392944336,5.869638442993164,149.96568298339844,349.5753479003906,94.15625762939453,0.9820020198822021,60.0971565246582,0.7418548464775085,347.892578125,5.096381187438965,48.73249435424805,50.302494049072266,218.63868713378906,1.6997126340866089
2020-07-09,1972.179443359375,19.474323272705078,32.14931106567383,0.50425785779953,15.404369354248047,0.43799999356269836,,32.58058547973633,22.258617401123047,11.062989234924316,74.49373626708984,10.913636207580566,40.570213317871094,98.61874389648438,5.978335380554199,144.30662536621094,351.6911926269531,93.89723205566406,0.9784423112869263,59.755455017089844,0.7418548464775085,338.120361328125,4.9446187019348145,46.7556037902832,49.491607666015625,217.3294677734375,1.7191379070281982
2020-07-10,1942.2220458984375,19.77318000793457,33.48426055908203,0.50425785779953,15.119102478027344,0.4339999854564667,,33.99527359008789,23.756549835205078,11.327581405639648,75.83999633789062,10.636170387268066,40.3243293762207,99.72993469238281,5.797173976898193,141.22366333007812,353.80706787109375,94.83304595947266,1.0048866271972656,60.339195251464844,0.7418548464775085,336.9476623535156,4.9516777992248535,49.22881317138672,49.95234680175781,220.209716796875,1.7191379070281982
2020-07-13,1948.213623046875,19.88626480102539,33.80735397338867,0.50425785779953,14.833836555480957,0.4359999895095825,,34.515132904052734,23.748136520385742,11.344488143920898,76.28874969482422,10.451193809509277,40.127628326416016,99.72993469238281,5.8334059715271,142.74400329589844,358.1307373046875,94.4570541381836,1.0598095655441284,60.324951171875,0.7418548464775085,334.4459228515625,5.329318046569824,48.80820083618164,50.45914077758789,225.1847686767578,1.7191379070281982
2020-07-14,1924.7470703125,20.136661529541016,34.385562896728516,0.50425785779953,15.119102478027344,0.4359999895095825,,35.708255767822266,24.07633399963379,11.564277648925781,75.87590026855469,10.451193809509277,39.389984130859375,100.28556060791016,6.0145673751831055,141.60372924804688,364.1103210449219,95.26751708984375,1.0689632892608643,60.76632308959961,0.7303233742713928,331.5533752441406,5.502256393432617,49.4727783203125,50.68029022216797,225.38111877441406,1.7191379070281982
2020-07-15,1984.1622314453125,20.27397346496582,34.77669143676758,0.49983444809913635,15.119102478027344,0.4339999854564667,,36.84170913696289,24.40453338623047,11.623452186584473,77.74272918701172,10.636170387268066,39.83256912231445,100.5633544921875,5.887754440307617,151.19039916992188,364.6622619628906,95.91087341308594,1.0862540006637573,62.97315979003906,0.7380110025405884,338.902099609375,5.52343225479126,50.911285400390625,50.88301086425781,228.85057067871094,1.7191379070281982
2020-07-16,1940.7244873046875,20.346668243408203,34.82770538330078,0.495411217212677,15.119102478027344,0.4359999895095825,,36.50933837890625,24.35404396057129,11.547370910644531,76.21694946289062,10.543681144714355,39.68504333496094,100.84114074707031,5.887754440307617,146.6715850830078,361.5345153808594,95.77719116210938,1.0821855068206787,61.67753601074219,0.7380110025405884,329.7552795410156,5.500491142272949,50.78509521484375,50.827735900878906,229.1123809814453,1.7288504838943481
2020-07-17,1913.7630615234375,20.370901107788086,35.006263732910156,0.495411217212677,14.976469039916992,0.4359999895095825,,36.69682693481445,24.34562873840332,11.589637756347656,75.24764251708984,10.312459945678711,39.586692810058594,99.35955047607422,5.797173976898193,147.8118133544922,357.854736328125,96.82996368408203,1.0842198133468628,61.94804763793945,0.7380110025405884,329.91162109375,5.516373157501221,51.16364288330078,51.3253059387207,244.16831970214844,1.7288504838943481
2020-07-20,1926.744384765625,20.395132064819336,34.1984977722168,0.50425785779953,15.499457359313965,0.4339999854564667,,35.71677017211914,24.328794479370117,11.750252723693848,75.6784439086914,10.312459945678711,40.3243293762207,99.2669448852539,5.797173976898193,147.22059631347656,363.2823791503906,96.82160949707031,1.0608266592025757,62.06194305419922,0.7380110025405884,332.64788818359375,5.39637565612793,50.60842514038086,50.92908477783203,252.4818572998047,1.7288504838943481
2020-07-21,1918.7554931640625,20.451675415039062,34.742671966552734,0.50425785779953,15.451912879943848,0.4339999854564667,,36.55195617675781,24.412946701049805,11.741800308227539,76.25284576416016,10.543681144714355,40.02927780151367,100.19293975830078,5.7065935134887695,143.88427734375,357.5788269042969,96.52081298828125,1.0882880687713623,61.1792106628418,0.7380110025405884,329.1298522949219,5.624018669128418,50.961753845214844,51.19632339477539,248.61964416503906,1.7288504838943481
2020-07-22,1869.8258056640625,20.451675415039062,34.99776077270508,0.50425785779953,15.309280395507812,0.4339999854564667,,36.961029052734375,24.774810791015625,11.775612831115723,74.97838592529297,10.451193809509277,39.83256912231445,99.91514587402344,5.851522445678711,144.39105224609375,360.338623046875,98.60130310058594,1.0567582845687866,61.52091979980469,0.7380110025405884,328.42626953125,5.502256393432617,50.76826477050781,51.46352005004883,244.16831970214844,1.7288504838943481
2020-07-23,1870.324951171875,20.330516815185547,35.933074951171875,0.50425785779953,15.499457359313965,0.4399999976158142,,38.16265106201172,24.757978439331055,11.843240737915039,75.33740234375,10.358704566955566,40.17680358886719,100.19293975830078,5.760941505432129,142.7862548828125,355.0029296875,99.74596405029297,1.072014570236206,62.617218017578125,0.7533863186836243,330.4588623046875,5.4987263679504395,51.23935317993164,54.98350524902344,247.11410522460938,1.7288504838943481
2020-07-24,1830.88134765625,20.193199157714844,35.78852844238281,0.50425785779953,15.166647911071777,0.4399999976158142,,37.77915954589844,24.606502532958984,11.88550853729248,74.38601684570312,10.636170387268066,40.3243293762207,100.00775146484375,5.7065935134887695,141.51925659179688,356.0149230957031,98.86865997314453,1.0862540006637573,62.48907470703125,0.7687615156173706,327.0971984863281,5.444022178649902,51.16364288330078,55.42581558227539,247.31045532226562,1.7968391180038452
2020-07-27,1802.9215087890625,19.999347686767578,35.82254409790039,0.49983444809913635,15.356823921203613,0.4399999976158142,,38.350154876708984,24.884204864501953,11.868600845336914,73.73982238769531,10.451193809509277,40.570213317871094,100.19293975830078,5.688477039337158,140.54791259765625,359.9705810546875,100.22222137451172,1.0374335050582886,62.60297775268555,0.7687615156173706,327.1753845214844,5.253437042236328,51.29823684692383,56.24591827392578,249.9288787841797,1.7774138450622559
2020-07-28,1829.3837890625,20.080120086669922,36.21367645263672,0.495411217212677,16.45034408569336,0.4359999895095825,,38.009254455566406,24.8000545501709,11.775612831115723,75.48098754882812,10.682415008544922,39.3408088684082,101.02633666992188,5.670360565185547,142.7862548828125,354.6349792480469,100.67341613769531,1.0394678115844727,62.97315979003906,0.7918243408203125,333.8987121582031,5.202261447906494,51.09634017944336,56.420989990234375,250.32164001464844,1.7774138450622559
2020-07-29,1870.82421875,20.27397346496582,36.494266510009766,0.495411217212677,15.784725189208984,0.4339999854564667,,38.50355529785156,25.254486083984375,11.936227798461914,76.73751831054688,10.404949188232422,39.53751754760742,101.95232391357422,5.797173976898193,143.1240997314453,350.8632507324219,101.68441009521484,1.0394678115844727,63.3718147277832,0.8148871660232544,336.9476623535156,5.12637996673584,52.15629196166992,57.37008285522461,247.37588500976562,1.7677011489868164
2020-07-30,1794.932861328125,19.805492401123047,36.86838912963867,0.495411217212677,15.356823921203613,0.4339999854564667,,38.358673095703125,25.540605545043945,11.412115097045898,75.10403442382812,10.358704566955566,38.45564270019531,100.74855041503906,5.652244567871094,138.64752197265625,349.0234069824219,101.18309783935547,1.0191259384155273,62.71688461303711,0.7995119094848633,333.0387268066406,4.978147506713867,51.794578552246094,56.6144905090332,243.51373291015625,1.7677011489868164
2020-07-31,1762.4791259765625,19.76510238647461,36.417747497558594,0.495411217212677,15.499457359313965,0.4339999854564667,,37.02067947387695,24.62333106994629,11.276861190795898,73.81161499023438,10.451193809509277,38.79987335205078,103.89693450927734,5.616011619567871,138.35183715820312,347.18353271484375,98.46761322021484,1.0181087255477905,63.71352005004883,0.7764491438865662,337.4167175292969,4.953441619873047,51.69361877441406,55.729896545410156,248.9469451904297,1.7677011489868164
2020-08-03,1783.4493408203125,19.9185733795166,36.50276565551758,0.495411217212677,16.355257034301758,0.4300000071525574,,37.52348327636719,24.62333106994629,11.268407821655273,72.30378723144531,10.543681144714355,38.750701904296875,101.21155548095703,5.616011619567871,143.84201049804688,348.4714660644531,99.42847442626953,1.0608266592025757,64.32572937011719,0.7687615156173706,349.690673828125,5.0716753005981445,52.51802444458008,56.439414978027344,252.1546173095703,1.7677011489868164
2020-08-04,1807.415283203125,20.185123443603516,36.324214935302734,0.4909878969192505,16.165077209472656,0.4320000112056732,,37.76211166381836,24.74114990234375,11.158512115478516,71.298583984375,10.451193809509277,38.750701904296875,99.08175659179688,5.5435471534729,144.9400634765625,345.3436279296875,99.7042007446289,1.0587923526763916,63.71352005004883,0.7841367125511169,352.50506591796875,5.2763776779174805,54.78093338012695,56.900150299072266,255.1002960205078,1.7677011489868164
2020-08-05,1853.8485107421875,21.259401321411133,36.85138702392578,0.495411217212677,16.212621688842773,0.4320000112056732,,38.21379089355469,24.774810791015625,11.158512115478516,70.41901397705078,10.636170387268066,39.19328308105469,98.80393981933594,5.3623857498168945,144.09547424316406,346.631591796875,98.80181884765625,1.1442281007766724,63.78470230102539,0.7918243408203125,342.26373291015625,5.5763726234436035,52.93864822387695,56.374900817871094,259.35528564453125,1.7677011489868164
2020-08-06,1874.818603515625,21.178627014160156,37.02994918823242,0.495411217212677,16.165077209472656,0.42800000309944153,,38.09449005126953,24.614917755126953,11.141607284545898,68.85733795166016,10.636170387268066,38.99658203125,97.13716125488281,5.308037281036377,144.2643585205078,344.51568603515625,98.88536834716797,1.1371084451675415,63.32909393310547,0.7918243408203125,347.1108093261719,5.682253360748291,52.54325866699219,56.104698181152344,257.4568176269531,1.7482757568359375
2020-08-07,1881.3092041015625,21.384485244750977,37.43808364868164,0.495411217212677,15.879813194274902,0.41999998688697815,,38.7421760559082,24.438196182250977,10.862643241882324,68.65988159179688,10.636170387268066,38.603172302246094,99.45215606689453,5.271805286407471,144.60218811035156,346.7236022949219,98.98564147949219,1.1188008785247803,63.49995040893555,0.7995119094848633,350.23797607421875,5.7175469398498535,52.82928466796875,55.42684555053711,255.1657257080078,1.7482757568359375
2020-08-10,1906.273681640625,21.203330993652344,37.82921600341797,0.495411217212677,16.355257034301758,0.42399999499320984,,39.8841552734375,24.109994888305664,10.896458625793457,69.39584350585938,10.404949188232422,38.50482177734375,100.00775146484375,5.344269752502441,145.40460205078125,347.551513671875,98.8436050415039,1.2154244184494019,63.215206146240234,0.8148871660232544,345.6254577636719,5.996365070343018,54.309844970703125,55.315399169921875,257.1295471191406,1.7677011489868164
2020-08-11,1991.152099609375,21.195098876953125,37.74418258666992,0.495411217212677,16.165077209472656,0.4259999990463257,,39.815975189208984,24.303546905517578,10.93027114868164,70.41901397705078,10.312459945678711,38.3572883605957,99.91514587402344,5.326153755187988,150.59913635253906,352.61114501953125,97.89944458007812,1.2276296615600586,62.987403869628906,0.8225748538970947,352.1923828125,6.174597263336182,54.856651306152344,54.581825256347656,257.5877990722656,1.7677011489868164
2020-08-12,1988.1563720703125,21.672687530517578,37.79520797729492,0.49983444809913635,15.879813194274902,0.4320000112056732,,39.892677307128906,25.010438919067383,11.16696548461914,71.3883285522461,10.266216278076172,39.635868072509766,100.93374633789062,5.344269752502441,155.75140380859375,339.36407470703125,99.6874771118164,1.1971169710159302,63.67081069946289,0.8533253073692322,358.68115234375,6.112833499908447,55.27727127075195,55.8818473815918,256.6058654785156,1.757988452911377
2020-08-13,1980.1678466796875,21.5162353515625,37.7781982421875,0.50425785779953,16.02244758605957,0.43799999356269836,,39.602901458740234,23.605073928833008,11.234593391418457,71.20880889892578,10.404949188232422,38.750701904296875,101.30414581298828,5.235572814941406,155.79364013671875,338.5361022949219,99.96321105957031,1.2347493171691895,63.2863883972168,0.8456377387046814,360.4792785644531,5.542843818664551,54.343502044677734,55.63111877441406,253.9874267578125,1.7677011489868164
2020-08-14,1957.20068359375,21.376253128051758,37.91424560546875,0.50425785779953,15.97490119934082,0.4300000071525574,,39.56846237182617,23.51250457763672,11.158512115478516,69.9164047241211,10.266216278076172,38.99658203125,100.37814331054688,5.1812238693237305,154.8223419189453,332.92449951171875,99.64571380615234,1.240851879119873,63.32909393310547,0.8840757608413696,363.1373291015625,5.338141441345215,53.78828811645508,55.1946907043457,252.67823791503906,1.7677011489868164
2020-08-17,2007.1292724609375,21.532703399658203,37.74418258666992,0.50425785779953,15.594545364379883,0.4320000112056732,,39.964752197265625,23.462013244628906,11.259954452514648,69.97024536132812,10.589924812316895,39.19328308105469,101.5819320678711,5.163107395172119,156.0048370361328,337.6161804199219,100.72354888916016,1.263227939605713,63.94131851196289,0.8610129356384277,367.0462341308594,5.417551517486572,53.56956481933594,55.48255157470703,252.4818572998047,1.7774138450622559
2020-08-18,1969.1834716796875,21.549171447753906,37.98421859741211,0.50425785779953,15.309280395507812,0.4320000112056732,,39.77522277832031,23.61349105834961,11.327581405639648,70.00615692138672,10.219971656799316,38.94740295410156,100.74855041503906,5.072526931762695,154.1043701171875,336.4202880859375,100.8823013305664,1.2520397901535034,63.2863883972168,0.8840757608413696,362.8246154785156,5.65048885345459,53.561153411865234,55.7611198425293,251.36900329589844,1.757988452911377
2020-08-19,2006.1307373046875,21.623281478881836,37.76991271972656,0.49983444809913635,15.214191436767578,0.4320000112056732,,40.22319030761719,23.882783889770508,11.259954452514648,70.5267105102539,10.266216278076172,38.94740295410156,100.47074890136719,5.126875400543213,155.92037963867188,335.59234619140625,101.03269958496094,1.2805185317993164,64.11216735839844,0.8610129356384277,364.6226806640625,5.77754545211792,53.40132141113281,55.7611198425293,252.0236358642578,1.7774138450622559
2020-08-20,1993.1492919921875,21.507997512817383,37.281288146972656,0.50425785779953,15.594545364379883,0.4320000112056732,,39.620147705078125,23.520919799804688,11.200779914855957,69.70100402832031,10.341426849365234,38.84904861450195,100.47074890136719,5.434850215911865,153.9777069091797,332.74053955078125,101.07447052001953,1.2439031600952148,63.72775650024414,0.8763881921768188,362.12103271484375,5.459903717041016,52.91339874267578,55.779701232910156,247.7686767578125,1.7774138450622559
2020-08-21,1997.1435546875,21.549171447753906,37.36700439453125,0.50425785779953,15.594545364379883,0.4320000112056732,,40.292110443115234,23.2937068939209,11.107792854309082,69.1804428100586,10.341426849365234,38.111412048339844,100.5633544921875,5.416734218597412,150.55690002441406,333.6604919433594,101.02433776855469,1.2205100059509277,63.58537673950195,0.8763881921768188,356.6485595703125,5.4351983070373535,52.93022918701172,55.306121826171875,245.8048858642578,1.7774138450622559
2020-08-24,2040.082275390625,21.672687530517578,38.10423278808594,0.50425785779953,15.404369354248047,0.4300000071525574,,40.343807220458984,23.52933692932129,11.150059700012207,71.01136779785156,10.153401374816895,38.50482177734375,101.30414581298828,5.144991397857666,154.8223419189453,336.05224609375,101.14131927490234,1.244920253753662,64.43963623046875,0.8917633295059204,366.2644348144531,5.752840042114258,53.460201263427734,55.974693298339844,246.5904083251953,1.7871264219284058
2020-08-25,2050.068115234375,21.43389320373535,37.97563934326172,0.49983444809913635,15.119102478027344,0.4300000071525574,,40.438568115234375,23.950105667114258,11.268407821655273,70.34719848632812,10.341426849365234,38.3572883605957,101.21155548095703,4.927597999572754,156.51161193847656,334.5804443359375,100.9407730102539,1.2327150106430054,64.14065551757812,0.9071385264396667,369.31341552734375,5.63813591003418,53.45178985595703,55.8818473815918,244.36471557617188,1.7871264219284058
2020-08-26,2043.0777587890625,21.68092155456543,38.12994384765625,0.50425785779953,15.166647911071777,0.4300000071525574,,40.18873596191406,23.84912109375,11.217687606811523,70.58055877685547,10.247413635253906,37.86552810668945,102.3227310180664,4.981945991516113,146.54489135742188,337.6161804199219,101.72618103027344,1.244920253753662,64.36845397949219,0.9071385264396667,366.6553649902344,5.622253894805908,53.3760871887207,55.99325942993164,244.23382568359375,1.7871264219284058
2020-08-27,2055.060791015625,21.39272117614746,38.3356819152832,0.5086811184883118,15.309280395507812,0.4300000071525574,,39.83552932739258,23.731306076049805,11.217687606811523,70.93956756591797,10.341426849365234,38.30811309814453,102.69314575195312,4.927597999572754,144.4333038330078,338.9041442871094,100.999267578125,1.204236626625061,64.63896942138672,0.9148261547088623,379.163818359375,5.438727855682373,53.80510330200195,56.08612823486328,243.64463806152344,1.7968391180038452
2020-08-28,2043.0777587890625,21.10451889038086,38.48998260498047,0.49983444809913635,15.214191436767578,0.42800000309944153,,40.205970764160156,23.579830169677734,11.124699592590332,70.38311767578125,10.388432502746582,38.45564270019531,102.3227310180664,4.855133056640625,143.1240997314453,336.3282775878906,100.63999938964844,1.1686383485794067,63.58537673950195,0.9148261547088623,372.9095764160156,5.223437786102295,53.76304626464844,55.85397720336914,240.69894409179688,1.7871264219284058
2020-08-31,,20.76691436767578,38.36996841430664,0.50425785779953,15.356823921203613,0.42800000309944153,,39.3013916015625,23.546167373657227,11.04861831665039,69.61123657226562,10.435441017150879,37.914703369140625,,,144.30662536621094,339.5480041503906,100.60658264160156,1.156433343887329,63.30062484741211,0.9225137829780579,370.1733703613281,5.14932107925415,53.17876052856445,55.3246955871582,239.58607482910156,1.7871264219284058
2020-09-01,2011.12353515625,20.750446319580078,38.69572067260742,0.5219510197639465,15.309280395507812,0.4359999895095825,,39.17218017578125,23.159059524536133,10.904911041259766,68.10342407226562,10.623465538024902,38.20976257324219,102.3227310180664,4.927597999572754,144.55995178222656,337.9841613769531,99.5538101196289,1.156433343887329,64.9664306640625,0.899450957775116,368.06256103515625,5.062851905822754,53.043277740478516,55.380401611328125,238.0805206298828,1.7968391180038452
2020-09-02,2016.1165771484375,20.93160057067871,39.21006393432617,0.5219510197639465,15.071557998657227,0.4359999895095825,,39.98198318481445,23.504091262817383,11.133152961730957,69.35993194580078,10.435441017150879,39.3408088684082,104.63774108886719,5.036294460296631,142.40611267089844,354.26702880859375,101.59249877929688,1.154399037361145,62.68840026855469,0.899450957775116,367.90618896484375,5.01167631149292,53.678375244140625,56.56897735595703,238.6041717529297,1.7968391180038452
2020-09-03,2032.0936279296875,20.71750831604004,39.27006530761719,0.5219510197639465,14.738747596740723,0.4320000112056732,,39.422000885009766,23.453598022460938,11.243047714233398,70.2215576171875,10.576459884643555,38.111412048339844,105.10073852539062,4.981945991516113,145.61578369140625,348.9314270019531,100.20551300048828,1.158467411994934,63.400291442871094,0.8840757608413696,366.0299072265625,5.0204997062683105,52.19648742675781,55.519683837890625,237.75320434570312,1.757988452911377
2020-09-04,2024.10498046875,20.470478057861328,39.85298156738281,0.5086811184883118,13.787860870361328,0.4359999895095825,,40.04227828979492,23.419933319091797,11.226140022277832,68.89324188232422,10.623465538024902,38.160587310791016,104.0821304321289,4.96382999420166,146.7982940673828,348.10345458984375,99.86294555664062,1.1421939134597778,63.4430046081543,0.9071385264396667,368.2970886230469,5.121086597442627,52.85698318481445,54.93468475341797,236.11669921875,1.757988452911377
2020-09-07,2035.089111328125,20.577524185180664,,0.5131044387817383,14.453481674194336,0.4359999895095825,,,,,68.60603332519531,10.388432502746582,38.3572883605957,105.28591918945312,4.945713996887207,148.572021484375,357.394775390625,,1.1320229768753052,63.69927978515625,0.9225137829780579,374.55133056640625,5.092851638793945,,,235.98574829101562,1.7968391180038452
2020-09-08,1956.2021484375,20.569290161132812,38.764305114746094,0.5131044387817383,13.407505989074707,0.4339999854564667,,38.9567985534668,23.007583618164062,11.150059700012207,68.49832916259766,10.012381553649902,37.767181396484375,105.47114562988281,5.163107395172119,147.17837524414062,353.80706787109375,98.28378295898438,1.0984591245651245,63.96979522705078,0.9225137829780579,375.7240295410156,5.045205116271973,52.13719940185547,55.40825653076172,232.38543701171875,1.7968391180038452
2020-09-09,1930.2393798828125,21.0633487701416,39.47580337524414,0.5131044387817383,14.358393669128418,0.4440000057220459,,39.49954605102539,23.159059524536133,11.462836265563965,69.09069061279297,10.341426849365234,38.652347564697266,108.434326171875,4.981945991516113,150.43023681640625,363.00640869140625,100.38932800292969,1.108629822731018,65.63560485839844,0.9378890991210938,384.40179443359375,5.015206336975098,51.85775375366211,57.67399597167969,239.2587890625,1.7968391180038452
2020-09-10,1927.742919921875,21.038646697998047,39.45009231567383,0.5086811184883118,14.501026153564453,0.44600000977516174,,39.10325241088867,23.150646209716797,11.30222225189209,69.55740356445312,10.341426849365234,38.3572883605957,106.48973846435547,4.96382999420166,148.19192504882812,369.62994384765625,100.05512237548828,1.0964246988296509,64.56777954101562,0.9532642364501953,380.7273864746094,5.001088619232178,53.72917556762695,56.726837158203125,241.02622985839844,1.7968391180038452
2020-09-11,1935.7314453125,21.442127227783203,40.19588851928711,0.5086811184883118,14.78629207611084,0.4359999895095825,,39.31863784790039,22.856107711791992,11.429022789001465,69.50355529785156,10.341426849365234,38.45564270019531,106.48973846435547,4.927597999572754,148.99429321289062,379.01324462890625,100.62328338623047,1.1147323846817017,65.42205047607422,0.9532642364501953,386.98162841796875,5.034616947174072,53.95781707763672,57.553279876708984,243.84103393554688,1.7968391180038452
2020-09-14,1936.7301025390625,21.186861038208008,40.71879577636719,0.5131044387817383,15.071557998657227,0.4339999854564667,,39.84414291381836,22.889772415161133,11.462836265563965,69.80868530273438,10.106393814086914,38.750701904296875,106.11932373046875,4.837017059326172,148.9098663330078,376.8974609375,100.67341613769531,1.1157495975494385,65.36508178710938,0.9378890991210938,390.18695068359375,5.076969146728516,55.30421829223633,57.34899139404297,243.3173370361328,1.8065516948699951
2020-09-15,1987.157958984375,21.425657272338867,40.693084716796875,0.5131044387817383,15.499457359313965,0.44200000166893005,,39.94751739501953,23.007583618164062,11.522010803222656,69.98821258544922,10.29442024230957,38.06223678588867,104.63774108886719,4.855133056640625,150.43023681640625,378.3692626953125,100.81546020507812,1.0974419116973877,65.52169799804688,0.9225137829780579,394.0176696777344,5.1740264892578125,55.2534065246582,58.00828552246094,239.78244018554688,1.8065516948699951
2020-09-16,2008.1278076171875,21.219797134399414,40.85595703125,0.5131044387817383,15.547001838684082,0.4440000057220459,,40.06813049316406,23.159059524536133,11.538915634155273,69.73689270019531,10.341426849365234,39.144107818603516,104.26734161376953,4.837017059326172,149.45884704589844,384.3489074707031,100.57315063476562,1.1208350658416748,66.29053497314453,0.9378890991210938,395.7376403808594,5.198731899261475,55.21953201293945,57.77615737915039,234.1528778076172,1.8065516948699951
2020-09-17,1966.1878662109375,20.915130615234375,40.95025634765625,0.5086811184883118,16.640522003173828,0.44999998807907104,,40.774559020996094,23.638736724853516,11.538915634155273,70.32925415039062,10.388432502746582,38.750701904296875,103.89693450927734,4.782668590545654,145.86920166015625,379.4732666015625,100.52301788330078,1.1055786609649658,64.51082611083984,0.9378890991210938,391.2032470703125,5.189908504486084,53.98321533203125,58.00828552246094,232.38543701171875,1.8065516948699951
2020-09-18,1917.2579345703125,21.120988845825195,40.83881759643555,0.5086811184883118,17.115966796875,0.44999998807907104,,41.015769958496094,23.142230987548828,11.530463218688965,70.99341583251953,10.529452323913574,38.603172302246094,105.10073852539062,4.710203170776367,146.2070770263672,379.5652160644531,99.4869613647461,1.087270975112915,65.2796630859375,0.9378890991210938,393.23590087890625,5.105203628540039,52.526737213134766,56.55039596557617,232.18907165527344,1.7968391180038452
2020-09-21,1834.37646484375,21.046878814697266,39.8701286315918,0.5086811184883118,16.545433044433594,0.4620000123977661,,39.39616012573242,22.21653938293457,11.073980331420898,68.31881713867188,10.529452323913574,39.29163360595703,103.24873352050781,4.65585470199585,140.12559509277344,373.30963134765625,99.57051086425781,1.0120062828063965,64.11216735839844,0.9378890991210938,388.2324523925781,4.609330177307129,50.68070983886719,55.62183380126953,225.90481567382812,1.8162643909454346
2020-09-22,1854.34765625,21.236268997192383,40.29018020629883,0.5086811184883118,16.830699920654297,0.4659999907016754,,39.611541748046875,22.224956512451172,10.93027114868164,67.92391204833984,10.341426849365234,39.242462158203125,103.61914825439453,4.764552116394043,138.5207977294922,371.2857971191406,99.42847442626953,1.0069208145141602,65.20848083496094,0.9378890991210938,390.34332275390625,4.676388263702393,50.29119110107422,56.188262939453125,230.15975952148438,1.8162643909454346
2020-09-23,1868.3277587890625,21.2445011138916,38.712852478027344,0.5086811184883118,16.830699920654297,0.4699999988079071,,38.474361419677734,21.879928588867188,10.6851224899292,67.94185638427734,10.341426849365234,39.78339385986328,103.61914825439453,4.8913655281066895,139.027587890625,371.19384765625,97.932861328125,1.0191259384155273,65.0376205444336,0.9532642364501953,391.67236328125,4.858149528503418,48.343563079833984,56.1325569152832,230.487060546875,1.8162643909454346
2020-09-24,1852.3504638671875,21.145692825317383,38.978607177734375,0.50425785779953,16.165077209472656,0.4560000002384186,,38.46575164794922,22.182880401611328,10.727388381958008,67.45721435546875,10.341426849365234,39.3408088684082,102.04493713378906,4.8913655281066895,137.25387573242188,367.42205810546875,97.782470703125,1.0282796621322632,65.64983367919922,0.9378890991210938,391.2032470703125,4.88285493850708,48.18267059326172,56.26255416870117,229.5706329345703,1.7968391180038452
2020-09-25,1840.866943359375,21.038646697998047,39.50152587890625,0.50425785779953,15.594545364379883,0.4519999921321869,,39.706302642822266,22.241788864135742,10.761202812194824,67.06229400634766,10.717477798461914,39.094932556152344,102.04493713378906,4.818901062011719,134.59324645996094,365.6741638183594,99.23628997802734,1.0384505987167358,66.57527923583984,0.9378890991210938,395.2685241699219,4.833444118499756,50.11336135864258,56.47612380981445,229.83245849609375,1.8162643909454346
2020-09-28,1871.8228759765625,21.236268997192383,39.86155700683594,0.50425785779953,16.165077209472656,0.44999998807907104,,40.05951690673828,22.561569213867188,10.938724517822266,69.32405090332031,10.341426849365234,39.43916320800781,100.74855041503906,4.782668590545654,135.31117248535156,375.9775085449219,99.05248260498047,1.0669291019439697,67.38683319091797,0.9378890991210938,400.7409973144531,4.995794296264648,50.604496002197266,57.321128845214844,234.3492431640625,1.8162643909454346
2020-09-29,1857.3436279296875,21.022178649902344,39.41578674316406,0.5086811184883118,16.45034408569336,0.44999998807907104,,38.92234420776367,22.536325454711914,10.921818733215332,68.67781829833984,10.341426849365234,39.242462158203125,100.93374633789062,4.981945991516113,134.04420471191406,374.2295837402344,99.47859954833984,1.0760829448699951,67.14478302001953,0.9302014112472534,402.77362060546875,5.00991153717041,49.927059173583984,57.488277435302734,234.80747985839844,1.8162643909454346
2020-09-30,1864.832763671875,20.791616439819336,39.85298156738281,0.5086811184883118,16.212621688842773,0.44600000977516174,,39.37031173706055,22.57840347290039,10.896458625793457,68.10342407226562,10.529452323913574,39.3408088684082,101.39673614501953,4.909481525421143,140.08340454101562,367.88201904296875,99.64571380615234,1.1157495975494385,67.1875,0.9302014112472534,413.56219482421875,5.186378479003906,50.36739730834961,57.27470397949219,235.3311309814453,1.8162643909454346
2020-10-01,1899.7828369140625,20.783382415771484,39.94729232788086,0.5131044387817383,16.688064575195312,0.44600000977516174,,39.47370147705078,22.94867706298828,10.94717788696289,67.85210418701172,10.341426849365234,39.3408088684082,101.21155548095703,4.909481525421143,139.66110229492188,367.69805908203125,100.138671875,1.1289716958999634,66.80308532714844,0.9532642364501953,413.71856689453125,5.28167200088501,50.14723587036133,57.49755859375,232.64724731445312,1.8162643909454346
2020-10-02,1911.2664794921875,20.74220848083496,40.06729507446289,0.5484909415245056,16.307710647583008,0.44600000977516174,,39.964752197265625,23.10856819152832,10.8541898727417,68.24703216552734,10.482446670532227,39.3408088684082,101.76715087890625,4.981945991516113,138.90090942382812,366.96209716796875,100.08018493652344,1.173723816871643,66.68919372558594,0.9378890991210938,421.6927795410156,5.3840227127075195,50.22344207763672,58.21257400512695,232.77818298339844,1.8162643909454346
2020-10-05,1918.25634765625,20.824554443359375,40.95882034301758,0.5573375225067139,17.591407775878906,0.45399999618530273,,40.69701385498047,23.352615356445312,10.989444732666016,68.64193725585938,10.435441017150879,39.9801025390625,100.74855041503906,4.873249530792236,138.64752197265625,370.9178466796875,100.50630187988281,1.165587067604065,66.03424835205078,0.9532642364501953,420.1291809082031,6.15871524810791,49.960941314697266,58.44470977783203,236.18214416503906,1.8162643909454346
2020-10-06,1932.73583984375,20.544588088989258,40.804527282714844,0.5529143214225769,17.353687286376953,0.4519999921321869,,41.00715255737305,23.10856819152832,10.8541898727417,69.1265869140625,10.341426849365234,39.68504333496094,100.84114074707031,4.818901062011719,141.60372924804688,363.65032958984375,98.27543640136719,1.1635527610778809,65.69255828857422,0.9609518647193909,414.65667724609375,6.2010674476623535,49.63069152832031,57.321128845214844,235.4620819091797,1.7968391180038452
2020-10-07,1930.738525390625,20.35519790649414,41.41316604614258,0.5484909415245056,17.2110538482666,0.4560000002384186,,42.26494216918945,23.007583618164062,10.862643241882324,71.54987335205078,10.341426849365234,39.53751754760742,101.39673614501953,4.8913655281066895,142.70179748535156,363.00640869140625,98.34226989746094,1.1554160118103027,65.9345932006836,0.9455766081809998,408.71514892578125,6.2645955085754395,49.76617431640625,57.6089973449707,230.6179962158203,1.7968391180038452
2020-10-08,1892.792724609375,20.182281494140625,41.876068115234375,0.5440676808357239,17.306142807006836,0.45399999618530273,,42.2304801940918,23.58824348449707,10.921818733215332,73.09361267089844,10.341426849365234,38.94740295410156,101.48934936523438,5.036294460296631,146.164794921875,359.878662109375,98.53445434570312,1.1513477563858032,65.76373291015625,0.9609518647193909,415.5948181152344,6.287536144256592,49.95246887207031,57.77615737915039,231.99266052246094,1.8065516948699951
2020-10-09,1905.7744140625,20.363431930541992,41.97894287109375,0.5484909415245056,16.97333335876465,0.45399999618530273,,43.479644775390625,23.714473724365234,11.04861831665039,72.62689208984375,10.623465538024902,38.94740295410156,101.85973358154297,5.072526931762695,146.12255859375,373.0337219238281,99.67913055419922,1.1299887895584106,65.99154663085938,0.9609518647193909,416.3765869140625,6.2328314781188965,49.09720993041992,58.611854553222656,227.8031768798828,1.8162643909454346
2020-10-12,1870.324951171875,20.264619827270508,42.85332107543945,0.5484909415245056,18.066852569580078,0.44999998807907104,,44.27222442626953,24.05950355529785,10.938724517822266,72.98589324951172,11.046524047851562,39.04575729370117,104.0821304321289,5.072526931762695,145.27793884277344,377.90936279296875,101.05775451660156,1.1299887895584106,66.9169921875,0.9763270616531372,419.03466796875,6.086363315582275,49.93553161621094,58.58400344848633,226.55941772460938,1.7677011489868164
2020-10-13,1823.39208984375,20.412839889526367,41.85893249511719,0.5440676808357239,17.543865203857422,0.44999998807907104,,43.884559631347656,23.78179931640625,10.896458625793457,72.5012435913086,10.905505180358887,38.55399703979492,103.71173858642578,5.163107395172119,144.2643585205078,379.01324462890625,100.22222137451172,1.1025272607803345,66.93121337890625,0.9763270616531372,419.5036926269531,5.864014148712158,49.927059173583984,58.67686462402344,225.9702911376953,1.8162643909454346
2020-10-14,1790.9383544921875,20.39636993408203,41.876068115234375,0.5484909415245056,17.591407775878906,0.44999998807907104,,44.92695617675781,23.562997817993164,10.938724517822266,71.56782531738281,11.093530654907227,38.3572883605957,103.80432891845703,5.3623857498168945,142.87066650390625,377.63336181640625,98.97727966308594,1.119817852973938,66.5325698852539,0.9763270616531372,417.1584167480469,5.8693084716796875,50.198036193847656,58.90900421142578,225.90481567382812,1.8162643909454346
2020-10-15,1727.529296875,20.338729858398438,42.810462951660156,0.5396443605422974,16.402799606323242,0.4440000057220459,,46.701637268066406,23.251628875732422,10.921818733215332,70.13180541992188,11.046524047851562,38.06223678588867,102.0028076171875,5.235572814941406,142.11050415039062,377.1733703613281,98.22531127929688,1.0984591245651245,65.55017852783203,0.9609518647193909,402.1482238769531,5.7087225914001465,51.2226676940918,57.850425720214844,223.74461364746094,1.8162643909454346
2020-10-16,1747.00146484375,20.791616439819336,42.6818733215332,0.5440676808357239,16.59297752380371,0.4480000138282776,,47.02900695800781,22.94867706298828,10.575227737426758,70.88572692871094,11.14053726196289,38.750701904296875,101.63155364990234,5.253689289093018,142.11050415039062,379.105224609375,98.3088607788086,1.1259204149246216,66.16239166259766,0.9763270616531372,401.8354797363281,5.774016380310059,50.56216049194336,58.277557373046875,226.0357208251953,1.8065516948699951
2020-10-19,1744.0054931640625,20.676334381103516,43.12763977050781,0.5440676808357239,17.068422317504883,0.4480000138282776,,47.03761672973633,23.01599884033203,10.473786354064941,70.76006317138672,11.56359577178955,38.160587310791016,101.9100112915039,5.253689289093018,143.88427734375,375.9775085449219,97.79917907714844,1.160501480102539,66.1054458618164,0.9763270616531372,401.5227355957031,5.5869598388671875,49.37665557861328,57.38614273071289,225.7084197998047,1.7968391180038452
2020-10-20,1748.99853515625,20.53635597229004,43.60770034790039,0.5396443605422974,17.020875930786133,0.44600000977516174,,47.4080696105957,23.159059524536133,10.321624755859375,71.17292022705078,11.469583511352539,39.094932556152344,102.93096160888672,5.163107395172119,143.50418090820312,381.58905029296875,98.1417465209961,1.1228691339492798,66.13391876220703,0.9763270616531372,395.2685241699219,5.571078777313232,48.99559020996094,57.999000549316406,224.20286560058594,1.7871264219284058
2020-10-21,1712.550537109375,20.363431930541992,43.55625534057617,0.5440676808357239,17.496318817138672,0.4440000057220459,,47.46836853027344,22.435340881347656,10.05956745147705,70.1497573852539,11.281556129455566,39.83256912231445,100.42495727539062,5.144991397857666,139.112060546875,361.07452392578125,98.39241790771484,1.091339349746704,65.63560485839844,0.9532642364501953,387.059814453125,5.428139686584473,50.104888916015625,57.18185043334961,223.08999633789062,1.7968391180038452
2020-10-22,1697.07275390625,20.017593383789062,44.30205154418945,0.5484909415245056,19.68336296081543,0.4359999895095825,,48.63138961791992,22.452171325683594,10.084929466247559,71.33447265625,11.281556129455566,39.3408088684082,99.49684143066406,5.253689289093018,137.08493041992188,359.5106506347656,97.58194732666016,1.0750658512115479,64.72439575195312,0.9532642364501953,380.6492004394531,5.472256660461426,50.33353042602539,57.172550201416016,222.1080780029297,1.757988452911377
2020-10-23,1729.5263671875,20.017593383789062,44.464927673339844,0.5484909415245056,20.253890991210938,0.4300000071525574,,48.260948181152344,22.923431396484375,10.287810325622559,72.84231567382812,11.657608032226562,39.635868072509766,100.51778411865234,5.308037281036377,138.56301879882812,360.1545715332031,98.79345703125,1.0893051624298096,64.93795776367188,0.9532642364501953,380.3365173339844,5.602842330932617,50.85007095336914,56.94041442871094,226.23211669921875,1.8162643909454346
2020-10-26,1723.03564453125,19.98465347290039,43.88200759887695,0.5396443605422974,20.72933578491211,0.4180000126361847,,47.97665023803711,22.6204776763916,10.051115036010742,72.60894012451172,11.986653327941895,38.750701904296875,99.77527618408203,5.308037281036377,131.9326171875,359.1426696777344,98.2670669555664,1.0404846668243408,63.770469665527344,0.9455766081809998,369.1570129394531,5.466962814331055,48.6568717956543,56.42041778564453,220.07879638671875,1.8162643909454346
2020-10-27,1687.0870361328125,19.770565032958984,43.170501708984375,0.5352210402488708,19.968626022338867,0.41600000858306885,,47.97665023803711,22.63730812072754,9.69607162475586,71.83708190917969,11.798628807067871,38.84904861450195,97.826171875,5.163107395172119,131.29913330078125,359.6946105957031,97.3897705078125,1.0333651304244995,63.58537673950195,0.9532642364501953,374.39495849609375,5.373434543609619,48.83469772338867,56.63398742675781,217.91859436035156,1.8162643909454346
2020-10-28,1640.653564453125,19.663515090942383,42.45042419433594,0.5307977199554443,18.54229736328125,0.4099999964237213,,50.01839828491211,21.703205108642578,9.222679138183594,69.55740356445312,11.422574996948242,37.86552810668945,93.55673217773438,5.1812238693237305,127.54048156738281,359.6026611328125,94.9917984008789,1.0445531606674194,61.87685775756836,0.9302014112472534,370.79876708984375,5.1546149253845215,48.064117431640625,54.19182586669922,216.02024841308594,1.7385631799697876
2020-10-29,1637.158447265625,19.704687118530273,42.79331588745117,0.5263743996620178,17.92422103881836,0.4020000100135803,,50.21653747558594,21.669544219970703,9.231134414672852,68.7137222290039,11.56359577178955,38.06223678588867,95.04175567626953,5.072526931762695,128.68075561523438,360.2466125488281,94.37348175048828,1.0537068843841553,64.92371368408203,0.9225137829780579,376.974853515625,5.14932107925415,48.470584869384766,54.02796936035156,219.5550994873047,1.7385631799697876
2020-10-30,1695.0755615234375,19.424720764160156,39.6386833190918,0.5307977199554443,17.306142807006836,0.39800000190734863,,48.87260818481445,21.316097259521484,9.383296012878418,68.39061737060547,11.281556129455566,37.86552810668945,94.76329040527344,4.981945991516113,127.24488067626953,353.3470764160156,93.80532836914062,1.046587347984314,64.12640380859375,0.9455766081809998,377.2093505859375,5.075204849243164,48.46211242675781,53.21333312988281,217.6567840576172,1.7482757568359375
2020-11-02,1719.5408935546875,20.132871627807617,41.62747573852539,,18.16193962097168,,,50.02701950073242,21.408668518066406,9.434015274047852,68.8034896850586,11.469583511352539,38.603172302246094,95.13456726074219,4.981945991516113,130.2433624267578,357.854736328125,95.11711883544922,1.0709974765777588,64.62472534179688,,373.06597900390625,5.246378421783447,48.80083084106445,54.13095474243164,222.1080780029297,
2020-11-03,1725.531982421875,20.272855758666992,41.06170654296875,0.5396443605422974,19.112829208374023,0.39800000190734863,,48.65723419189453,21.91358757019043,9.75524616241455,69.79075622558594,11.469583511352539,38.3572883605957,96.99083709716797,5.072526931762695,129.22976684570312,354.26702880859375,97.47332000732422,1.0618436336517334,63.841651916503906,0.9378890991210938,367.984375,5.262260437011719,47.83549118041992,55.20777130126953,222.1080780029297,1.7482757568359375
2020-11-04,1704.56201171875,19.877607345581055,39.8701286315918,0.5396443605422974,19.30300521850586,0.4000000059604645,,48.209259033203125,22.443756103515625,9.8059663772583,71.13702392578125,11.516589164733887,38.3572883605957,100.42495727539062,5.199340343475342,130.4545440673828,363.8343505859375,98.9939956665039,1.0740487575531006,65.06610107421875,0.9455766081809998,370.7206115722656,5.045205116271973,47.87782287597656,56.35013961791992,223.6136932373047,1.7482757568359375
2020-11-05,1679.0985107421875,19.6717529296875,41.07026290893555,0.5396443605422974,20.824424743652344,0.40799999237060547,,50.3974609375,22.990755081176758,9.983488082885742,73.88340759277344,11.56359577178955,38.750701904296875,98.29023742675781,5.018178462982178,129.77879333496094,367.3301086425781,98.86865997314453,1.093373417854309,64.58201599121094,0.9225137829780579,374.6295166015625,5.073440074920654,48.86857223510742,56.986854553222656,225.4465789794922,1.7288504838943481
2020-11-06,1667.11572265625,19.597639083862305,41.37887191772461,0.5352210402488708,22.155664443969727,0.40799999237060547,,49.54457092285156,22.999168395996094,9.915860176086426,72.91410064697266,11.75162124633789,38.70152282714844,99.12557983398438,5.018178462982178,133.91748046875,364.6622619628906,98.76840209960938,1.143211007118225,64.79557800292969,0.9225137829780579,387.763427734375,4.994029998779297,48.546791076660156,57.520572662353516,226.8212432861328,1.7482757568359375
2020-11-09,1974.6756591796875,19.18592643737793,42.253257751464844,0.5440676808357239,21.87040138244629,0.42399999499320984,,48.97598648071289,24.513931274414062,10.406159400939941,81.02762603759766,11.75162124633789,40.02927780151367,102.93096160888672,5.199340343475342,150.26129150390625,348.37939453125,95.65186309814453,1.2154244184494019,64.31149291992188,0.9378890991210938,404.6498718261719,5.144026756286621,51.1041145324707,57.33330535888672,230.15975952148438,1.7385631799697876
2020-11-10,2067.043701171875,18.88125991821289,42.99048614501953,0.5396443605422974,22.821287155151367,0.421999990940094,,50.66450881958008,25.389129638671875,10.761202812194824,83.59452056884766,11.75162124633789,40.81608963012695,108.03572845458984,5.489198684692383,151.5704803466797,338.5361022949219,95.1254653930664,1.2011852264404297,62.318233489990234,0.9378890991210938,397.4574890136719,5.40872859954834,51.197261810302734,57.979393005371094,233.3018798828125,1.7288504838943481
2020-11-11,2053.0634765625,19.161226272583008,42.93904495239258,0.5440676808357239,22.821287155151367,0.421999990940094,,50.74205017089844,25.66683578491211,10.83728313446045,81.83539581298828,11.75162124633789,40.81608963012695,109.61356353759766,5.525431156158447,156.72276306152344,346.4476013183594,96.62107849121094,1.2764500379562378,63.24367904663086,0.9225137829780579,411.99859619140625,5.507550239562988,51.74768829345703,58.94384002685547,237.1640625,1.7385631799697876
2020-11-12,2030.096435546875,19.15298843383789,42.287540435791016,0.5440676808357239,22.726198196411133,0.4180000126361847,,49.95809555053711,25.347057342529297,10.744296073913574,81.260986328125,12.221686363220215,42.045494079589844,108.1285629272461,5.507314682006836,153.80874633789062,346.7236022949219,96.73805236816406,1.2957749366760254,62.10466384887695,0.9225137829780579,423.25628662109375,5.428139686584473,51.51057434082031,58.7191162109375,238.40782165527344,1.7288504838943481
2020-11-13,1975.175048828125,19.09535026550293,42.74188232421875,0.5440676808357239,23.106552124023438,0.41999998688697815,,50.97465133666992,25.405960083007812,10.938724517822266,81.15328979492188,13.067801475524902,40.3243293762207,109.33514404296875,5.434850215911865,153.68206787109375,344.88372802734375,97.49840545654297,1.3262875080108643,62.68840026855469,0.9455766081809998,406.52618408203125,5.52166748046875,52.797706604003906,58.73785400390625,241.28810119628906,1.7288504838943481
2020-11-16,2055.060791015625,19.062408447265625,43.21336364746094,0.5440676808357239,24.247615814208984,0.41999998688697815,,52.284122467041016,25.902469635009766,10.972537994384766,83.25347900390625,13.161815643310547,41.79961013793945,112.67645263671875,5.416734218597412,159.89019775390625,342.4918518066406,96.211669921875,1.3506977558135986,62.47484588623047,0.9378890991210938,420.9109191894531,5.936366558074951,54.82154083251953,57.108577728271484,250.38710021972656,1.7288504838943481
2020-11-17,2033.0921630859375,19.301206588745117,42.999053955078125,0.5484909415245056,25.103416442871094,0.4259999990463257,,51.580528259277344,25.9108829498291,10.904911041259766,82.84062957763672,13.819906234741211,42.48807907104492,110.17045593261719,5.199340343475342,159.4678497314453,336.7882080078125,96.68791961669922,1.327304720878601,61.90532684326172,0.9532642364501953,411.37322998046875,6.052834987640381,54.00861358642578,56.44377136230469,250.64894104003906,1.7288504838943481
2020-11-18,2030.096435546875,19.21063232421875,42.54143524169922,0.5440676808357239,25.864126205444336,0.4320000112056732,,50.71186828613281,25.473283767700195,10.87109661102295,82.57135009765625,15.136087417602539,44.60264587402344,110.91297912597656,5.434850215911865,155.32908630371094,341.9399108886719,95.7103500366211,1.35781729221344,61.649051666259766,0.9378890991210938,401.8354797363281,6.167538642883301,53.72917556762695,55.68531799316406,252.64093017578125,1.7288504838943481
2020-11-19,1996.6446533203125,19.367082595825195,42.239227294921875,0.5440676808357239,24.43779754638672,0.4359999895095825,,50.842166900634766,25.481698989868164,10.634401321411133,80.95582580566406,15.136087417602539,42.8814811706543,110.8201675415039,5.434850215911865,148.86767578125,341.1119384765625,95.93594360351562,1.359851598739624,61.221927642822266,0.9532642364501953,386.278076171875,6.070481777191162,52.789241790771484,55.41376876831055,247.6265869140625,1.7288504838943481
2020-11-20,1977.1722412109375,19.342378616333008,41.9715690612793,0.5440676808357239,23.772172927856445,0.4359999895095825,,51.02458572387695,25.355470657348633,10.524507522583008,79.96855926513672,14.57201099395752,43.078189849853516,110.07765197753906,5.887754440307617,146.03807067871094,339.8240661621094,95.2925796508789,1.3954498767852783,61.933807373046875,0.9455766081809998,384.94903564453125,6.1357741355896,51.43436050415039,55.46995544433594,249.8933563232422,1.7191379070281982
2020-11-23,2016.1165771484375,19.177692413330078,42.14426040649414,0.5440676808357239,24.913238525390625,0.4320000112056732,,52.05827331542969,25.077762603759766,10.177916526794434,80.25576782226562,14.9480619430542,45.2419319152832,107.85010528564453,5.525431156158447,148.0652313232422,333.75244140625,92.78597259521484,1.4340993165969849,60.88022232055664,0.9455766081809998,382.29095458984375,6.238125801086426,53.45820999145508,54.54294967651367,251.95404052734375,1.7191379070281982
2020-11-24,2124.960693359375,19.218862533569336,43.65526580810547,0.5484909415245056,24.247615814208984,0.4339999854564667,,54.42100524902344,25.246070861816406,10.34698486328125,80.66861724853516,14.477996826171875,46.2254524230957,107.20040893554688,5.525431156158447,149.45884704589844,324.64508056640625,93.1285629272461,1.4849539995193481,59.82664108276367,0.9378890991210938,373.8477478027344,6.432239532470703,54.87236022949219,54.411865234375,256.48760986328125,1.7288504838943481
2020-11-25,2134.946533203125,19.26003646850586,43.603458404541016,0.5440676808357239,23.581995010375977,0.4339999854564667,,53.70871353149414,25.094593048095703,10.456879615783691,79.8429183959961,14.57201099395752,48.389198303222656,105.52975463867188,5.616011619567871,147.4739990234375,326.7609558105469,93.5797348022461,1.4839366674423218,60.41038131713867,0.9378890991210938,373.9258728027344,6.836350440979004,55.03324508666992,57.380126953125,254.08346557617188,1.7871264219284058
2020-11-26,2135.945068359375,19.416488647460938,,0.5440676808357239,23.29673194885254,0.4359999895095825,,,,,79.3941650390625,14.619017601013184,47.55320739746094,105.25130462646484,5.616011619567871,152.54180908203125,327.8648986816406,,1.4910563230514526,60.06867980957031,0.9840146899223328,380.4147033691406,6.617530822753906,,,248.79432678222656,1.7871264219284058
2020-11-27,2122.9638671875,19.60587501525879,43.56028747558594,0.5573375225067139,23.486907958984375,0.4359999895095825,,52.848751068115234,25.490114212036133,10.651308059692383,80.0942153930664,14.666023254394531,47.848262786865234,107.01478576660156,5.616011619567871,154.69561767578125,330.5326843261719,94.17296600341797,1.5052956342697144,61.250404357910156,0.9917023181915283,387.763427734375,6.843409061431885,55.04171371459961,56.65913009643555,250.03074645996094,1.7871264219284058
2020-11-30,2106.986572265625,19.75409698486328,42.97315979003906,0.5573375225067139,23.01146697998047,0.44600000977516174,,51.154876708984375,25.02726936340332,10.82883071899414,79.44801330566406,14.57201099395752,47.60238265991211,108.03572845458984,5.525431156158447,152.07725524902344,328.3248291015625,92.81105041503906,1.4839366674423218,60.65242385864258,1.0224528312683105,381.1183166503906,6.665176868438721,55.59164810180664,57.17411804199219,247.145751953125,1.7774138450622559
2020-12-01,2173.890625,19.55647087097168,43.266727447509766,0.5573375225067139,23.106552124023438,0.44999998807907104,,51.65869903564453,25.372299194335938,10.744296073913574,80.36347198486328,14.383984565734863,46.2254524230957,108.03572845458984,5.525431156158447,155.83590698242188,322.25323486328125,93.47111511230469,1.5205520391464233,61.221927642822266,1.0147652626037598,381.1183166503906,6.942231178283691,56.9217643737793,55.96622848510742,248.51959228515625,1.7774138450622559
2020-12-02,2238.798095703125,19.367082595825195,42.73139190673828,0.5617608428001404,22.345844268798828,0.4440000057220459,,51.519718170166016,25.66683578491211,10.659760475158691,80.88404083251953,14.289971351623535,46.471336364746094,109.42794036865234,5.489198684692383,151.40155029296875,320.0454406738281,93.36250305175781,1.5398768186569214,61.33582305908203,1.0147652626037598,376.8184814453125,6.938701629638672,56.3590202331543,55.34822463989258,245.84066772460938,1.7774138450622559
2020-12-03,2299.7109375,19.276506423950195,43.00769805908203,0.5706074833869934,22.250755310058594,0.4480000138282776,,52.796634674072266,25.574264526367188,10.473786354064941,80.68656921386719,14.57201099395752,45.2419319152832,110.634521484375,5.434850215911865,150.76809692382812,313.4219665527344,92.81105041503906,1.5886971950531006,60.88022232055664,1.0224528312683105,377.99114990234375,6.912230968475342,58.94251251220703,54.2901496887207,246.3214874267578,1.7482757568359375
2020-12-04,2356.62939453125,18.864789962768555,43.66389846801758,0.5661841630935669,23.486907958984375,0.44600000977516174,,53.39600372314453,25.961376190185547,10.558320045471191,81.81745910644531,14.525003433227539,46.12710189819336,111.6554946899414,5.489198684692383,149.54335021972656,315.0777587890625,93.26223754882812,1.5886971950531006,60.68090057373047,1.0147652626037598,380.7273864746094,6.933407306671143,59.76956558227539,54.74895477294922,244.26080322265625,1.7871264219284058
2020-12-07,2300.70947265625,19.09535026550293,43.20627212524414,0.5573375225067139,23.962352752685547,0.4440000057220459,,52.796634674072266,25.540605545043945,10.575227737426758,81.69178009033203,15.277107238769531,45.979576110839844,110.634521484375,5.434850215911865,150.3035430908203,312.3179931640625,93.09512329101562,1.5968341827392578,60.752079010009766,1.0224528312683105,372.6951599121094,7.378106117248535,58.57587432861328,54.30886459350586,249.54989624023438,1.7871264219284058
2020-12-08,2289.724853515625,19.111820220947266,43.48258590698242,0.5573375225067139,23.772172927856445,0.4440000057220459,,53.2917594909668,25.650007247924805,10.634401321411133,80.74042510986328,15.512140274047852,46.12710189819336,110.91297912597656,5.434850215911865,149.92343139648438,318.2975769042969,93.2371597290039,1.5836116075515747,60.339195251464844,1.0301403999328613,375.2655029296875,7.145168304443359,58.32862091064453,54.842594146728516,245.56588745117188,1.7871264219284058
2020-12-09,2258.76904296875,19.432958602905273,43.033592224121094,0.5573375225067139,23.581995010375977,0.4399999976158142,,55.15935134887695,26.154930114746094,10.541414260864258,81.35073852539062,15.418127059936523,46.71721267700195,110.8201675415039,5.398618221282959,151.9083251953125,317.10162353515625,94.08106231689453,1.607005000114441,60.66666030883789,1.0147652626037598,372.6148681640625,7.0975213050842285,58.96808624267578,54.9924201965332,245.4285125732422,1.7871264219284058
2020-12-10,2267.756591796875,19.334144592285156,42.480995178222656,0.5573375225067139,23.772172927856445,0.4440000057220459,,56.02801513671875,25.894052505493164,10.73584270477295,82.42774963378906,15.465133666992188,45.438636779785156,113.23331451416016,5.326153755187988,151.19039916992188,315.9057312011719,93.81369018554688,1.5795432329177856,61.19345474243164,0.9993898868560791,374.0606689453125,7.055169582366943,59.18125534057617,54.880043029785156,245.56588745117188,1.7871264219284058
2020-12-11,2239.79638671875,19.09535026550293,43.00769805908203,0.5573375225067139,23.01146697998047,0.44600000977516174,,57.36573791503906,25.85197639465332,10.6851224899292,81.6199951171875,15.324112892150879,44.307586669921875,112.11956787109375,5.253689289093018,150.81027221679688,310.29412841796875,94.5823745727539,1.5419111251831055,60.89446258544922,0.9993898868560791,367.8758544921875,6.7357635498046875,59.07891845703125,55.23587417602539,243.8486785888672,1.7968391180038452
2020-12-14,2280.737548828125,19.292972564697266,42.0406379699707,0.5440676808357239,22.060577392578125,0.4440000057220459,,55.40258026123047,26.087604522705078,10.7189359664917,82.55341339111328,15.465133666992188,44.504295349121094,112.58363342285156,5.253689289093018,150.6414031982422,313.8819580078125,93.68000030517578,1.5236029624938965,60.70936965942383,0.9993898868560791,369.4822998046875,6.7745866775512695,59.496707916259766,54.45869445800781,239.31517028808594,1.7774138450622559
2020-12-15,2276.74365234375,19.284738540649414,42.80046081542969,0.5529143214225769,21.87040138244629,0.4440000057220459,,56.6013298034668,26.23066520690918,10.76965618133545,80.5250244140625,15.324112892150879,44.504295349121094,110.44889831542969,5.326153755187988,152.03501892089844,316.0896911621094,94.14789581298828,1.5561504364013672,60.324951171875,0.9917023181915283,370.6871337890625,6.919290065765381,58.19218826293945,54.6085090637207,242.33749389648438,1.7774138450622559
2020-12-16,2307.69970703125,19.416488647460938,42.480995178222656,0.5573375225067139,22.060577392578125,0.4440000057220459,,56.14094161987305,26.180171966552734,11.08243179321289,80.47118377685547,15.230101585388184,46.32380294799805,111.6554946899414,5.271805286407471,152.45736694335938,313.4219665527344,94.55731201171875,1.5795432329177856,60.62394332885742,0.9840146899223328,373.4984130859375,6.940466403961182,55.625762939453125,55.601043701171875,243.16177368164062,1.7774138450622559
2020-12-17,2290.723876953125,19.177692413330078,42.63642120361328,0.5573375225067139,23.29673194885254,0.44200000166893005,,55.59369659423828,26.777664184570312,11.107792854309082,80.4532241821289,15.653159141540527,46.422157287597656,109.14950561523438,5.271805286407471,154.01992797851562,315.1697998046875,96.0027847290039,1.6141245365142822,60.324951171875,1.0070774555206299,381.8518981933594,6.919290065765381,55.42112731933594,55.488685607910156,242.68092346191406,1.7774138450622559
2020-12-18,2245.7880859375,19.284738540649414,42.89544677734375,0.5617608428001404,24.152528762817383,0.4440000057220459,,55.923770904541016,26.844987869262695,11.183873176574707,80.2019271850586,15.98220443725586,46.07792663574219,112.76927185058594,5.597895622253418,154.2310791015625,322.1612854003906,97.08061218261719,1.5897140502929688,60.86598587036133,1.0224528312683105,393.0166931152344,6.739293098449707,55.37849807739258,55.0485954284668,243.16177368164062,1.7774138450622559
2020-12-21,2171.893798828125,18.955366134643555,42.62778091430664,0.5529143214225769,23.486907958984375,0.4339999854564667,,56.30598831176758,26.39055633544922,10.862643241882324,78.69408416748047,15.935200691223145,45.2419319152832,111.09860229492188,5.344269752502441,152.83743286132812,321.8852844238281,95.10040283203125,1.5886971950531006,60.339195251464844,1.0147652626037598,388.8399658203125,6.614001274108887,54.44060516357422,54.374412536621094,238.90296936035156,1.7774138450622559
2020-12-22,2201.850830078125,18.92243003845215,42.07517623901367,0.5617608428001404,23.962352752685547,0.43799999356269836,,55.67185974121094,26.146512985229492,10.964085578918457,79.26850891113281,16.922334671020508,46.520511627197266,112.4908218383789,5.271805286407471,154.06216430664062,323.54119873046875,95.42626953125,1.5775092840194702,60.62394332885742,1.0147652626037598,389.6431579589844,6.681058883666992,53.27249526977539,54.327598571777344,241.92535400390625,1.7968391180038452
2020-12-23,2247.78515625,19.070646286010742,42.61050796508789,0.5883008241653442,24.152528762817383,0.43799999356269836,,56.2191162109375,26.365312576293945,11.073980331420898,79.59159851074219,17.01634979248047,47.60238265991211,111.37704467773438,5.398618221282959,158.74989318847656,320.9653625488281,95.20903015136719,1.5866631269454956,60.70936965942383,1.0147652626037598,397.2738037109375,6.721645832061768,55.03744888305664,54.67404556274414,242.47488403320312,1.7968391180038452
2020-12-24,2292.720458984375,19.317676544189453,42.68821716308594,,,,,55.88034439086914,26.373727798461914,11.014803886413574,80.47118377685547,,,112.67645263671875,5.380502223968506,,,94.84974670410156,1.6019192934036255,,,,,55.24207305908203,54.945587158203125,,
2020-12-28,,19.432958602905273,42.9127082824707,0.601570725440979,24.057437896728516,0.43799999356269836,,55.68923568725586,26.83656883239746,11.209233283996582,79.87881469726562,16.875329971313477,48.53672790527344,,,158.15867614746094,321.33331298828125,97.15581512451172,1.61514151096344,61.35006332397461,1.0147652626037598,397.9967041015625,6.92458438873291,54.89249801635742,55.329498291015625,246.5962371826172,1.7968391180038452
2020-12-29,2301.707763671875,19.432958602905273,42.69685745239258,0.6192639470100403,25.198503494262695,0.4399999976158142,,55.107242584228516,27.299415588378906,11.226140022277832,81.79949188232422,16.96933937072754,47.2089729309082,113.41896057128906,5.47108268737793,160.94598388671875,323.357177734375,98.51773834228516,1.5764920711517334,61.97651672363281,1.0224528312683105,407.2337646484375,6.723411560058594,54.14218521118164,56.303314208984375,245.22244262695312,1.7968391180038452
2020-12-30,2296.715087890625,19.243568420410156,43.09403991699219,0.6281105875968933,24.913238525390625,0.4440000057220459,,56.627384185791016,27.114280700683594,11.175419807434082,81.87129211425781,16.875329971313477,48.487552642822266,113.14051818847656,5.452966690063477,161.32608032226562,321.517333984375,99.06919860839844,1.6019192934036255,61.933807373046875,1.0378280878067017,404.5027770996094,6.871644020080566,54.21892547607422,57.02429962158203,244.53558349609375,1.7968391180038452
2020-12-31,2260.766845703125,19.029476165771484,43.5257568359375,,,,,56.966156005859375,27.038541793823242,11.073980331420898,81.87129211425781,,,109.89202117919922,5.452966690063477,,,98.42583465576172,1.5988680124282837,,,,,54.943660736083984,56.5186882019043,,
2021-01-04,2222.82080078125,19.58941078186035,43.05949783325195,0.610417366027832,27.195369720458984,0.44200000166893005,,57.07907485961914,26.760833740234375,11.226140022277832,81.67386627197266,17.157367706298828,49.1760139465332,112.95489501953125,5.380502223968506,156.3004913330078,322.529296875,99.10260772705078,1.580560564994812,61.15074157714844,1.0839537382125854,393.9002685546875,7.482220649719238,54.14218521118164,56.677860260009766,247.90133666992188,1.8551149368286133
2021-01-05,2198.85498046875,19.49883270263672,43.89702606201172,0.6059939861297607,27.100278854370117,0.43799999356269836,,58.54710388183594,27.21526336669922,11.386754989624023,81.02762603759766,17.39240074157715,48.99748229980469,109.70639038085938,5.47108268737793,156.1737518310547,320.0454406738281,98.70992279052734,1.677183985710144,60.42461395263672,1.0762660503387451,395.9886169433594,7.930448055267334,54.09954833984375,56.705955505371094,247.7639923095703,1.835689663887024
2021-01-06,2258.76904296875,19.564706802368164,45.67570114135742,0.610417366027832,,0.4399999976158142,,60.9532585144043,26.34848403930664,11.462836265563965,81.2430419921875,,,110.44889831542969,5.416734218597412,157.86305236816406,314.7098083496094,96.65450286865234,1.7819445133209229,60.13987350463867,1.0839537382125854,395.3460693359375,8.459851264953613,55.72807693481445,56.79024124145508,256.2127990722656,1.835689663887024
2021-01-07,2226.815185546875,19.531768798828125,45.2698860168457,0.6236873269081116,28.051164627075195,0.44200000166893005,,60.31915283203125,26.087604522705078,11.268407821655273,82.30209350585938,17.815458297729492,49.19585037231445,109.7992172241211,5.398618221282959,157.65187072753906,317.28564453125,96.32865142822266,1.820594072341919,60.42461395263672,1.0762660503387451,393.5789489746094,9.211602210998535,55.088600158691406,56.0130500793457,265.5545654296875,1.9425287246704102
2021-01-08,2215.830810546875,19.474124908447266,45.390769958496094,0.6413805484771729,27.385541915893555,0.4440000057220459,,60.97932815551758,26.121267318725586,11.014803886413574,83.4688720703125,17.486412048339844,48.9478874206543,109.70639038085938,5.3623857498168945,159.7634735107422,322.529296875,95.95265197753906,1.7799104452133179,60.794795989990234,1.0762660503387451,402.4144287109375,8.696316719055176,54.594078063964844,56.677860260009766,261.7080078125,1.9425287246704102
2021-01-11,2216.8291015625,19.342378616333008,44.93315505981445,0.6546505093574524,27.005189895629883,0.44600000977516174,,60.562381744384766,25.11983871459961,10.896458625793457,82.30209350585938,17.439403533935547,48.40237045288086,109.52075958251953,5.452966690063477,159.89019775390625,330.1647033691406,94.59073638916016,1.79008150100708,60.8375129699707,1.0839537382125854,398.23760986328125,8.629260063171387,55.22501754760742,55.73212814331055,261.57061767578125,1.9231034517288208
2021-01-12,2217.827880859375,19.63057518005371,44.380558013916016,0.6634970903396606,27.005189895629883,0.44600000977516174,,60.53630447387695,25.20399284362793,10.938724517822266,80.32757568359375,18.050491333007812,47.85685348510742,108.40699005126953,5.434850215911865,161.11488342285156,320.50537109375,94.52388763427734,1.7687222957611084,61.40701675415039,1.0916413068771362,401.7718505859375,8.556907653808594,54.5770263671875,55.329498291015625,254.6329345703125,1.9813792705535889
2021-01-13,2217.827880859375,19.992889404296875,44.70001983642578,0.6723437905311584,28.051164627075195,0.4399999976158142,,61.17911148071289,25.389129638671875,11.090885162353516,80.0942153930664,18.520557403564453,49.493408203125,107.15399932861328,5.7065935134887695,154.56893920898438,329.7047424316406,94.68264770507812,1.8144915103912354,61.16497802734375,1.0839537382125854,392.0528259277344,8.558671951293945,54.64523696899414,55.4044075012207,263.0130920410156,1.9425287246704102
2021-01-14,2251.77978515625,20.16581153869629,45.649810791015625,0.6723437905311584,31.189090728759766,0.4440000057220459,,62.76007843017578,25.321807861328125,10.921818733215332,81.09942626953125,19.46068572998047,53.560001373291016,106.08663940429688,5.7065935134887695,155.1602020263672,328.2328186035156,94.12283325195312,1.8307652473449707,60.60971450805664,1.0762660503387451,390.6873474121094,8.77396297454834,55.21650314331055,56.031768798828125,266.7222900390625,1.9619539976119995
2021-01-15,2245.7880859375,20.470478057861328,45.07130432128906,0.6811903715133667,32.805599212646484,0.4440000057220459,,61.378902435302734,25.363882064819336,10.989444732666016,80.38143157958984,19.74272346496582,52.36977767944336,106.36508178710938,5.525431156158447,155.75140380859375,320.9653625488281,94.59909057617188,1.8307652473449707,60.76632308959961,1.0839537382125854,393.2576904296875,8.583378791809082,55.20798110961914,55.8819465637207,265.7607421875,1.9619539976119995
2021-01-18,2266.758056640625,19.721160888671875,,0.6723437905311584,33.47121810913086,0.4440000057220459,,,,,80.36347198486328,19.74272346496582,53.16325759887695,104.50879669189453,5.525431156158447,156.7650146484375,321.517333984375,,1.8500896692276,60.70936965942383,1.0762660503387451,393.3380126953125,8.736905097961426,,,266.1041564941406,2.0008044242858887
2021-01-19,2262.763671875,19.663515090942383,45.848384857177734,0.6811903715133667,32.235069274902344,0.4440000057220459,,61.3702278137207,25.50694465637207,11.555824279785156,80.11216735839844,20.1187744140625,55.642887115478516,104.78723907470703,5.652244567871094,160.7770538330078,335.9602966308594,94.87481689453125,1.8653463125228882,60.80903625488281,1.0916413068771362,395.5870361328125,8.5657320022583,54.483238220214844,55.601043701171875,270.6376953125,2.0008044242858887
2021-01-20,2300.70947265625,19.38355255126953,46.193756103515625,0.6811903715133667,32.615421295166016,0.4399999976158142,,61.5960807800293,26.07077407836914,11.386754989624023,80.27372741699219,19.74272346496582,54.84940719604492,103.95191192626953,5.652244567871094,158.49652099609375,329.9806823730469,95.0001449584961,1.8409361839294434,60.45309829711914,1.0839537382125854,393.5789489746094,8.841022491455078,56.4869270324707,55.76022720336914,269.676025390625,2.0008044242858887
2021-01-21,2315.68798828125,19.531768798828125,45.58073043823242,0.6767670512199402,34.041751861572266,0.44200000166893005,,59.65898513793945,25.784650802612305,11.412115097045898,79.75315856933594,19.83673667907715,54.65103530883789,105.80818939208984,5.652244567871094,159.93243408203125,331.8205871582031,94.73275756835938,1.7941497564315796,59.92630386352539,1.0916413068771362,412.6956481933594,8.863079071044922,56.188507080078125,56.10668182373047,268.37091064453125,2.0202298164367676
2021-01-22,2250.781005859375,19.465892791748047,45.606624603271484,0.6767670512199402,33.281044006347656,0.4399999976158142,,59.58949279785156,25.742576599121094,11.285314559936523,79.05309295654297,20.024763107299805,54.15510940551758,105.43694305419922,5.670360565185547,159.1300048828125,328.0488586425781,95.50981140136719,1.770756483078003,59.755455017089844,1.0762660503387451,410.76788330078125,8.8057279586792,56.71712112426758,55.86322784423828,266.24151611328125,2.0202298164367676
2021-01-25,2196.85791015625,19.84467124938965,45.83975601196289,0.6811903715133667,34.707374572753906,0.4440000057220459,,58.82508087158203,25.45645523071289,11.327581405639648,78.17353057861328,20.1187744140625,55.246150970458984,105.52975463867188,5.670360565185547,156.72276306152344,345.8036193847656,96.32865142822266,1.740243911743164,61.250404357910156,1.0762660503387451,398.7195739746094,8.470439910888672,56.78535079956055,57.08986282348633,263.0818176269531,2.0202298164367676
2021-01-26,2198.85498046875,19.795269012451172,45.05403518676758,0.6767670512199402,36.03861999511719,0.4440000057220459,,57.89561080932617,25.448040008544922,11.47128963470459,78.65819549560547,20.024763107299805,54.05592727661133,105.80818939208984,5.652244567871094,156.51161193847656,344.9756774902344,97.48168182373047,1.7809274196624756,60.62394332885742,1.0685784816741943,394.2215270996094,8.597496032714844,56.759761810302734,57.02429962158203,261.15850830078125,1.9619539976119995
2021-01-27,2181.879638671875,20.14933967590332,42.80910110473633,0.6679204106330872,34.4221076965332,0.4440000057220459,,55.51552200317383,24.673826217651367,11.226140022277832,77.68887329101562,19.648710250854492,54.05592727661133,106.82913970947266,5.525431156158447,161.07266235351562,346.4476013183594,97.6487808227539,1.739227056503296,60.29647445678711,1.0685784816741943,410.4466247558594,8.578083992004395,55.233551025390625,55.563594818115234,266.5162658691406,1.9813792705535889
2021-01-28,2185.8740234375,19.8529052734375,44.04380798339844,0.6590737700462341,34.707374572753906,0.44200000166893005,,57.89561080932617,25.229236602783203,11.344488143920898,78.85565185546875,19.74272346496582,53.659183502197266,105.99382781982422,5.434850215911865,160.94598388671875,344.05572509765625,96.5291748046875,1.7544832229614258,60.41038131713867,1.0685784816741943,414.6234130859375,8.558671951293945,55.38702392578125,55.32013702392578,270.7063903808594,1.9619539976119995
2021-01-29,2113.976806640625,19.424720764160156,43.18037033081055,0.6590737700462341,37.36985778808594,0.44200000166893005,,56.844547271728516,24.707487106323242,11.285314559936523,77.1324234008789,19.74272346496582,54.15510940551758,104.04473114013672,5.434850215911865,160.52366638183594,339.6400451660156,93.83040618896484,1.7382097244262695,59.38526916503906,1.0762660503387451,415.2659606933594,8.232208251953125,54.83280944824219,54.627227783203125,275.1025085449219,1.9619539976119995
2021-02-01,2197.856689453125,19.572938919067383,43.58618927001953,0.6502272486686707,36.79932403564453,0.4399999976158142,,58.434181213378906,24.93470001220703,11.378302574157715,78.17353057861328,19.554697036743164,54.94859313964844,104.78723907470703,5.452966690063477,163.69105529785156,345.8956298828125,95.57666015625,1.7361754179000854,59.32832336425781,1.0685784816741943,424.58331298828125,7.999271392822266,54.73049545288086,54.66468048095703,274.00347900390625,1.9425287246704102
2021-02-02,2234.8037109375,19.38355255126953,43.98335647583008,0.6502272486686707,36.60914611816406,0.43799999356269836,,60.37126922607422,25.27972984313965,11.09933853149414,80.41732025146484,19.46068572998047,55.1469612121582,106.179443359375,5.670360565185547,164.83131408691406,343.5038146972656,95.4680404663086,1.7799104452133179,60.324951171875,1.0762660503387451,425.8684997558594,8.05750560760498,54.75607681274414,54.964324951171875,274.62164306640625,1.9619539976119995
2021-02-03,2243.79052734375,19.432958602905273,44.41508483886719,0.6590737700462341,37.46494674682617,0.43799999356269836,,61.23992919921875,25.304977416992188,11.107792854309082,80.2198715209961,19.554697036743164,54.65103530883789,107.20040893554688,5.434850215911865,163.69105529785156,348.6554260253906,94.8831558227539,1.783979058265686,60.239532470703125,1.0608909130096436,430.3665771484375,7.928684234619141,55.821861267089844,55.52613830566406,276.4762878417969,1.9231034517288208
2021-02-04,2262.763671875,19.317676544189453,45.347591400146484,0.6590737700462341,38.320743560791016,0.4399999976158142,,62.178062438964844,25.304977416992188,11.0232572555542,81.29689025878906,19.36667251586914,55.04777908325195,106.36508178710938,5.253689289093018,163.52212524414062,349.5753479003906,94.10611724853516,1.7799104452133179,59.78391647338867,1.0762660503387451,427.4749450683594,7.939272880554199,56.46134567260742,52.29568099975586,278.2622375488281,1.9231034517288208
2021-02-05,2286.7294921875,19.22709846496582,46.02106475830078,0.6767670512199402,41.268497467041016,0.4399999976158142,,63.48973083496094,26.415803909301758,10.888005256652832,81.44049835205078,21.622983932495117,56.03963088989258,105.90100860595703,5.434850215911865,163.77554321289062,349.5753479003906,92.77762603759766,1.8002524375915527,59.47069549560547,1.0839537382125854,432.77618408203125,8.249855041503906,56.4272346496582,51.51851272583008,279.77337646484375,1.9425287246704102
2021-02-08,2261.764892578125,19.18592643737793,46.6470947265625,0.6679204106330872,42.59973907470703,0.4440000057220459,,64.37576293945312,26.7355899810791,10.888005256652832,79.55570220947266,22.563112258911133,56.03963088989258,104.88005828857422,5.5435471534729,163.69105529785156,352.0592041015625,92.24288940429688,1.866363286972046,59.25712966918945,1.0916413068771362,426.5111083984375,8.521614074707031,57.93639373779297,51.51851272583008,286.6423645019531,1.9619539976119995
2021-02-09,2268.755126953125,19.128286361694336,47.368751525878906,0.6723437905311584,42.31446838378906,0.4399999976158142,,65.52236938476562,26.676679611206055,11.006351470947266,79.91471862792969,22.187061309814453,56.53555679321289,106.64352416992188,5.434850215911865,160.185791015625,357.0268249511719,92.93637084960938,1.839918851852417,58.95813751220703,1.0993289947509766,424.4227294921875,8.53220272064209,59.25796890258789,51.012882232666016,284.6503601074219,1.9619539976119995
2021-02-10,2236.80078125,19.087116241455078,47.35136413574219,0.6723437905311584,40.98322677612305,0.44200000166893005,,64.87959289550781,26.281156539916992,10.94717788696289,75.83999633789062,21.05890464782715,56.13881301879883,105.15849304199219,5.416734218597412,162.424072265625,362.1784973144531,94.0392837524414,1.874499797821045,59.499168395996094,1.0993289947509766,426.67169189453125,8.61690616607666,59.07039260864258,50.79751968383789,286.5050048828125,1.9425287246704102
2021-02-11,2226.815185546875,19.05417823791504,47.751319885253906,0.6679204106330872,41.83902359008789,0.44200000166893005,,66.19992065429688,26.61777114868164,11.226140022277832,77.5811767578125,21.05890464782715,55.44451904296875,100.23934936523438,5.3623857498168945,161.19937133789062,371.6538391113281,94.63250732421875,1.876534342765808,57.662513732910156,1.0916413068771362,436.7923278808594,8.76513957977295,55.711021423339844,50.89115524291992,289.939453125,1.9425287246704102
2021-02-12,2223.8193359375,19.35884666442871,48.446903228759766,0.6679204106330872,44.40642547607422,0.44200000166893005,,68.2022705078125,26.508373260498047,11.11624526977539,77.22216796875,21.246931076049805,55.543704986572266,100.8890380859375,5.3623857498168945,162.46630859375,373.1257019042969,94.6074447631836,1.8887392282485962,57.705230712890625,1.0993289947509766,439.84454345703125,8.645142555236816,55.89860916137695,51.546600341796875,284.1695556640625,1.9619539976119995
2021-02-15,2344.646728515625,19.55647087097168,,0.6811903715133667,43.74080276489258,0.44600000977516174,,,,,77.68887329101562,21.05890464782715,55.642887115478516,100.05370330810547,5.525431156158447,161.87506103515625,373.30963134765625,,1.9029781818389893,57.09299850463867,1.0916413068771362,433.4187927246094,8.781022071838379,,,284.51300048828125,1.9619539976119995
2021-02-16,2303.705322265625,19.622346878051758,48.73382568359375,,43.74080276489258,,,69.34772491455078,27.257341384887695,11.268407821655273,77.09651947021484,20.964893341064453,58.02333450317383,97.826171875,5.434850215911865,162.1284637451172,373.4936828613281,93.68000030517578,1.9172178506851196,56.594688415527344,,437.4349060058594,8.83660888671875,55.99238967895508,52.192691802978516,288.4283142089844,
2021-02-17,2304.703857421875,18.97183609008789,48.62079620361328,0.6767670512199402,41.268497467041016,0.4480000138282776,,68.2022705078125,27.577123641967773,11.429022789001465,77.07855987548828,20.870882034301758,57.626590728759766,97.64055633544922,5.398618221282959,161.2415771484375,367.9740295410156,93.4126205444336,1.891790509223938,56.95063400268555,1.0916413068771362,431.3304138183594,8.643377304077148,57.31398010253906,51.555973052978516,284.71905517578125,1.9813792705535889
2021-02-18,2316.686767578125,18.494245529174805,48.53384780883789,0.6811903715133667,41.83902359008789,0.44999998807907104,,65.35177612304688,27.753841400146484,11.412115097045898,77.74272918701172,20.212787628173828,55.04777908325195,97.64055633544922,5.47108268737793,163.1420440673828,363.7423400878906,92.98651123046875,1.8338160514831543,56.25298309326172,1.0839537382125854,430.0452880859375,7.406340599060059,57.66355514526367,52.08032989501953,282.7270812988281,1.9619539976119995
2021-02-19,2367.613525390625,18.42837142944336,48.7946891784668,0.6811903715133667,41.17340087890625,0.4480000138282776,,66.7857437133789,27.65285873413086,11.648811340332031,77.50938415527344,20.212787628173828,54.55185317993164,95.41300964355469,5.344269752502441,168.92779541015625,358.6827087402344,91.59951782226562,1.8511072397232056,56.3526496887207,1.0762660503387451,453.3387145996094,7.7645697593688965,57.569759368896484,50.91925048828125,286.91717529296875,1.9813792705535889
2021-02-22,2403.562255859375,18.280153274536133,49.429405212402344,0.6723437905311584,39.747074127197266,0.44999998807907104,,68.36840057373047,27.492965698242188,11.834786415100098,76.881103515625,19.74272346496582,54.65103530883789,95.50582885742188,5.3623857498168945,177.2052764892578,355.0029296875,91.34886169433594,1.8378846645355225,56.29570007324219,1.0839537382125854,470.68829345703125,7.8228044509887695,58.285980224609375,50.853694915771484,291.7254333496094,1.9813792705535889
2021-02-23,2450.49560546875,18.222511291503906,49.57720947265625,0.6723437905311584,41.83902359008789,0.4480000138282776,,67.6863784790039,27.29100227355957,11.893960952758789,76.73751831054688,19.74272346496582,53.4608154296875,96.34114074707031,5.344269752502441,177.62757873535156,350.9552917480469,89.68614959716797,1.842970371246338,56.39535903930664,1.0839537382125854,468.92120361328125,7.762804985046387,58.141048431396484,51.893062591552734,291.1072082519531,1.9425287246704102
2021-02-24,2433.51953125,18.214282989501953,50.84663772583008,0.6767670512199402,41.268497467041016,0.44999998807907104,,67.11802673339844,27.333078384399414,11.961587905883789,77.02471923828125,19.74272346496582,55.345333099365234,95.96989440917969,5.344269752502441,179.14793395996094,347.551513671875,89.00101470947266,1.8826367855072021,57.19267272949219,1.0839537382125854,473.90118408203125,7.944565296173096,58.7208366394043,50.806880950927734,293.3052978515625,1.9619539976119995
2021-02-25,2417.542236328125,18.34602928161621,49.864139556884766,0.6767670512199402,43.17026901245117,0.44600000977516174,,65.33428192138672,27.19843101501465,11.986948013305664,75.58870697021484,20.494827270507812,56.73392868041992,94.76329040527344,5.289921283721924,181.1750946044922,353.53106689453125,87.85633087158203,1.891790509223938,56.90791702270508,1.0839537382125854,476.7927551269531,8.15809154510498,58.24333572387695,50.86738586425781,289.3899841308594,1.9425287246704102
2021-02-26,2364.617919921875,17.983720779418945,49.194644927978516,0.6811903715133667,44.21623992919922,0.4440000057220459,,66.96062469482422,26.51679039001465,11.530463218688965,73.32695770263672,20.1187744140625,54.25429916381836,93.09265899658203,5.308037281036377,177.1316680908203,350.3113098144531,87.58060455322266,1.8104232549667358,56.85097122192383,1.0762660503387451,458.1580505371094,8.151031494140625,58.07598114013672,49.21308517456055,286.1615905761719,1.9425287246704102
2021-03-01,2393.576416015625,18.008420944213867,49.8206672668457,0.6811903715133667,42.789913177490234,0.44999998807907104,,68.79683685302734,26.861818313598633,11.674173355102539,74.42191314697266,19.74272346496582,55.1469612121582,95.22737121582031,5.253689289093018,183.8988800048828,348.83935546875,88.55818176269531,1.8734828233718872,57.9899787902832,1.122391939163208,469.4032287597656,8.43514633178711,58.82265090942383,49.76137161254883,291.8628234863281,1.9813792705535889
2021-03-02,2363.61962890625,17.92607879638672,49.881526947021484,0.6900370121002197,41.45867156982422,0.4480000138282776,,69.30398559570312,26.69350814819336,11.50510311126709,73.38081359863281,19.46068572998047,54.84940719604492,99.58965301513672,5.235572814941406,183.56053161621094,353.4391174316406,89.5524673461914,1.8633118867874146,57.634033203125,1.1147042512893677,467.4754333496094,8.488085746765137,58.94280242919922,50.34746551513672,292.27496337890625,1.9425287246704102
2021-03-03,2379.596923828125,17.884902954101562,49.664154052734375,0.6944602727890015,40.88814163208008,0.44600000977516174,,68.59573364257812,26.46629524230957,11.268407821655273,73.2372055053711,19.272659301757812,54.94859313964844,98.01180267333984,5.271805286407471,183.05299377441406,351.6911926269531,88.15713500976562,1.8643289804458618,57.420475006103516,1.122391939163208,471.3308410644531,8.54808521270752,60.04132080078125,50.517616271972656,293.7861633300781,1.9619539976119995
2021-03-04,2378.598388671875,18.27191734313965,48.24692153930664,0.6988836526870728,40.22251892089844,0.4399999976158142,,66.5059585571289,26.533618927001953,11.285314559936523,77.11445617675781,19.648710250854492,54.15510940551758,98.66151428222656,5.253689289093018,182.714599609375,348.2874450683594,88.08192443847656,1.8144915103912354,57.64827346801758,1.1300793886184692,468.1180419921875,8.42455768585205,61.95516586303711,50.55543518066406,288.1535339355469,1.9619539976119995
2021-03-05,2352.635009765625,18.518951416015625,50.072811126708984,0.6944602727890015,39.46180725097656,0.4359999895095825,,67.95744323730469,26.988046646118164,11.479743003845215,78.26329803466797,19.74272346496582,53.8575553894043,97.826171875,5.163107395172119,183.47596740722656,346.631591796875,89.31851196289062,1.8063548803329468,57.577083587646484,1.122391939163208,469.4032287597656,8.51279067993164,62.40142822265625,51.06590270996094,288.9778747558594,1.9619539976119995
2021-03-08,2358.62646484375,18.527183532714844,50.22062301635742,0.6988836526870728,41.17340087890625,0.4359999895095825,,68.6044921875,26.533618927001953,11.445930480957031,79.78907012939453,19.648710250854492,52.07222366333008,97.45491790771484,5.253689289093018,185.42153930664062,353.2550964355469,88.39108276367188,1.8867048025131226,58.43135452270508,1.122391939163208,485.14630126953125,8.752786636352539,63.242515563964844,51.02809143066406,296.8085021972656,1.9619539976119995
2021-03-09,2408.555419921875,18.609527587890625,50.420597076416016,0.6944602727890015,41.64884948730469,0.4300000071525574,,69.12914276123047,27.190017700195312,11.403661727905273,80.74042510986328,19.46068572998047,51.87385177612305,98.84712219238281,5.217456340789795,183.47596740722656,354.175048828125,90.40470886230469,1.8806023597717285,58.44558334350586,1.1300793886184692,478.7205505371094,8.816315650939941,62.126808166503906,51.15098190307617,296.0528564453125,1.9619539976119995
2021-03-10,2391.579345703125,18.98830223083496,50.768394470214844,0.6988836526870728,40.507781982421875,0.4300000071525574,,70.40572357177734,27.248924255371094,11.716438293457031,81.81745910644531,19.36667251586914,53.0640754699707,96.06270599365234,5.163107395172119,180.68446350097656,363.2823791503906,90.18746948242188,1.8816196918487549,58.88694381713867,1.1377670764923096,474.70440673828125,7.988682270050049,63.551456451416016,51.83160400390625,297.0832214355469,2.0008044242858887
2021-03-11,2379.596923828125,18.947134017944336,50.942283630371094,,39.747074127197266,,,71.22765350341797,27.375154495239258,11.631905555725098,80.86607360839844,19.36667251586914,53.560001373291016,95.78425598144531,5.163107395172119,177.21627807617188,371.19384765625,90.8642578125,1.9701067209243774,58.64491271972656,,472.2947692871094,8.196914672851562,63.49139404296875,51.604732513427734,301.5480651855469,
2021-03-12,2419.53955078125,18.905963897705078,50.64665603637695,0.7210002541542053,39.747074127197266,0.4399999976158142,,70.6330795288086,27.324665069580078,11.826333999633789,81.38664245605469,19.648710250854492,54.94859313964844,94.57768249511719,5.235572814941406,176.96246337890625,363.50433349609375,90.19583129882812,1.9497644901275635,58.488304138183594,1.1377670764923096,467.7967224121094,8.083974838256836,64.80445861816406,52.115196228027344,300.9298400878906,1.9036781787872314
2021-03-15,2452.4921875,18.98830223083496,50.69013214111328,0.7121536135673523,39.36672592163086,0.43799999356269836,,69.28649139404297,27.274168014526367,12.088388442993164,82.03285217285156,19.648710250854492,55.246150970458984,94.48487091064453,5.072526931762695,180.0923309326172,369.9355163574219,90.21253967285156,1.9100983142852783,58.787288665771484,1.1300793886184692,471.49151611328125,7.690452575683594,65.72276306152344,52.13411331176758,296.8085021972656,1.9425287246704102
2021-03-16,2490.438232421875,19.045942306518555,50.23800277709961,0.6944602727890015,38.320743560791016,0.4399999976158142,,69.05917358398438,27.07023811340332,12.037670135498047,81.60203552246094,20.024763107299805,54.65103530883789,94.11360931396484,5.036294460296631,179.50018310546875,374.87548828125,91.0647964477539,1.8683974742889404,59.34256362915039,1.1377670764923096,466.9935302734375,7.646336555480957,65.44813537597656,53.04160690307617,297.5640563964844,1.9425287246704102
2021-03-17,2457.4853515625,18.823619842529297,50.168453216552734,0.6900370121002197,37.36985778808594,0.4399999976158142,,69.12914276123047,27.199310302734375,12.147562026977539,81.60203552246094,19.648710250854492,54.55185317993164,94.29924011230469,4.981945991516113,179.66937255859375,366.76654052734375,91.82511901855469,1.8572094440460205,60.2537727355957,1.1300793886184692,466.5115661621094,7.55280876159668,65.55110168457031,52.701297760009766,297.90753173828125,1.9425287246704102
2021-03-18,2412.549560546875,18.831851959228516,50.0901985168457,0.6900370121002197,37.655120849609375,0.43799999356269836,,68.66569519042969,27.13047218322754,11.843240737915039,80.90199279785156,20.024763107299805,55.04777908325195,95.69144439697266,4.981945991516113,176.62413024902344,363.2247314453125,90.8809585571289,1.8704314231872559,59.84087371826172,1.1377670764923096,465.2264099121094,7.619865417480469,66.02314758300781,52.861995697021484,300.1055603027344,1.9425287246704102
2021-03-19,2410.55224609375,19.350614547729492,49.412025451660156,0.6900370121002197,37.655120849609375,0.4399999976158142,,68.35964965820312,27.405820846557617,11.95313549041748,80.79427337646484,20.1187744140625,55.44451904296875,96.24832916259766,5.090642929077148,175.2707061767578,368.723876953125,92.2512435913086,1.8806023597717285,60.06867980957031,1.1300793886184692,461.04962158203125,7.531632423400879,65.86866760253906,52.17192840576172,300.8611755371094,1.9425287246704102
2021-03-22,2392.577880859375,19.021240234375,49.06421661376953,0.6900370121002197,37.46494674682617,0.43799999356269836,,67.90498352050781,27.371400833129883,11.927774429321289,79.93266296386719,20.1187744140625,57.0314826965332,96.34114074707031,5.036294460296631,174.17100524902344,375.9007263183594,93.03663635253906,1.9019614458084106,60.56699752807617,1.1377670764923096,461.2102966308594,7.482220649719238,64.77014923095703,52.62567138671875,302.9218444824219,1.9425287246704102
2021-03-23,2336.65771484375,19.16946029663086,48.30778121948242,0.6856136918067932,36.60914611816406,0.43799999356269836,,66.08624267578125,27.018611907958984,11.88550853729248,79.7711181640625,19.74272346496582,56.63473892211914,99.96088409423828,5.036294460296631,172.56378173828125,376.7395935058594,93.32071685791016,1.8561923503875732,60.60971450805664,1.1377670764923096,456.2303161621094,7.376340866088867,63.002201080322266,52.95652770996094,299.9682312011719,1.9425287246704102
2021-03-24,2326.67236328125,19.05417823791504,48.62079620361328,0.6767670512199402,35.65825653076172,0.43799999356269836,,66.04253387451172,26.803495407104492,11.648811340332031,78.90949249267578,19.272659301757812,55.543704986572266,97.45491790771484,5.253689289093018,174.25559997558594,373.6637878417969,93.01993560791016,1.8602608442306519,60.025970458984375,1.1377670764923096,461.04962158203125,7.462810039520264,63.13951110839844,52.61621856689453,296.6711120605469,1.9231034517288208
2021-03-25,2329.66796875,19.268268585205078,49.45549011230469,0.6767670512199402,34.4221076965332,0.4399999976158142,,67.41531372070312,26.553958892822266,11.657265663146973,77.9581298828125,19.272659301757812,54.94859313964844,98.38306427001953,5.108758926391602,173.8326873779297,375.9939270019531,93.30400848388672,1.842970371246338,59.79815673828125,1.1377670764923096,456.87286376953125,7.289872169494629,64.66714477539062,52.91872024536133,300.8611755371094,1.9619539976119995
2021-03-26,2390.5810546875,19.400020599365234,50.35103988647461,0.6723437905311584,36.8944091796875,0.44200000166893005,,69.3215103149414,26.76047134399414,11.800972938537598,78.51459503173828,19.930747985839844,55.44451904296875,99.49684143066406,5.018178462982178,175.9474334716797,376.6463928222656,93.1619644165039,1.8734828233718872,60.08291244506836,1.1377670764923096,467.31475830078125,7.483985900878906,65.20782470703125,53.11723327636719,304.9825744628906,1.9619539976119995
2021-03-29,2373.60498046875,19.60587501525879,49.63807678222656,0.6723437905311584,36.989505767822266,0.43799999356269836,,67.92245483398438,26.837915420532227,11.800972938537598,79.412109375,19.930747985839844,55.246150970458984,102.28125762939453,5.072526931762695,177.38546752929688,376.55322265625,93.79698181152344,1.8795852661132812,60.39614486694336,1.14545476436615,469.88507080078125,7.499867916107178,65.56829071044922,53.57098388671875,308.0736083984375,1.9425287246704102
2021-03-30,2417.542236328125,19.721160888671875,50.342350006103516,0.6811903715133667,38.22565841674805,0.44200000166893005,,69.78490447998047,26.863725662231445,11.657265663146973,79.51981353759766,19.83673667907715,54.84940719604492,100.33216857910156,5.018178462982178,178.31593322753906,374.2229919433594,93.98080444335938,1.887722134590149,60.36766052246094,1.1531423330307007,471.81280517578125,7.63927698135376,65.18209075927734,52.861995697021484,307.1806335449219,1.9425287246704102
2021-03-31,2411.551025390625,19.55647087097168,49.559814453125,0.6856136918067932,38.035484313964844,0.4399999976158142,,69.3127212524414,26.562564849853516,11.623452186584473,78.64024353027344,19.930747985839844,53.0640754699707,99.58965301513672,4.945713996887207,179.50018310546875,378.6969909667969,93.17032623291016,1.874499797821045,59.68425750732422,1.1685174703598022,473.90118408203125,7.475162982940674,63.766021728515625,52.77693176269531,305.53204345703125,1.9619539976119995
2021-04-01,2447.499267578125,19.585290908813477,50.124977111816406,0.6953450441360474,39.88970947265625,0.44200000166893005,,70.12593078613281,26.76047134399414,11.648811340332031,79.30440521240234,21.15291976928711,54.55185317993164,100.37857055664062,4.8913655281066895,,,93.95571899414062,1.8734828233718872,,1.1685174703598022,,7.508691787719727,64.25521087646484,52.80527877807617,,1.9813792705535889
2021-04-05,,,50.01194381713867,,,,,69.0241928100586,27.207914352416992,11.767159461975098,,,,,,,,95.21736907958984,,,,,,64.04063415527344,53.221214294433594,,
2021-04-06,2459.482421875,19.79938316345215,50.464073181152344,0.7094995975494385,37.2747688293457,0.44200000166893005,,69.34772491455078,27.44884490966797,11.775612831115723,81.20714569091797,20.1187744140625,52.56814956665039,99.96088409423828,4.873249530792236,179.3310546875,375.6211242675781,95.47638702392578,1.8673803806304932,61.73448944091797,1.1685174703598022,475.5076904296875,7.633983612060547,65.1305923461914,53.39137649536133,301.3420104980469,1.9425287246704102
2021-04-07,2478.455078125,19.90230941772461,50.29017639160156,0.7006529569625854,38.415836334228516,0.44200000166893005,,68.70942687988281,27.500471115112305,11.995401382446289,81.13533020019531,19.930747985839844,52.07222366333008,102.28125762939453,4.8913655281066895,179.0772247314453,366.76654052734375,96.47904968261719,1.8297481536865234,61.02260208129883,1.276144027709961,473.57989501953125,7.727511405944824,64.98470306396484,53.58989334106445,298.4570007324219,1.9328161478042603
2021-04-08,2486.444091796875,19.87349510192871,50.551025390625,0.7006529569625854,37.32231140136719,0.4440000057220459,,68.54328918457031,28.2404727935791,12.10529613494873,81.67386627197266,20.212787628173828,52.56814956665039,103.76628875732422,4.855133056640625,177.80841064453125,377.67169189453125,97.96629333496094,1.8246628046035767,61.54939270019531,1.3376450538635254,473.90118408203125,7.499867916107178,65.5082015991211,53.90184783935547,296.9458312988281,1.9619539976119995
2021-04-09,2480.45263671875,19.618227005004883,50.898807525634766,0.7077302932739258,36.60914611816406,0.4440000057220459,,69.4701156616211,28.92024040222168,11.995401382446289,82.35595703125,20.212787628173828,53.16325759887695,103.81269073486328,4.818901062011719,179.3310546875,385.5010070800781,98.4007568359375,1.8307652473449707,61.62057876586914,1.2992069721221924,476.1502380371094,7.265166282653809,65.70560455322266,53.646610260009766,293.0992431640625,1.9619539976119995
2021-04-12,2459.482421875,19.457656860351562,50.942283630371094,0.7024223208427429,34.89755630493164,0.4440000057220459,,69.30398559570312,28.816984176635742,12.029215812683105,81.76358795166016,19.930747985839844,52.86570358276367,103.71986389160156,4.710203170776367,173.6634979248047,380.4678955078125,98.22531127929688,1.8683974742889404,60.86598587036133,1.33380126953125,466.83282470703125,7.369282245635986,66.56382751464844,53.75059127807617,292.96185302734375,2.0008044242858887
2021-04-13,2454.489990234375,19.10358428955078,50.342350006103516,0.6971142888069153,35.84844207763672,0.44999998807907104,,67.92245483398438,29.00628662109375,12.012309074401855,81.36868286132812,20.024763107299805,52.468963623046875,101.26029968261719,4.60150671005249,175.2707061767578,381.5863342285156,97.84931182861328,1.8500896692276,60.73784637451172,1.3299574851989746,473.09796142578125,7.326929092407227,66.05747985839844,53.731689453125,294.4043273925781,2.0008044242858887
2021-04-14,2438.512451171875,19.078882217407227,50.90750503540039,0.6953450441360474,35.18281555175781,0.4480000138282776,,69.97726440429688,29.0493106842041,11.936227798461914,81.35073852539062,19.930747985839844,50.78281784057617,102.23485565185547,4.619622707366943,171.80250549316406,381.2134704589844,97.11405181884766,1.887722134590149,60.08291244506836,1.3376450538635254,458.80059814453125,7.388693332672119,67.1645736694336,53.5615234375,295.4346923828125,2.0202298164367676
2021-04-15,2455.48779296875,18.840087890625,51.011837005615234,0.6988836526870728,34.992637634277344,0.44600000977516174,,70.74674224853516,29.496749877929688,12.012309074401855,82.91241455078125,19.930747985839844,51.278743743896484,103.03373718261719,4.60150671005249,171.2949676513672,380.8406677246094,97.7490463256836,1.9111154079437256,57.9899787902832,1.3222697973251343,452.6960754394531,7.432810306549072,67.19892120361328,54.27997970581055,300.99853515625,2.0008044242858887
2021-04-16,2424.5322265625,18.93227767944336,51.69002914428711,0.6971142888069153,36.03861999511719,0.4560000002384186,,73.1163330078125,29.46233367919922,12.113749504089355,82.87653350830078,19.36667251586914,51.377925872802734,102.05377960205078,4.6377387046813965,172.56378173828125,378.51055908203125,99.21958923339844,1.9324742555618286,60.45810317993164,1.3299574851989746,455.5877380371094,7.519279479980469,67.73101806640625,54.421775817871094,303.67742919921875,2.0396549701690674
2021-04-19,2456.486328125,19.321985244750977,51.55092239379883,0.6918063163757324,32.33015441894531,0.44600000977516174,,72.73159790039062,29.505355834960938,12.333538055419922,83.41502380371094,17.721445083618164,48.451961517333984,103.03373718261719,4.673971176147461,172.56378173828125,378.0445251464844,99.5935287475586,1.8897563219070435,60.85594940185547,1.3299574851989746,455.7484130859375,7.4116339683532715,67.41346740722656,54.5257453918457,302.3723449707031,2.0590803623199463
2021-04-20,2310.695068359375,19.06636619567871,51.0466194152832,0.6918063163757324,33.281044006347656,0.44999998807907104,,71.09648895263672,29.23000717163086,12.12220287322998,82.6431655883789,17.862462997436523,48.00563049316406,102.94041442871094,4.519983768463135,176.708740234375,380.3746337890625,99.3876953125,1.8378846645355225,60.56124496459961,1.3299574851989746,457.6761169433594,7.333988189697266,67.39627838134766,54.648651123046875,299.55609130859375,1.9619539976119995
2021-04-21,2304.703857421875,19.347122192382812,52.020423889160156,0.6864983439445496,32.90068817138672,0.4480000138282776,,72.39934539794922,30.142099380493164,12.00385570526123,86.64607238769531,18.00348472595215,48.60074234008789,103.08038330078125,4.529041767120361,175.18614196777344,387.08544921875,100.28824615478516,1.8470386266708374,61.06223678588867,1.33380126953125,455.90899658203125,7.462810039520264,68.29743957519531,54.55411148071289,300.9298400878906,2.0590803623199463
2021-04-22,2309.696533203125,19.17112922668457,51.185733795166016,0.6971142888069153,35.3254508972168,0.44600000977516174,,72.88024139404297,30.09907341003418,12.05457592010498,87.9564437866211,19.74272346496582,51.7746696472168,101.35382843017578,4.529041767120361,175.35528564453125,394.4488220214844,102.67259979248047,1.8378846645355225,60.8117561340332,1.3453327417373657,459.44317626953125,7.476927280426025,67.83399200439453,54.0341911315918,303.0592346191406,2.117356300354004
2021-04-23,2290.723876953125,19.02027130126953,51.65524673461914,0.6953450441360474,36.32387924194336,0.4480000138282776,,74.41043853759766,30.374425888061523,11.986948013305664,86.87942504882812,20.1187744140625,51.278743743896484,101.72713470458984,4.529041767120361,173.8326873779297,389.7884826660156,103.01566314697266,1.8307652473449707,60.679134368896484,1.3414888381958008,462.33477783203125,7.425751686096191,67.54219055175781,53.76949691772461,293.92352294921875,2.097931146621704
2021-04-26,2313.690673828125,18.986751556396484,52.150848388671875,0.6971142888069153,38.60601043701172,0.4440000057220459,,75.2410888671875,30.04744529724121,11.868600845336914,86.57205963134766,20.68285369873047,52.86570358276367,101.26051330566406,4.529041767120361,177.04708862304688,392.58465576171875,101.97787475585938,1.8846707344055176,61.0033073425293,1.3414888381958008,468.1180419921875,7.838685035705566,66.89852142333984,53.78840255737305,294.953857421875,2.097931146621704
2021-04-27,2299.7109375,18.94066047668457,53.750675201416016,0.6971142888069153,40.36515426635742,0.4440000057220459,,77.24344635009766,29.763498306274414,11.834786415100098,86.57205963134766,22.093048095703125,52.27059555053711,100.88719177246094,4.6377387046813965,177.1316680908203,414.4881591796875,101.7548828125,1.866363286972046,61.34221267700195,1.3414888381958008,472.2947692871094,7.861626625061035,65.8171615600586,53.40082931518555,297.0832214355469,2.0590803623199463
2021-04-28,2295.716552734375,18.75208854675293,54.86359405517578,0.6953450441360474,41.45867156982422,0.4480000138282776,,74.891357421875,30.236753463745117,11.902414321899414,87.0240707397461,22.093048095703125,52.56814956665039,100.98051452636719,4.619622707366943,182.2916717529297,413.8356628417969,102.03791809082031,1.9304401874542236,60.85594940185547,1.3299574851989746,481.1302185058594,8.133387565612793,66.36642456054688,53.68442153930664,303.4026794433594,2.0008044242858887
2021-04-29,2316.686767578125,18.743703842163086,55.263545989990234,0.6953450441360474,41.83902359008789,0.4480000138282776,,74.72521209716797,30.6153564453125,12.130656242370605,88.03660583496094,22.093048095703125,51.7746696472168,102.287109375,4.6377387046813965,177.38546752929688,410.3870849609375,103.10143280029297,1.9558671712875366,61.90214920043945,1.3453327417373657,465.8689880371094,8.110445976257324,66.34069061279297,55.69794845581055,300.3116455078125,2.078505754470825
2021-04-30,2304.703857421875,18.764659881591797,54.889678955078125,0.6953450441360474,41.64884948730469,0.4480000138282776,,73.81585693359375,30.193727493286133,11.978495597839355,87.18681335449219,21.905019760131836,50.58444595336914,100.560546875,4.619622707366943,173.917236328125,,102.51821899414062,1.9741747379302979,62.594688415527344,1.3683955669403076,464.10186767578125,8.1404447555542,66.46941375732422,55.50888442993164,298.5943908691406,2.0008044242858887
2021-05-03,,18.844276428222656,56.193885803222656,0.6988836526870728,,0.44600000977516174,,75.04873657226562,30.735822677612305,12.17292308807373,88.28975677490234,,,,,175.52444458007812,412.0647888183594,102.67259979248047,1.9812946319580078,62.977806091308594,1.3683955669403076,472.1340637207031,8.279853820800781,67.37054443359375,55.972084045410156,300.4490051269531,2.0008044242858887
2021-05-04,2286.7294921875,18.768848419189453,56.60252380371094,0.7059609293937683,41.886573791503906,0.4519999921321869,,76.0979995727539,30.503496170043945,12.096842765808105,87.71114349365234,23.1271915435791,52.76652145385742,101.0738525390625,4.619622707366943,182.0378875732422,407.40447998046875,101.29174041748047,1.9558671712875366,62.18210983276367,1.3683955669403076,481.61212158203125,8.061034202575684,66.75262451171875,55.12130355834961,299.07525634765625,2.0008044242858887
2021-05-05,2306.701171875,19.06636619567871,57.55894088745117,0.7112689018249512,42.789913177490234,0.4560000002384186,,78.69493103027344,30.41744613647461,12.079935073852539,88.2174301147461,23.691268920898438,52.56814956665039,102.98706817626953,4.547158241271973,182.46087646484375,416.81829833984375,102.20087432861328,2.1521658897399902,62.07897186279297,1.3683955669403076,484.5036926269531,8.70161247253418,66.82987213134766,55.71684646606445,303.4026794433594,2.0202298164367676
2021-05-06,2336.65771484375,19.141794204711914,57.984981536865234,0.7024223208427429,41.64884948730469,0.45399999618530273,,77.7943115234375,31.036985397338867,12.182181358337402,90.07978057861328,23.87929344177246,52.36977767944336,103.59370422363281,4.70094633102417,183.81431579589844,413.1832275390625,103.20435333251953,2.2762510776519775,62.09370040893555,1.372239351272583,481.45147705078125,8.898372650146484,67.27616119384766,56.42584228515625,290.695068359375,1.9619539976119995
2021-05-07,2346.643798828125,19.321985244750977,58.271907806396484,0.7130382061004639,42.50464630126953,0.47600001096725464,,79.84912109375,31.639310836791992,12.243354797363281,89.89896392822266,24.72541046142578,52.56814956665039,102.19378662109375,4.624196529388428,184.99851989746094,417.843505859375,103.77041625976562,2.2599775791168213,62.4326057434082,1.3760830163955688,488.03790283203125,9.026310920715332,67.64518737792969,56.47309875488281,308.21466064453125,1.9425287246704102
2021-05-10,2365.616455078125,19.48540687561035,58.80229568481445,0.7289621233940125,43.83588790893555,0.5199999809265137,,79.16710662841797,31.48442268371582,12.217138290405273,89.95320892333984,25.853565216064453,53.560001373291016,101.72713470458984,4.528258323669434,186.0982208251953,420.1737365722656,103.52169799804688,2.304729700088501,62.25578308105469,1.4106773138046265,486.27081298828125,9.370423316955566,67.64518737792969,57.1442756652832,315.78485107421875,1.9813792705535889
2021-05-11,2286.7294921875,19.145986557006836,58.15889358520508,0.7041916847229004,42.59973907470703,0.5199999809265137,,79.36820220947266,31.16605567932129,11.981184959411621,88.30783081054688,24.81942367553711,53.560001373291016,100.9338607788086,4.528258323669434,183.3067626953125,408.4297180175781,103.08428955078125,2.2681140899658203,62.034759521484375,1.4314838647842407,480.9695129394531,9.118958473205566,68.17729949951172,56.74723815917969,315.640625,2.0008044242858887
2021-05-12,2276.74365234375,19.728456497192383,57.819793701171875,0.7254235148429871,42.31446838378906,0.5,,77.26094055175781,31.217681884765625,11.963706970214844,89.10340118408203,26.605669021606445,54.25429916381836,101.9137954711914,4.5378522872924805,178.654296875,411.5987854003906,102.36383056640625,2.243704080581665,61.563236236572266,1.4356451034545898,476.31085205078125,9.405716896057129,67.93698120117188,56.6338005065918,319.0291748046875,1.9813792705535889
2021-05-13,2234.8037109375,19.66559600830078,58.376258850097656,,41.363582611083984,,,78.09159851074219,31.518848419189453,12.208399772644043,89.0491714477539,25.383501052856445,53.560001373291016,99.58060455322266,4.796884059906006,,,102.9642105102539,2.186746835708618,,,,8.907197952270508,69.13849639892578,56.95521545410156,,
2021-05-14,2296.715087890625,19.661407470703125,58.8283805847168,0.7236542701721191,41.69639205932617,0.492000013589859,,79.24578094482422,32.02652359008789,12.260833740234375,89.4288558959961,25.853565216064453,53.361629486083984,101.72713470458984,4.624196529388428,178.5697021484375,,103.68465423583984,2.1908154487609863,61.74006271362305,1.3565806150436401,462.8167419433594,8.745728492736816,68.94966888427734,57.276611328125,320.6874084472656,1.9425287246704102
2021-05-17,2273.748291015625,20.08882713317871,58.810997009277344,0.7059609293937683,42.029205322265625,0.492000013589859,,78.2927017211914,31.553258895874023,12.40939712524414,89.24805450439453,25.571529388427734,53.4608154296875,102.98706817626953,4.652977466583252,,417.843505859375,104.04488372802734,2.166405200958252,,1.3482580184936523,,8.738670349121094,69.18141174316406,57.711483001708984,,1.9231034517288208
2021-05-18,2283.733642578125,20.143306732177734,58.60117721557617,0.7112689018249512,43.02763748168945,0.49399998784065247,,77.1760025024414,31.613496780395508,12.383180618286133,89.37461853027344,25.759553909301758,53.8575553894043,101.26051330566406,4.624196529388428,177.04708862304688,414.9541931152344,104.26788330078125,2.1847128868103027,61.43062210083008,1.3399354219436646,466.9935302734375,8.639846801757812,68.53772735595703,57.49403762817383,325.5179138183594,1.9425287246704102
2021-05-19,2259.76806640625,20.025972366333008,58.076622009277344,0.7077302932739258,43.02763748168945,0.49000000953674316,,75.59324645996094,31.406986236572266,12.461831092834473,89.33845520019531,25.66554069519043,53.560001373291016,100.79386901855469,4.585821151733398,175.86282348632812,414.581298828125,103.83903503417969,2.162336826324463,61.519039154052734,1.2899999618530273,466.1903076171875,8.445734024047852,68.34892272949219,57.24824905395508,316.0732116699219,1.9619539976119995
2021-05-20,2319.68212890625,20.080446243286133,57.823089599609375,0.7094995975494385,41.45867156982422,0.492000013589859,,75.17120361328125,31.863025665283203,12.820130348205566,89.79048156738281,26.417644500732422,54.55185317993164,102.8470687866211,4.547445774078369,177.63919067382812,417.843505859375,105.30565643310547,2.1114821434020996,62.10843276977539,1.3232903480529785,480.0056457519531,8.493380546569824,69.15565490722656,57.94999313354492,315.4964294433594,1.9425287246704102
2021-05-21,2306.701171875,20.193588256835938,58.55746078491211,0.7094995975494385,40.88814163208008,0.49000000953674316,,76.36705780029297,31.63070297241211,12.898781776428223,89.6458511352539,25.383501052856445,54.05592727661133,103.59370422363281,4.652977466583252,180.59988403320312,419.05523681640625,105.55438995361328,2.117584705352783,62.9336051940918,1.3399354219436646,493.9817810058594,8.703376770019531,69.25006866455078,57.68302917480469,319.53387451171875,1.9619539976119995
2021-05-24,2326.67236328125,20.12235450744629,58.24272537231445,0.7148075103759766,39.22408676147461,0.4860000014305115,,76.32307434082031,31.931867599487305,12.959955215454102,89.32037353515625,25.759553909301758,54.35348129272461,103.03373718261719,4.605009078979492,,,106.18049621582031,2.139960765838623,,1.3565806150436401,,,69.13849639892578,57.71163558959961,,1.9231034517288208
2021-05-25,2286.7294921875,19.992448806762695,58.216495513916016,0.7148075103759766,40.1274299621582,0.4880000054836273,,76.51651763916016,31.708145141601562,12.907520294189453,88.54289245605469,25.947580337524414,54.452667236328125,103.03373718261719,4.739321708679199,181.36114501953125,427.8166198730469,107.06390380859375,2.119619131088257,62.77151870727539,1.3981934785842896,484.34307861328125,9.013077735900879,68.83811950683594,58.07393264770508,314.7033386230469,1.9813792705535889
2021-05-26,2346.643798828125,19.891881942749023,58.129066467285156,0.716576874256134,39.937252044677734,0.5,,77.23754119873047,31.48442268371582,12.6715669631958,89.13956451416016,24.331867218017578,55.84125900268555,104.94695281982422,4.652977466583252,182.714599609375,423.4359130859375,106.8923568725586,2.1155507564544678,63.228309631347656,1.3981934785842896,492.3752746582031,9.5115966796875,68.3145980834961,57.90230941772461,312.6846618652344,2.0202298164367676
2021-05-27,2310.695068359375,20.11397361755371,58.225242614746094,0.7148075103759766,39.5568962097168,0.5099999904632568,,76.50774383544922,31.47582244873047,12.453092575073242,88.30783081054688,24.235694885253906,55.543704986572266,104.52696990966797,4.748915195465088,178.4005584716797,410.1074523925781,105.90604400634766,2.119619131088257,64.70181274414062,1.4314838647842407,490.92950439453125,10.010117530822754,68.23737335205078,56.76773452758789,316.86627197265625,2.0202298164367676
2021-05-28,2317.68505859375,19.975688934326172,58.16403579711914,0.7148075103759766,41.55376434326172,0.5149999856948853,,76.34065246582031,31.64791488647461,12.496786117553711,88.72370147705078,24.139522552490234,57.329036712646484,103.40704345703125,4.816071510314941,184.82745361328125,415.42022705078125,106.06900787353516,2.1521658897399902,64.27449798583984,1.4564515352249146,496.070068359375,10.014530181884766,68.61278533935547,57.177696228027344,321.55255126953125,2.0202298164367676
2021-05-31,,19.7996883392334,,0.7148075103759766,42.124290466308594,0.5199999809265137,,,,,88.25360107421875,24.331867218017578,57.428226470947266,,,184.4878692626953,413.6492614746094,,2.1216533184051514,63.93559265136719,1.468935489654541,493.3392028808594,10.014530181884766,,,321.04791259765625,2.0202298164367676
2021-06-01,2340.65185546875,19.8499755859375,59.379249572753906,0.7183461785316467,41.268497467041016,0.5249999761581421,,78.57408142089844,31.527448654174805,12.47057056427002,88.4886474609375,24.524213790893555,56.53555679321289,102.6604232788086,4.892821788787842,184.74258422851562,415.6065979003906,105.88888549804688,2.166405200958252,63.817718505859375,1.4481290578842163,491.8934020996094,10.032176971435547,69.13063049316406,57.18723678588867,326.9598693847656,2.0396549701690674
2021-06-02,2338.655517578125,19.8499755859375,59.379249572753906,0.716576874256134,41.83902359008789,0.5249999761581421,,77.8794174194336,31.450008392333984,12.488048553466797,88.83218383789062,24.524213790893555,56.93229675292969,102.47376251220703,5.1422600746154785,189.49696350097656,413.4628601074219,106.30914306640625,2.213191270828247,63.508262634277344,1.4730967283248901,505.7087707519531,10.124822616577148,69.27732849121094,57.61628341674805,324.0038757324219,2.0590803623199463
2021-06-03,2342.711669921875,20.15168571472168,59.66775131225586,0.7077302932739258,,0.5099999904632568,,78.20478057861328,31.071399688720703,12.453092575073242,87.81964111328125,,,103.12706756591797,5.161447525024414,192.55337524414062,417.470703125,106.17192840576172,2.231499195098877,63.84718322753906,1.4481290578842163,516.9539184570312,10.032176971435547,68.3279800415039,57.69255828857422,324.0038757324219,2.0590803623199463
2021-06-04,2295.77734375,20.193588256835938,60.12236785888672,0.7112689018249512,50.11174392700195,0.5199999809265137,,78.3542709350586,31.08000373840332,12.55795955657959,88.1993408203125,25.389774322509766,58.42007827758789,100.88719177246094,5.391697406768799,194.7607879638672,418.5892333984375,107.75862884521484,2.2376017570495605,64.3187026977539,1.4481290578842163,522.094482421875,10.415993690490723,67.87918853759766,57.787899017333984,328.690185546875,2.0590803623199463
2021-06-07,2328.730712890625,20.411489486694336,60.02620315551758,0.7094995975494385,47.999755859375,0.5199999809265137,,78.78511047363281,31.243499755859375,12.584176063537598,88.86835479736328,26.255334854125977,57.92415237426758,103.59370422363281,5.468447685241699,195.10037231445312,421.4786071777344,107.78435516357422,2.3026955127716064,64.79022216796875,1.4398064613342285,515.8294067382812,10.645401000976562,67.60301208496094,57.84511184692383,338.0628356933594,2.078505754470825
2021-06-08,2330.728271484375,20.587486267089844,60.087398529052734,0.7112689018249512,46.17576217651367,0.5249999761581421,,78.91700744628906,31.37256622314453,12.66282844543457,89.28421020507812,26.062990188598633,56.93229675292969,102.10045623779297,5.50682258605957,195.6097412109375,420.08050537109375,108.51338195800781,2.2843878269195557,65.11439514160156,1.4481290578842163,506.8333435058594,10.318936347961426,67.59439849853516,57.587684631347656,337.26971435546875,2.0008044242858887
2021-06-09,2350.700439453125,20.553964614868164,59.545379638671875,0.716576874256134,48.47975158691406,0.5199999809265137,,78.0728759765625,31.60489273071289,12.540482521057129,89.22997283935547,25.005081176757812,56.53555679321289,100.51387786865234,5.526010513305664,195.3551025390625,424.461181640625,108.60771942138672,2.2640459537506104,65.11439514160156,1.4314838647842407,495.8836975097656,10.164527893066406,66.8003921508789,57.14910888671875,336.1882629394531,1.9425287246704102
2021-06-10,2325.7353515625,20.675485610961914,58.77602767944336,0.7201155424118042,47.85575485229492,0.5189999938011169,,76.96497344970703,31.880237579345703,12.575439453125,88.61520385742188,25.48594856262207,56.83311080932617,102.6604232788086,5.6411356925964355,193.40237426757812,422.03778076171875,108.77068328857422,2.2579433917999268,65.37962341308594,1.4314838647842407,501.856201171875,9.948354721069336,66.40337371826172,57.69255828857422,335.61151123046875,1.9425287246704102
2021-06-11,2353.696044921875,20.70063018798828,57.7006950378418,0.7183461785316467,49.43974685668945,0.5239999890327454,,74.4765396118164,31.863025665283203,12.6278715133667,88.54289245605469,25.48594856262207,57.0314826965332,101.72713470458984,5.6986985206604,194.6759033203125,422.5970458984375,108.63346862792969,2.304729700088501,65.14387512207031,1.4481290578842163,499.0357971191406,10.640989303588867,66.77449035644531,57.55908203125,338.63958740234375,1.9619539976119995
2021-06-14,2288.787109375,20.78024673461914,57.01877975463867,0.7112689018249512,51.743736267089844,0.5238000154495239,,72.6476058959961,31.97489356994629,12.636611938476562,88.79603576660156,27.890283584594727,57.0314826965332,100.70054626464844,5.794635772705078,194.84567260742188,422.5038757324219,108.68490600585938,2.282353639602661,64.80496215820312,1.423161268234253,498.5381774902344,10.574813842773438,66.75724029541016,58.00719451904297,339.64892578125,1.9328161478042603
2021-06-15,2363.682373046875,20.797008514404297,56.5117073059082,0.7148075103759766,50.11174392700195,0.5239999890327454,,71.61884307861328,32.27605056762695,12.575439453125,88.75985717773438,26.7362003326416,55.7420768737793,98.97399139404297,5.813823223114014,194.6759033203125,422.9698791503906,109.58547973632812,2.262011766433716,65.3354263305664,1.4314838647842407,496.0495910644531,10.442462921142578,65.3504409790039,58.00719451904297,335.1789245605469,1.9328161478042603
2021-06-16,2320.742431640625,20.6168212890625,55.943443298339844,0.7130382061004639,50.4957389831543,0.5210000276565552,,70.73075103759766,32.62884521484375,12.461831092834473,89.98936462402344,28.65966796875,56.03963088989258,99.86058807373047,5.90976095199585,198.15675354003906,430.8924255371094,108.20462036132812,2.2986271381378174,65.36489868164062,1.4314838647842407,502.3539123535156,10.499814987182617,64.4183349609375,57.77836990356445,340.08154296875,1.9231034517288208
2021-06-17,2354.694580078125,20.809579849243164,54.14248275756836,0.7148075103759766,49.34375,0.5220000147819519,,68.59406280517578,32.11256790161133,12.365701675415039,90.26057434082031,27.120895385742188,57.229854583740234,98.95063781738281,5.90976095199585,198.49635314941406,428.28265380859375,108.0330810546875,2.2498068809509277,64.6723403930664,1.4398064613342285,503.18341064453125,10.208643913269043,63.76243209838867,58.02626037597656,336.2603454589844,1.9231034517288208
2021-06-18,2277.802734375,20.54139518737793,53.03218078613281,0.7148075103759766,50.11174392700195,0.5220000147819519,,67.88182830810547,31.88884925842285,12.164704322814941,89.28421020507812,27.505590438842773,56.33718490600586,99.20729064941406,5.890573501586914,198.49635314941406,429.1214904785156,107.47559356689453,2.144029140472412,64.53973388671875,1.4273226261138916,505.17431640625,9.816003799438477,62.795806884765625,56.72959518432617,331.06939697265625,1.9425287246704102
2021-06-21,2266.81787109375,20.78024673461914,54.06380081176758,0.7201155424118042,49.43974685668945,0.5196999907493591,,70.50211334228516,31.97489356994629,11.981184959411621,90.20635223388672,26.64002799987793,56.436370849609375,100.98051452636719,5.813823223114014,199.1755828857422,434.7138671875,108.66776275634766,2.213191270828247,64.09767150878906,1.4148386716842651,506.1697082519531,10.367465019226074,63.494873046875,57.18723678588867,335.46728515625,1.9619539976119995
2021-06-22,2272.8095703125,20.851482391357422,53.888938903808594,0.7236542701721191,50.78374099731445,0.5214999914169312,,70.1416244506836,32.10396194458008,11.928750038146973,91.67090606689453,27.120895385742188,56.436370849609375,105.18025970458984,5.90976095199585,199.2604522705078,437.6964416503906,108.53053283691406,2.2192940711975098,65.3354263305664,1.4148386716842651,511.1467590332031,10.420405387878418,64.0472183227539,57.18723678588867,339.144287109375,1.9425287246704102
2021-06-23,2240.8544921875,20.654537200927734,53.55673599243164,0.7236542701721191,50.39974594116211,0.5199999809265137,,70.3350601196289,32.02652359008789,11.902533531188965,91.71611022949219,27.120895385742188,58.12251663208008,105.46025085449219,5.890573501586914,197.13795471191406,439.0946044921875,107.98162078857422,2.20098614692688,64.89337158203125,1.4148386716842651,493.56109619140625,10.261585235595703,63.71926498413086,56.75818634033203,340.65826416015625,1.9425287246704102
2021-06-24,2238.857177734375,20.658723831176758,53.932655334472656,,49.82374954223633,,,70.5988540649414,32.353492736816406,11.963706970214844,93.52423095703125,26.7362003326416,56.63473892211914,108.21340942382812,5.852198600769043,194.16647338867188,438.90814208984375,108.38473510742188,2.186746835708618,64.76075744628906,,482.6114807128906,10.618929862976074,64.107666015625,56.47216796875,338.5674743652344,
2021-06-25,2249.841796875,20.679676055908203,53.73158264160156,0.7271928787231445,49.82374954223633,0.5184000134468079,,69.561279296875,32.396522521972656,12.094792366027832,93.20779418945312,26.35150909423828,56.83311080932617,109.47335052490234,5.813823223114014,193.14768981933594,437.13720703125,108.6506118774414,2.1684396266937256,64.48078155517578,1.4148386716842651,484.1046142578125,10.115998268127441,64.2975082397461,56.80585861206055,338.8558654785156,1.9425287246704102
2021-06-28,2228.87109375,20.683868408203125,53.14582824707031,0.7254235148429871,49.34375,0.5180000066757202,,69.7723159790039,32.67186737060547,12.2870512008667,93.25301361083984,26.159164428710938,56.73392868041992,109.5666732788086,5.794635772705078,188.987548828125,441.5179748535156,108.60771942138672,2.0992770195007324,64.98178100585938,1.406516194343567,477.9661865234375,9.952766418457031,63.520751953125,56.73912048339844,331.42987060546875,1.9425287246704102
2021-06-29,2228.87109375,20.805391311645508,52.97972106933594,0.7254235148429871,48.95975112915039,0.5170000195503235,,69.93939208984375,32.482566833496094,12.339485168457031,92.89137268066406,25.870641708374023,55.7420768737793,111.05990600585938,5.564385890960693,187.45936584472656,440.0266418457031,108.6506118774414,2.0870721340179443,64.68708801269531,1.3981934785842896,472.8232421875,9.763062477111816,63.27909469604492,56.50075912475586,331.3577575683594,1.9425287246704102
2021-06-30,2212.8935546875,21.010717391967773,52.97972106933594,0.7254235148429871,47.51976013183594,0.5177000164985657,,68.71715545654297,32.215824127197266,12.29578971862793,92.39414978027344,25.67829704284668,54.25429916381836,109.28668975830078,5.468447685241699,185.93118286132812,440.5859375,106.9867172241211,2.0870721340179443,64.61341094970703,1.3981934785842896,473.818603515625,10.129233360290527,63.65886306762695,55.77615737915039,326.74359130859375,1.9619539976119995
2021-07-01,2319.74365234375,21.12386131286621,53.07589340209961,0.7236542701721191,48.95975112915039,0.5189999938011169,,69.8338623046875,32.387916564941406,12.453092575073242,92.8461685180664,26.447681427001953,54.94859313964844,111.05990600585938,5.564385890960693,191.11004638671875,439.9334716796875,107.02960205078125,2.139960765838623,64.967041015625,1.3981934785842896,476.30718994140625,10.601283073425293,63.727909088134766,56.04310607910156,330.781005859375,1.9619539976119995
2021-07-02,2324.736572265625,21.169954299926758,53.00594711303711,0.7254235148429871,48.95975112915039,0.5198000073432922,,70.07128143310547,32.3018684387207,12.444353103637695,92.30374145507812,26.83237648010254,54.55185317993164,109.10003662109375,5.564385890960693,191.02516174316406,441.42474365234375,107.64712524414062,2.135892391204834,65.4680404663086,1.3607418537139893,477.8003234863281,10.786575317382812,63.53802490234375,56.20519256591797,333.0159912109375,1.9619539976119995
2021-07-05,2327.732421875,21.249570846557617,,0.7254235148429871,48.09575271606445,0.5200999975204468,,,,,91.9421157836914,26.83237648010254,53.659183502197266,111.57321166992188,5.410884857177734,192.8080596923828,442.3568115234375,,2.135892391204834,65.20280456542969,1.3399354219436646,487.5885314941406,11.355682373046875,,,337.55816650390625,1.9619539976119995
2021-07-06,2255.833251953125,21.115480422973633,51.97433090209961,,47.18375778198242,,,68.29508209228516,32.33628845214844,12.435613632202148,91.30929565429688,25.870641708374023,53.75837326049805,110.87325286865234,5.410884857177734,192.9778594970703,443.00921630859375,106.99528503417969,2.119619131088257,65.29122161865234,,487.5885314941406,11.007159233093262,63.02882766723633,56.43401336669922,334.530029296875,
2021-07-07,2234.86279296875,21.471664428710938,52.36775207519531,0.7714259624481201,46.55976486206055,0.5220000147819519,,68.4094009399414,32.51698303222656,12.444353103637695,91.85171508789062,26.062990188598633,55.642887115478516,114.09306335449219,5.430072784423828,194.08154296875,446.55108642578125,107.87869262695312,2.1725080013275146,65.880615234375,1.2899999618530273,485.26593017578125,10.910101890563965,63.33953094482422,57.13003158569336,337.9906921386719,1.9425287246704102
2021-07-08,2159.9677734375,21.23280906677246,51.69457244873047,0.7731953859329224,45.311771392822266,0.5299999713897705,,66.94977569580078,32.060935974121094,12.260833740234375,90.72164154052734,26.255334854125977,53.560001373291016,113.90641021728516,5.334135055541992,189.666748046875,436.2051696777344,108.31611633300781,2.1297900676727295,66.0427017211914,1.2733547687530518,473.9845886230469,10.561578750610352,62.69223403930664,56.43401336669922,337.48602294921875,1.9231034517288208
2021-07-09,2181.937255859375,21.23699951171875,52.73493576049805,0.7749646306037903,46.07976531982422,0.5410000085830688,,68.10164642333984,31.966289520263672,12.31326675415039,89.62774658203125,25.29360008239746,53.75837326049805,115.21298217773438,5.372509956359863,190.00637817382812,442.0771484375,108.06739044189453,2.1928493976593018,66.07217407226562,1.2899999618530273,472.9891662597656,10.949808120727539,63.47760009765625,56.72005081176758,343.6142883300781,1.9425287246704102
2021-07-12,2119.025390625,21.350143432617188,52.455177307128906,0.8227364420890808,46.51176071166992,0.5389999747276306,,68.17198181152344,32.29325866699219,12.356962203979492,91.9421157836914,25.48594856262207,54.55185317993164,111.8065414428711,5.334135055541992,191.11004638671875,442.9160461425781,108.2389144897461,2.2416701316833496,66.52896881103516,1.306645154953003,474.150390625,10.83069133758545,62.61456298828125,56.95841598510742,343.3979797363281,1.8162643909454346
2021-07-13,2090.066162109375,21.383665084838867,51.790748596191406,0.866969645023346,45.50376892089844,0.534500002861023,,67.12562561035156,32.233028411865234,12.243354797363281,92.7105941772461,25.197429656982422,52.96488952636719,113.25310516357422,5.18063497543335,191.5345458984375,447.1103210449219,108.00735473632812,2.2152254581451416,67.45726776123047,1.3607418537139893,474.97991943359375,10.707164764404297,61.941368103027344,57.0156135559082,347.36328125,1.8648275136947632
2021-07-14,2082.077392578125,21.408809661865234,51.38858413696289,0.863430917263031,45.647769927978516,0.5386999845504761,,66.77391052246094,32.190006256103516,12.330745697021484,91.44489288330078,25.29360008239746,52.76652145385742,112.92646026611328,5.199822425842285,187.45936584472656,442.4499816894531,108.17888641357422,2.2538750171661377,66.41107940673828,1.381548285484314,475.47772216796875,10.940982818603516,61.42354965209961,56.98701858520508,354.7171936035156,1.8939656019210815
2021-07-15,2021.162841796875,21.22443199157715,51.59840774536133,0.8492763042449951,44.927772521972656,0.5367000102996826,,66.56285858154297,31.880237579345703,12.155964851379395,91.85171508789062,25.389774322509766,51.7746696472168,110.73326110839844,5.199822425842285,191.02516174316406,445.9918212890625,107.45843505859375,2.196918249130249,62.299991607666016,1.3940321207046509,486.2613830566406,10.874808311462402,61.941368103027344,56.86306381225586,356.1591491699219,1.9036781787872314
2021-07-16,2046.1278076171875,21.459091186523438,50.89025115966797,0.8492763042449951,44.54377365112305,0.5370000004768372,,64.70753479003906,31.79419708251953,12.29578971862793,92.16814422607422,25.582122802734375,51.377925872802734,115.77295684814453,5.353322505950928,190.85540771484375,443.5684509277344,107.78435516357422,2.1419949531555176,60.354957580566406,1.3898708820343018,489.0816955566406,10.711576461791992,61.6220588684082,57.34931945800781,339.4326171875,1.8939656019210815
2021-07-19,1962.2454833984375,21.069381713867188,50.225833892822266,0.8298137784004211,43.48777770996094,0.5339999794960022,,64.87460327148438,31.062795639038086,12.103531837463379,88.10894012451172,24.139522552490234,49.394222259521484,113.2064437866211,5.199822425842285,187.96875,434.62066650390625,107.77578735351562,2.040286064147949,59.736083984375,1.3732256889343262,478.96160888671875,10.3277587890625,61.20779800415039,56.79633331298828,334.81842041015625,1.8939656019210815
2021-07-20,1994.699951171875,21.0777645111084,50.73289108276367,0.813889741897583,43.343780517578125,0.5349000096321106,,65.75390625,31.234891891479492,12.12100887298584,88.4886474609375,24.524213790893555,50.98118591308594,112.03985595703125,5.430072784423828,191.7892608642578,436.7644348144531,108.27322387695312,2.054525136947632,60.07499694824219,1.3565806150436401,488.2521667480469,10.376287460327148,61.570247650146484,56.08125305175781,344.0468444824219,1.9036781787872314
2021-07-21,2082.077392578125,21.41718864440918,50.794090270996094,0.8333523869514465,43.72777557373047,0.5320000052452087,,66.73873138427734,31.639310836791992,12.217138290405273,88.86835479736328,24.42803955078125,51.576297760009766,110.77992248535156,5.257384777069092,190.9402618408203,436.5780029296875,108.39330291748047,2.058593511581421,59.51506042480469,1.3482580184936523,485.26593017578125,10.499814987182617,61.68246841430664,55.97637939453125,339.00006103515625,1.8939656019210815
2021-07-22,2042.1336669921875,21.475852966308594,50.19085693359375,0.8298137784004211,43.583778381347656,0.5299999713897705,,65.55169677734375,31.458614349365234,11.876317977905273,89.80856323242188,24.812734603881836,50.485260009765625,117.07953643798828,5.276572227478027,190.51576232910156,441.7975158691406,106.27484130859375,2.050457000732422,59.08773422241211,1.364903211593628,489.0816955566406,10.37187671661377,61.03517532348633,52.93489456176758,337.0534362792969,1.8939656019210815
2021-07-23,2037.140380859375,21.664424896240234,50.71540451049805,0.8510456681251526,43.007781982421875,0.5299000144004822,,65.89459991455078,31.95768165588379,12.007402420043945,90.40524291992188,25.582122802734375,49.691776275634766,113.7197494506836,5.084697246551514,192.55337524414062,445.2462158203125,107.65570068359375,2.0952086448669434,59.95711135864258,1.364903211593628,490.9065856933594,10.69834041595459,61.55299758911133,54.34599685668945,339.36053466796875,1.9036781787872314
2021-07-26,2042.1336669921875,21.676992416381836,51.09134292602539,0.835121750831604,43.48777770996094,0.5281000137329102,,65.701171875,31.8114070892334,12.0423583984375,90.1340103149414,25.870641708374023,49.0966682434082,114.79301452636719,5.1422600746154785,191.9590606689453,444.7801513671875,107.19255828857422,2.123687267303467,59.853965759277344,1.3482580184936523,488.0863342285156,10.852750778198242,61.49258804321289,53.1446533203125,340.8746032714844,1.9036781787872314
2021-07-27,2039.1376953125,21.584806442260742,51.44978713989258,0.8280443549156189,45.11977005004883,0.531000018119812,,66.12322235107422,31.99209976196289,11.86757755279541,89.8447265625,25.966814041137695,48.650333404541016,117.49951171875,5.084697246551514,191.02516174316406,444.9665832519531,107.75003814697266,2.093174695968628,59.76555633544922,1.3440967798233032,487.4226379394531,10.865984916687012,61.941368103027344,53.83113479614258,340.51409912109375,1.8939656019210815
2021-07-28,2039.1376953125,21.580615997314453,51.266197204589844,0.8298137784004211,45.11977005004883,0.5339999794960022,,69.03370666503906,32.190006256103516,11.85883903503418,90.76686096191406,25.77446746826172,49.0966682434082,117.59283447265625,5.046322345733643,192.1288604736328,457.5493469238281,107.0810546875,2.0911405086517334,59.05827713012695,1.3524192571640015,492.39971923828125,10.795397758483887,61.80329513549805,53.96461486816406,337.26971435546875,1.9036781787872314
2021-07-29,2039.1376953125,21.81946563720703,52.105472564697266,0.8227364420890808,45.59976577758789,0.5360000133514404,,70.00093841552734,32.44814682006836,12.636611938476562,90.6312484741211,26.255334854125977,48.89829635620117,120.76597595214844,5.103884696960449,191.5345458984375,457.1765441894531,107.71573638916016,2.0911405086517334,58.99934005737305,1.364903211593628,485.76361083984375,10.75128173828125,62.070838928222656,54.84178161621094,335.8277893066406,1.9036781787872314
2021-07-30,2004.186767578125,21.953563690185547,52.210391998291016,0.813889741897583,45.88776779174805,0.539900004863739,,68.2599105834961,31.80280113220215,12.863825798034668,88.77793884277344,26.35150909423828,52.86570358276367,116.19292449951172,5.199822425842285,191.19497680664062,459.2271423339844,108.63346862792969,2.0789356231689453,59.16141891479492,1.364903211593628,486.2613830566406,10.671871185302734,61.6738166809082,54.8513069152832,335.46728515625,1.8939656019210815
2021-08-02,2027.154296875,21.936798095703125,51.895652770996094,0.8227364420890808,46.2237663269043,0.5410000085830688,,67.43338012695312,31.389774322509766,13.064823150634766,89.32037353515625,25.966814041137695,53.4608154296875,119.78604888916016,5.410884857177734,192.29869079589844,458.48150634765625,108.47049713134766,2.0687644481658936,59.41191482543945,1.364903211593628,488.91583251953125,10.46893310546875,61.92411804199219,54.60340881347656,331.3577575683594,1.8939656019210815
2021-08-03,2009.1796875,22.25946044921875,52.271575927734375,0.813889741897583,46.12776565551758,0.5404999852180481,,67.9169921875,30.950937271118164,13.195908546447754,88.59712982177734,26.159164428710938,54.35348129272461,116.47291564941406,5.430072784423828,192.46847534179688,462.30291748046875,108.33326721191406,1.993499755859375,59.6329460144043,1.3482580184936523,488.0863342285156,10.874808311462402,61.88959503173828,55.1373405456543,330.92523193359375,1.9036781787872314
2021-08-04,2019.1656494140625,22.129560470581055,51.36235809326172,0.7961965203285217,46.79976272583008,0.5435000061988831,,66.1935806274414,30.873498916625977,12.951215744018555,87.30970764160156,26.255334854125977,52.96488952636719,115.81961822509766,5.410884857177734,196.03424072265625,466.40399169921875,107.65570068359375,2.0077390670776367,59.22036361694336,1.3565806150436401,493.56109619140625,10.932160377502441,60.724464416503906,54.71782302856445,334.1695556640625,1.913390874862671
2021-08-05,2047.1265869140625,22.058324813842773,51.40607452392578,0.8032738566398621,46.46376419067383,0.5437999963760376,,65.91220092773438,30.890708923339844,13.021127700805664,86.2398681640625,25.582122802734375,53.560001373291016,115.58629608154297,5.449260234832764,194.93057250976562,463.3282165527344,106.86663818359375,1.9660381078720093,58.9698600769043,1.3565806150436401,491.23846435546875,10.645401000976562,60.53460693359375,55.01889419555664,329.0506591796875,1.8745402097702026
2021-08-06,2037.140380859375,22.179847717285156,52.70869827270508,0.8050432205200195,48.6717529296875,0.5478000044822693,,67.3190689086914,30.38303565979004,12.863825798034668,85.22441864013672,25.966814041137695,53.361629486083984,117.07953643798828,5.334135055541992,192.72315979003906,459.5067443847656,105.88031005859375,1.9426453113555908,58.94039535522461,1.364903211593628,484.2705383300781,10.667459487915039,61.380409240722656,54.62453079223633,321.04791259765625,1.8551149368286133
2021-08-09,2035.14306640625,22.43126678466797,52.94476318359375,0.7785032391548157,49.535743713378906,0.5419999957084656,,68.01371765136719,30.150707244873047,12.855086326599121,85.60521697998047,27.505590438842773,55.543704986572266,114.32638549804688,5.314947605133057,191.87417602539062,463.8874206542969,105.92318725585938,1.9436620473861694,58.881446838378906,1.3898708820343018,485.431884765625,10.914514541625977,66.71407318115234,55.07659912109375,322.9945373535156,1.913390874862671
2021-08-10,2070.094482421875,22.498315811157227,53.6878662109375,0.7961965203285217,49.82374954223633,0.5400000214576721,,69.15679168701172,30.07326889038086,12.977434158325195,85.5689468383789,27.120895385742188,55.246150970458984,116.19292449951172,5.276572227478027,192.46847534179688,464.81951904296875,106.00896453857422,1.9792604446411133,58.616214752197266,1.3940321207046509,490.7406921386719,11.452738761901855,68.65592956542969,54.91309356689453,325.1574401855469,1.9231034517288208
2021-08-11,2082.077392578125,23.248397827148438,53.76655197143555,0.7926579117774963,49.91974639892578,0.5317999720573425,,69.67557525634766,29.8065185546875,13.08230209350586,84.82549285888672,27.40941619873047,55.04777908325195,114.27970886230469,5.430072784423828,191.27987670898438,463.14178466796875,105.88031005859375,1.993499755859375,58.719356536865234,1.3940321207046509,485.10003662109375,11.505680084228516,69.19967651367188,55.15355682373047,323.6434020996094,1.9231034517288208
2021-08-12,2073.08984375,23.72191619873047,54.04631042480469,0.8015046119689941,52.031734466552734,0.5328999757766724,,69.543701171875,29.531169891357422,13.143473625183105,84.31777954101562,27.9864559173584,55.94044494628906,115.7262954711914,5.430072784423828,191.6194610595703,458.5746765136719,105.56297302246094,1.9558671712875366,59.279300689697266,1.381548285484314,488.0863342285156,10.596872329711914,69.0788345336914,54.855377197265625,323.4270935058594,1.913390874862671
2021-08-13,2072.091064453125,23.662342071533203,54.553382873535156,0.7997351288795471,51.83973693847656,0.5289999842643738,,69.61404418945312,30.030242919921875,13.309514045715332,85.33321380615234,28.467323303222656,54.84940719604492,117.49951171875,5.449260234832764,192.29869079589844,459.5067443847656,107.4327163696289,1.993499755859375,58.704627990722656,1.3940321207046509,490.408935546875,10.429227828979492,70.69275665283203,55.56716537475586,325.3016662597656,1.913390874862671
2021-08-16,2053.117919921875,23.717660903930664,54.79817199707031,0.7979658842086792,51.83973693847656,0.5289999842643738,,69.97454071044922,30.288379669189453,13.414382934570312,85.69587707519531,28.178804397583008,54.65103530883789,113.2064437866211,5.219009876251221,192.2137451171875,458.5746765136719,108.2389144897461,1.9650211334228516,58.984596252441406,1.3898708820343018,488.583984375,10.146880149841309,70.00231170654297,55.01889419555664,328.7622985839844,1.913390874862671
2021-08-17,2021.162841796875,24.164440155029297,54.0594482421875,0.7961965203285217,53.663726806640625,0.527899980545044,,69.2974853515625,30.021635055541992,13.265820503234863,85.71399688720703,28.467323303222656,56.436370849609375,113.95306396484375,5.391697406768799,191.44964599609375,456.8969421386719,108.90792083740234,1.9212861061096191,59.5297966003418,1.3898708820343018,493.3951721191406,9.723358154296875,69.70023345947266,54.92271041870117,323.0666198730469,1.913390874862671
2021-08-18,2019.1656494140625,24.18571662902832,53.55815124511719,0.8015046119689941,53.1837272644043,0.5249999761581421,,68.34590148925781,30.5981502532959,13.056082725524902,86.18546295166016,28.371150970458984,56.93229675292969,117.12621307373047,5.372509956359863,189.32717895507812,463.2349548339844,108.44477081298828,1.9243377447128296,59.1319465637207,1.3898708820343018,474.64813232421875,9.824828147888184,69.17376708984375,54.16283416748047,323.6434020996094,1.9036781787872314
2021-08-19,1992.2034912109375,24.470806121826172,52.16863250732422,0.7961965203285217,51.55173873901367,0.5199999809265137,,65.92047882080078,29.67745018005371,13.021127700805664,84.29964447021484,27.890283584594727,56.63473892211914,115.86627960205078,5.276572227478027,187.62918090820312,458.48150634765625,108.29039001464844,1.8643289804458618,59.08773422241211,1.3773870468139648,475.1458740234375,9.829237937927246,69.29460144042969,53.816558837890625,322.7061462402344,1.913390874862671
2021-08-20,2012.1754150390625,24.692068099975586,51.83444595336914,0.7979658842086792,52.22373580932617,0.5220000147819519,,65.16804504394531,29.393495559692383,12.986170768737793,82.95781707763672,28.371150970458984,56.83311080932617,118.05948638916016,5.353322505950928,190.43084716796875,462.2096862792969,109.09659576416016,1.8683974742889404,58.79304504394531,1.364903211593628,488.4181213378906,9.895414352416992,68.9925308227539,54.22053909301758,322.7061462402344,1.913390874862671
2021-08-23,1990.7056884765625,24.726104736328125,52.15983581542969,0.7961965203285217,51.071739196777344,0.5189999938011169,,66.26570892333984,29.823726654052734,13.021127700805664,84.84364318847656,27.9864559173584,56.73392868041992,116.19292449951172,5.257384777069092,191.02516174316406,468.8273620605469,108.93364715576172,1.9426453113555908,58.203636169433594,1.3482580184936523,481.1183776855469,10.102763175964355,68.638671875,54.23017120361328,328.690185546875,1.884252905845642
2021-08-24,1999.19384765625,24.59420394897461,52.42366409301758,0.7961965203285217,51.83973693847656,0.5199999809265137,,66.86764526367188,29.952796936035156,12.968693733215332,84.57164764404297,27.9864559173584,56.93229675292969,117.87283325195312,5.276572227478027,190.51576232910156,470.6915283203125,108.71922302246094,1.9772263765335083,57.98261260986328,1.3482580184936523,481.1183776855469,10.323347091674805,68.28482818603516,53.80693817138672,326.8877868652344,1.8939656019210815
2021-08-25,1994.2005615234375,24.415491104125977,53.030487060546875,0.7961965203285217,51.83973693847656,0.5210000276565552,,67.60234832763672,29.67745018005371,12.776435852050781,83.91886138916016,28.65966796875,57.428226470947266,114.2330551147461,5.353322505950928,198.9208984375,467.1496887207031,107.81867218017578,2.0260467529296875,57.42267990112305,1.3482580184936523,492.2339172363281,10.623342514038086,67.93097686767578,53.4510498046875,327.4645690917969,1.884252905845642
2021-08-26,1975.7266845703125,24.41974449157715,52.538002014160156,0.7997351288795471,51.64773941040039,0.5239999890327454,,66.6551742553711,29.634428024291992,12.72400188446045,83.64685821533203,28.755842208862305,57.229854583740234,114.93299865722656,5.372509956359863,198.3266143798828,470.8778991699219,108.04165649414062,2.0301148891448975,57.83525848388672,1.3565806150436401,477.8003234863281,10.530696868896484,67.40451049804688,53.61456298828125,321.8409729003906,1.835689663887024
2021-08-27,1970.7335205078125,24.441020965576172,53.2679328918457,0.8032738566398621,50.39974594116211,0.5249999761581421,,68.2662582397461,29.961402893066406,12.776435852050781,83.97325134277344,27.890283584594727,56.93229675292969,114.41970825195312,5.391697406768799,200.279296875,473.4876708984375,109.52544403076172,2.040286064147949,57.9531364440918,1.3773870468139648,489.5794982910156,10.680694580078125,67.75836181640625,53.39333724975586,322.7061462402344,1.884252905845642
2021-08-30,,24.50909996032715,52.82821273803711,0.8085817694664001,49.43974685668945,0.526199996471405,,67.03582000732422,30.219541549682617,12.767696380615234,84.02765655517578,28.755842208862305,56.93229675292969,,,200.53396606445312,473.30126953125,109.55117797851562,2.0809693336486816,57.54055404663086,1.3607418537139893,482.2796936035156,10.67628288269043,67.47355651855469,53.67227554321289,322.2735595703125,1.884252905845642
2021-08-31,1977.2244873046875,24.31336784362793,52.766658782958984,0.8085817694664001,49.727745056152344,0.5264999866485596,,67.01810455322266,30.09907341003418,12.706523895263672,84.0457763671875,28.27497673034668,56.73392868041992,114.79301452636719,5.391697406768799,197.73228454589844,474.23333740234375,108.31611633300781,2.101311206817627,57.23112106323242,1.369064450263977,483.44097900390625,10.649811744689941,68.15491485595703,53.55685806274414,314.7754821777344,1.8745402097702026
2021-09-01,1997.196533203125,24.194225311279297,52.467647552490234,0.8404296636581421,48.575748443603516,0.5128999948501587,,67.06238555908203,30.434654235839844,12.715262413024902,85.1156234741211,28.85201644897461,56.73392868041992,116.19292449951172,5.449260234832764,200.3641815185547,469.0137634277344,108.52195739746094,2.0789356231689453,57.31953048706055,1.364903211593628,485.76361083984375,10.588048934936523,68.00737762451172,53.883888244628906,312.54046630859375,1.8745402097702026
2021-09-02,1961.74609375,24.181459426879883,52.968936920166016,0.8510456681251526,47.03976058959961,0.5001000165939331,,68.32820129394531,30.193727493286133,12.592916488647461,84.60791015625,29.332881927490234,56.53555679321289,115.53963470458984,5.660323143005371,202.31687927246094,470.13226318359375,107.94731140136719,2.109448194503784,57.27531814575195,1.3607418537139893,492.7315368652344,10.808633804321289,68.12889862060547,52.76811599731445,316.0010986328125,1.884252905845642
2021-09-03,1960.74755859375,24.0793399810791,52.942543029785156,0.8492763042449951,47.80775451660156,0.5049999952316284,,68.5052490234375,29.926984786987305,12.732739448547363,83.22980499267578,29.236709594726562,56.53555679321289,116.00629425048828,5.756260871887207,198.68724060058594,462.95538330078125,107.93872833251953,2.123687267303467,57.570030212402344,1.364903211593628,483.10919189453125,10.786575317382812,67.90321350097656,53.04705810546875,315.640625,1.8648275136947632
2021-09-06,1958.75048828125,24.134654998779297,,0.8492763042449951,47.90375518798828,0.5019999742507935,,,,,83.44741821289062,30.775484085083008,56.83311080932617,117.12621307373047,5.660323143005371,200.65614318847656,464.2602844238281,,2.117584705352783,57.87945556640625,1.364903211593628,486.095458984375,11.033629417419434,,,304.24932861328125,1.8648275136947632
2021-09-07,1955.7545166015625,24.02828025817871,52.19500732421875,0.8492763042449951,46.79976272583008,0.4950000047683716,,68.20426940917969,29.7721004486084,12.40065860748291,82.39569091796875,30.48696517944336,56.53555679321289,117.12621307373047,5.6411356925964355,197.2319793701172,459.2271423339844,107.79292297363281,2.127755880355835,57.30480194091797,1.3607418537139893,481.4502258300781,10.746869087219238,67.08731079101562,52.94126510620117,312.80157470703125,1.8648275136947632
2021-09-08,1926.7952880859375,24.245290756225586,52.65232849121094,0.8581230044364929,46.46376419067383,0.4860000014305115,,67.70856475830078,29.617216110229492,12.2870512008667,82.23249053955078,30.102270126342773,57.0314826965332,114.27970886230469,5.660323143005371,200.570556640625,454.007568359375,106.78086853027344,2.135892391204834,56.921688079833984,1.3607418537139893,475.97540283203125,10.513050079345703,66.11515808105469,53.30677032470703,309.92559814453125,1.835689663887024
2021-09-09,1927.294677734375,24.058063507080078,52.467647552490234,0.8510456681251526,47.999755859375,0.4860000014305115,,66.96499633789062,29.531169891357422,12.391919136047363,81.19892883300781,29.813751220703125,56.83311080932617,116.42625427246094,6.197574138641357,199.1152801513672,446.73748779296875,107.21829223632812,2.1135165691375732,56.509098052978516,1.3565806150436401,473.3209533691406,10.561578750610352,65.60301208496094,52.75849914550781,309.47149658203125,1.8454022407531738
2021-09-10,1967.238525390625,23.730424880981445,52.669918060302734,0.8492763042449951,47.999755859375,0.4909999966621399,,67.39875030517578,29.040706634521484,12.252096176147461,80.94506072998047,30.102270126342773,57.626590728759766,117.07953643798828,6.3318867683410645,198.4304656982422,442.63641357421875,107.1754150390625,2.1114821434020996,55.99337387084961,1.364903211593628,468.1780090332031,10.729222297668457,64.9260025024414,52.64308166503906,306.9739685058594,1.8551149368286133
2021-09-13,1920.8035888671875,23.81127166748047,53.77801513671875,0.854584276676178,47.23175811767578,0.492000013589859,,68.38130187988281,28.877216339111328,12.31326675415039,81.70665740966797,29.813751220703125,57.527408599853516,114.46637725830078,6.54295015335083,200.9985809326172,441.33154296875,106.86663818359375,2.148097515106201,56.36174774169922,1.364903211593628,471.49603271484375,11.099803924560547,66.3408203125,53.1143913269043,307.04962158203125,1.8648275136947632
2021-09-14,1910.81787109375,23.95594596862793,53.10083770751953,0.854584276676178,47.95175552368164,0.49950000643730164,,68.142333984375,27.913494110107422,12.348224639892578,81.39839172363281,30.48696517944336,57.8249626159668,117.82616424560547,6.638887405395508,199.1152801513672,439.1877746582031,106.7122573852539,2.158268451690674,56.73012924194336,1.3565806150436401,469.67108154296875,11.007159233093262,65.47283172607422,53.258670806884766,311.13653564453125,1.8648275136947632
2021-09-15,1849.9033203125,24.100614547729492,54.982852935791016,0.8510456681251526,48.575748443603516,0.5,,71.81586456298828,27.500471115112305,12.269572257995605,80.78186798095703,30.58313751220703,58.81681442260742,113.06645202636719,6.734825134277344,199.8001251220703,441.5179748535156,106.06900787353516,2.205054521560669,57.12797546386719,1.364903211593628,470.8323974609375,11.395387649536133,66.14987182617188,52.86431121826172,312.65020751953125,1.8648275136947632
2021-09-16,1885.852783203125,24.0793399810791,55.40498733520508,0.8510456681251526,49.24774932861328,0.49799999594688416,,71.78045654296875,27.595121383666992,12.260833740234375,81.23518371582031,30.58313751220703,61.494815826416016,117.40619659423828,6.600512504577637,200.0569305419922,452.329833984375,106.14619445800781,2.304729700088501,57.098506927490234,1.369064450263977,481.1183776855469,11.752734184265137,65.79398345947266,52.460323333740234,318.2508544921875,1.8648275136947632
2021-09-17,1887.350830078125,24.092103958129883,54.868526458740234,0.8563535809516907,48.575748443603516,0.49300000071525574,,71.3290023803711,27.483261108398438,12.138487815856934,81.97864532470703,30.58313751220703,62.78422164916992,111.9931869506836,6.715637683868408,199.5432891845703,451.4909973144531,105.20275115966797,2.3413450717926025,57.5994987487793,1.369064450263977,487.5885314941406,11.214508056640625,65.80266571044922,51.892826080322266,306.5954895019531,1.8454022407531738
2021-09-20,1869.375732421875,23.98147201538086,53.22397232055664,0.8439683318138123,45.5517692565918,0.47999998927116394,,68.2662582397461,27.14768409729004,11.998663902282715,81.81543731689453,29.236709594726562,59.01518630981445,112.31983947753906,6.715637683868408,195.60548400878906,455.7784729003906,105.1341323852539,2.33524227142334,56.803794860839844,1.3399354219436646,473.9845886230469,10.804221153259277,65.70718383789062,52.16215515136719,303.4167785644531,1.8065516948699951
2021-09-21,1886.35205078125,24.270816802978516,52.78424072265625,0.8439683318138123,44.6397705078125,0.4819999933242798,,68.25739288330078,28.033964157104492,12.155964851379395,82.3050308227539,29.140535354614258,59.511112213134766,118.05948638916016,6.638887405395508,199.3720703125,454.6600036621094,106.6522216796875,2.33117413520813,57.27531814575195,1.3482580184936523,481.1183776855469,10.896866798400879,65.55093383789062,52.39299392700195,307.04962158203125,1.7871264219284058
2021-09-22,1902.3297119140625,24.41974449157715,51.87841796875,0.8475069403648376,47.13575744628906,0.492000013589859,,68.41674041748047,28.266284942626953,12.208399772644043,82.97593688964844,29.525232315063477,59.511112213134766,113.85972595214844,6.54295015335083,201.0841827392578,445.2462158203125,106.14619445800781,2.3962676525115967,57.334266662597656,1.3482580184936523,496.7132263183594,11.320388793945312,65.5162353515625,52.518043518066406,309.24444580078125,1.7774138450622559
2021-09-23,1900.831787109375,24.496335983276367,53.01289367675781,0.8457375764846802,47.3277587890625,0.4918999969959259,,69.656005859375,28.507219314575195,12.234617233276367,82.68582153320312,29.621402740478516,59.7094841003418,110.12664031982422,6.811575412750244,204.76515197753906,444.9665832519531,106.66937255859375,2.455259323120117,58.21836853027344,1.3482580184936523,502.68572998046875,11.448328018188477,66.06306457519531,52.76811599731445,317.7210388183594,1.7774138450622559
2021-09-24,1879.36181640625,24.547395706176758,52.55558395385742,0.8439683318138123,45.40776824951172,0.4909999966621399,,69.726806640625,28.352336883544922,12.138487815856934,81.88796997070312,29.525232315063477,59.7094841003418,110.31329345703125,6.677262783050537,202.45384216308594,432.94293212890625,104.94544982910156,2.512216567993164,57.98261260986328,1.3482580184936523,496.0495910644531,11.549797058105469,66.15855407714844,52.48918151855469,324.9866943359375,1.7774138450622559
2021-09-27,1934.7841796875,24.372936248779297,53.435035705566406,0.8439683318138123,46.07976531982422,0.49390000104904175,,71.1165771484375,28.412565231323242,12.103531837463379,81.96051025390625,29.332881927490234,59.610294342041016,110.45329284667969,6.677262783050537,203.48109436035156,423.0630798339844,103.2987060546875,2.542729139328003,58.247840881347656,1.3399354219436646,495.05419921875,12.215961456298828,66.71405792236328,52.18138122558594,329.07366943359375,1.8065516948699951
2021-09-28,1894.840087890625,24.309114456176758,53.2679328918457,0.8439683318138123,45.79176330566406,0.4997999966144562,,71.41754150390625,28.39535903930664,11.972445487976074,81.16265106201172,29.813751220703125,59.411930084228516,108.16675567626953,6.907512664794922,201.68336486816406,420.91937255859375,101.70343017578125,2.5406949520111084,57.67317199707031,1.3399354219436646,486.9250183105469,11.818910598754883,67.52997589111328,52.34489822387695,321.6566162109375,1.8065516948699951
2021-09-29,1915.3115234375,24.738874435424805,53.45262145996094,0.835121750831604,45.88776779174805,0.4997999966144562,,71.6476821899414,28.076984405517578,11.989923477172852,81.43465423583984,29.813751220703125,59.511112213134766,107.6067886352539,6.869137763977051,196.03355407714844,418.4959716796875,103.18719482421875,2.5671393871307373,58.05628967285156,1.3399354219436646,483.7728271484375,11.942436218261719,69.86488342285156,52.74888610839844,327.4085998535156,1.8065516948699951
2021-09-30,1857.3927001953125,24.453784942626953,52.77544403076172,0.835121750831604,46.84775924682617,0.5550000071525574,,71.98404693603516,28.231868743896484,11.841361045837402,81.77915954589844,30.19844627380371,59.610294342041016,108.1200942993164,7.080201148986816,190.1268310546875,410.1074523925781,103.10143280029297,2.5956180095672607,59.10247802734375,1.3399354219436646,482.4455261230469,12.313018798828125,68.51950073242188,52.15253448486328,328.6951904296875,1.8065516948699951
2021-10-01,1841.9144287109375,24.360172271728516,53.4702033996582,0.8315830230712891,47.42375564575195,0.5600000023841858,,73.0462875366211,28.016752243041992,11.753971099853516,81.79732513427734,29.90992546081543,59.511112213134766,109.28668975830078,6.926700592041016,190.3836669921875,410.4801940917969,103.34158325195312,2.6179940700531006,58.63095474243164,1.3149677515029907,485.431884765625,12.132139205932617,67.97266387939453,52.142906188964844,325.5921936035156,1.7968391180038452
2021-10-04,1813.9537353515625,24.526119232177734,53.786808013916016,0.8333523869514465,49.63174819946289,0.5339999794960022,,73.10824584960938,28.19744873046875,11.78892707824707,82.75835418701172,31.06400489807129,60.89970779418945,108.72671508789062,7.041825771331787,190.29806518554688,408.7093200683594,104.01057434082031,2.5956180095672607,58.42466735839844,1.3149677515029907,481.9478454589844,12.163021087646484,67.77301788330078,51.758174896240234,328.3168029785156,1.7968391180038452
2021-10-05,1823.9395751953125,25.049489974975586,54.771785736083984,0.8227364420890808,49.43974685668945,0.5210000276565552,,74.46260070800781,28.421167373657227,11.675318717956543,81.9423828125,31.256351470947266,61.593997955322266,108.72671508789062,7.061013698577881,191.8389129638672,406.00634765625,103.82189178466797,2.662745952606201,58.4099235534668,1.2983224391937256,481.1183776855469,12.308606147766113,67.97266387939453,51.40227127075195,323.0189208984375,1.7968391180038452
2021-10-06,1776.50634765625,24.632495880126953,54.78937911987305,0.8103511333465576,49.24774932861328,0.5400000214576721,,74.2944107055664,28.51582145690918,11.631625175476074,81.12639617919922,31.44869613647461,61.395633697509766,109.19335174560547,7.19532585144043,189.09959411621094,405.16748046875,104.18211364746094,2.420677900314331,58.35098648071289,1.2899999618530273,480.78656005859375,11.907142639160156,68.2417221069336,51.02714157104492,311.66632080078125,1.7385631799697876
2021-10-07,1794.9803466796875,24.870777130126953,55.42258071899414,0.8050432205200195,51.83973693847656,0.5440000295639038,,74.7989730834961,28.997682571411133,11.649102210998535,82.93968963623047,32.21808624267578,61.7923698425293,109.05335998535156,7.19532585144043,192.43817138671875,409.0821533203125,103.97627258300781,2.4532251358032227,57.98261260986328,1.2733547687530518,488.4181213378906,12.238019943237305,68.29380798339844,50.911720275878906,318.4779052734375,1.7968391180038452
2021-10-08,1802.4698486328125,24.768659591674805,55.660037994384766,0.8032738566398621,51.83973693847656,0.5450000166893005,,74.67506408691406,28.903030395507812,11.483061790466309,82.5044937133789,32.31425476074219,63.280147552490234,109.00670623779297,7.27207612991333,192.86619567871094,402.09173583984375,104.20783996582031,2.542729139328003,57.58476638793945,1.2816773653030396,490.7406921386719,12.352724075317383,68.19833374023438,50.632781982421875,318.4021911621094,1.7288504838943481
2021-10-11,1780.5006103515625,24.572927474975586,56.25804901123047,0.8103511333465576,53.27973175048828,0.5356000065803528,,75.18846130371094,28.352336883544922,11.386932373046875,81.6703872680664,31.929567337036133,62.58584976196289,105.92688751220703,7.675014495849609,191.7533416748047,400.1343688964844,103.62462615966797,2.632233142852783,57.76158142089844,1.248387098312378,493.56109619140625,12.802716255187988,67.99869537353516,50.49811553955078,327.4842834472656,1.7288504838943481
2021-10-12,1768.018310546875,24.075084686279297,55.74797058105469,0.8121204376220703,51.83973693847656,0.529699981212616,,74.77240753173828,28.490007400512695,11.334498405456543,81.5071792602539,30.967830657958984,62.68503952026367,109.61332702636719,7.675014495849609,190.9828643798828,403.0237731933594,103.64177703857422,2.6098570823669434,57.52582550048828,1.2567095756530762,493.3951721191406,12.68801212310791,68.7798843383789,50.286502838134766,323.8514404296875,1.7191379070281982
2021-10-13,1807.462890625,23.5389461517334,55.33463668823242,0.813889741897583,51.55173873901367,0.5295000076293945,,74.40949249267578,29.384889602661133,11.570452690124512,83.1028823852539,31.737218856811523,62.98259353637695,109.14669799804688,7.675014495849609,192.86619567871094,414.76776123046875,105.42574310302734,2.5752761363983154,57.46688461303711,1.2567095756530762,500.5289611816406,12.480663299560547,68.84066772460938,50.950199127197266,322.1864013671875,1.7385631799697876
2021-10-14,1801.47119140625,23.730424880981445,56.433937072753906,0.813889741897583,49.535743713378906,0.527899980545044,,76.0116958618164,28.954662322998047,11.719016075134277,83.22980499267578,32.31425476074219,62.48666763305664,109.64720916748047,7.75176477432251,197.74563598632812,410.3870849609375,106.52356719970703,2.569173574447632,58.17416763305664,1.2733547687530518,505.17431640625,12.365959167480469,69.17916107177734,51.113704681396484,325.2894287109375,1.7385631799697876
2021-10-15,1815.4517822265625,23.785741806030273,56.24045944213867,0.8191977739334106,50.11174392700195,0.5375000238418579,,75.7904052734375,28.825590133666992,11.61414623260498,83.19353485107422,32.602783203125,61.7923698425293,108.0567626953125,7.732577323913574,199.45770263671875,419.89410400390625,106.96955871582031,2.6057887077331543,57.628971099853516,1.2775160074234009,503.8470458984375,12.418899536132812,69.16180419921875,50.94057083129883,322.9432373046875,1.7482757568359375
2021-10-18,1810.9580078125,23.662342071533203,56.10854721069336,0.8227364420890808,49.24774932861328,0.5386000275611877,,75.84351348876953,28.584657669067383,11.570452690124512,82.54076385498047,32.891300201416016,62.48666763305664,106.51309967041016,7.75176477432251,198.6016387939453,415.1405944824219,106.9867172241211,2.5752761363983154,57.51108169555664,1.2567095756530762,508.4923095703125,12.520367622375488,68.94482421875,50.70972442626953,325.4408264160156,1.7482757568359375
2021-10-19,1787.490966796875,23.49213981628418,56.75933074951172,0.8280443549156189,48.575748443603516,0.5397999882698059,,76.54281616210938,28.55884552001953,11.282064437866211,82.26876831054688,32.98747253417969,62.38748550415039,107.5889892578125,7.828514575958252,199.97132873535156,416.81829833984375,105.09982299804688,2.5284900665283203,57.083770751953125,1.2733547687530518,512.639892578125,12.110081672668457,69.5263671875,50.50772476196289,323.2459716796875,1.7482757568359375
2021-10-20,1777.00537109375,23.632558822631836,57.023170471191406,0.8298137784004211,49.63174819946289,0.5389999747276306,,77.52539825439453,28.584657669067383,11.483061790466309,83.46553802490234,32.602783203125,62.48666763305664,109.03910064697266,7.924452781677246,205.19317626953125,415.88623046875,108.06739044189453,2.593583822250366,57.46688461303711,1.2775160074234009,533.0459594726562,12.030671119689941,70.50721740722656,50.78667068481445,328.84661865234375,1.7482757568359375
2021-10-21,1749.5443115234375,23.815526962280273,57.04955291748047,0.8227364420890808,48.575748443603516,0.5299999713897705,,77.62275695800781,28.094194412231445,11.404411315917969,83.2842025756836,32.98747253417969,62.18911361694336,108.15032196044922,7.866889476776123,208.7885284423828,416.63189697265625,109.49970245361328,2.532557964324951,57.098506927490234,1.2775160074234009,533.0459594726562,11.907142639160156,70.47248840332031,51.34456253051758,321.1268310546875,1.7482757568359375
2021-10-22,1724.5792236328125,23.879350662231445,58.23680877685547,0.8315830230712891,49.63174819946289,0.5249999761581421,,78.18927001953125,28.619077682495117,11.386932373046875,83.95512390136719,32.98747253417969,61.69318771362305,108.0567626953125,7.75176477432251,210.158203125,422.7834777832031,109.82563018798828,2.5447633266448975,57.58476638793945,1.2775160074234009,535.0368041992188,12.207139015197754,71.60954284667969,51.66197967529297,325.9706115722656,1.7482757568359375
2021-10-25,1748.54541015625,24.130401611328125,58.59737777709961,0.8298137784004211,54.33572006225586,0.527999997138977,,78.180419921875,28.34372901916504,11.378193855285645,83.48367309570312,33.46834182739258,63.577701568603516,109.6004409790039,7.7709527015686035,212.04150390625,428.0030212402344,108.7964096069336,2.589515209197998,57.628971099853516,1.2983224391937256,531.71875,12.410075187683105,72.2952880859375,51.4696044921875,324.9866943359375,1.7482757568359375
2021-10-26,1790.9857177734375,24.104869842529297,57.48048400878906,0.826275110244751,50.687740325927734,0.5339999794960022,,77.2332534790039,28.765356063842773,11.351975440979004,85.22441864013672,33.372169494628906,60.80051803588867,109.36653900146484,7.828514575958252,212.469482421875,437.2304382324219,109.379638671875,2.581378698348999,57.437408447265625,1.2983224391937256,535.0368041992188,11.770380973815918,71.60086822509766,51.94091796875,317.8724060058594,1.7482757568359375
2021-10-27,1790.486572265625,24.11337661743164,56.75053024291992,0.8280443549156189,52.79973220825195,0.5339999794960022,,80.21636199951172,28.834192276000977,11.282064437866211,84.6804428100586,33.1798210144043,60.60214614868164,110.02143096923828,7.866889476776123,212.04150390625,439.9334716796875,109.95426940917969,2.5793445110321045,57.46688461303711,1.2733547687530518,542.0047607421875,12.546838760375977,69.98640441894531,51.49845504760742,325.7435607910156,1.7482757568359375
2021-10-28,1783.49658203125,23.900625228881836,57.023170471191406,0.8298137784004211,53.567726135253906,0.5353999733924866,,82.24346160888672,29.333263397216797,11.386932373046875,87.29157257080078,33.1798210144043,61.395633697509766,109.2262191772461,7.675014495849609,210.2438201904297,455.2192687988281,112.51874542236328,2.469498634338379,57.55529022216797,1.2983224391937256,535.36865234375,13.045358657836914,70.31623840332031,51.82549285888672,330.6629943847656,1.7482757568359375
2021-10-29,1785.4937744140625,23.938920974731445,56.49549102783203,0.8298137784004211,51.93572998046875,0.5353999733924866,,82.00447845458984,28.576053619384766,11.369455337524414,86.87451171875,33.564517974853516,59.7094841003418,110.02143096923828,7.291263580322266,209.3877716064453,441.05194091796875,113.05908203125,2.4918746948242188,60.53178787231445,1.2983224391937256,533.3777465820312,13.142416000366211,69.41352844238281,51.53693389892578,333.61468505859375,1.7482757568359375
2021-11-01,1809.9591064453125,24.25379753112793,55.94144821166992,,,,,81.5441665649414,29.34186553955078,11.53549575805664,87.41850280761719,,,105.29688262939453,7.636639595031738,209.55897521972656,443.1956787109375,113.65086364746094,2.4715325832366943,61.828468322753906,,525.7462768554688,13.490939140319824,70.1600112915039,51.71968078613281,333.38763427734375,
2021-11-02,1815.4517822265625,24.241031646728516,55.73038864135742,,50.975738525390625,,,80.66783142089844,29.7721004486084,11.53549575805664,87.63609313964844,32.5066032409668,60.40378189086914,108.10354614257812,7.636639595031738,206.04922485351562,448.3219909667969,113.127685546875,2.412541389465332,62.28526306152344,,519.4419555664062,13.049769401550293,70.7676010131836,51.76778030395508,341.25872802734375,
2021-11-03,1834.9241943359375,24.713340759277344,57.075927734375,0.8280443549156189,52.22373580932617,0.5479999780654907,,80.95993041992188,29.866750717163086,11.61414623260498,87.45475769042969,33.08364486694336,60.89970779418945,109.46011352539062,7.694202423095703,207.84689331054688,449.2540588378906,115.2032699584961,2.443053960800171,62.447349548339844,1.2899999618530273,519.7737426757812,13.468880653381348,70.9325180053711,51.998626708984375,344.96722412109375,1.7482757568359375
2021-11-04,1844.410888671875,24.62824249267578,56.4867057800293,0.826275110244751,52.41572952270508,0.550000011920929,,81.9425048828125,29.539779663085938,11.544234275817871,87.4003677368164,33.1798210144043,60.10622024536133,109.97465515136719,7.694202423095703,206.30604553222656,454.1939697265625,116.19816589355469,2.4450886249542236,63.3903923034668,1.2733547687530518,519.9396362304688,13.543880462646484,70.36832427978516,51.32682418823242,347.9189147949219,1.7482757568359375
2021-11-05,1883.85546875,24.338899612426758,56.71535110473633,0.8298137784004211,53.1837272644043,0.550000011920929,,82.2523193359375,29.479541778564453,11.579191207885742,88.30701446533203,32.98747253417969,60.50296401977539,106.65343475341797,7.540701866149902,207.333251953125,443.8481140136719,115.9494400024414,2.4674642086029053,63.64088821411133,1.2775160074234009,524.916748046875,13.305648803710938,70.79364013671875,51.31712341308594,348.9028015136719,1.7482757568359375
2021-11-08,1855.8948974609375,23.972963333129883,56.10854721069336,0.8298137784004211,51.93572998046875,0.550000011920929,,81.87166595458984,29.402097702026367,11.44810676574707,87.09210968017578,33.1798210144043,60.20541000366211,107.5889892578125,7.579076766967773,203.9947052001953,452.5162353515625,114.58573913574219,2.4857723712921143,62.874656677246094,1.2733547687530518,515.4603271484375,13.47329330444336,70.62871551513672,51.26857376098633,350.794921875,1.7968391180038452
2021-11-09,2004.186767578125,24.279327392578125,56.66259765625,0.8227364420890808,50.78374099731445,0.5479999780654907,,82.22576904296875,29.531169891357422,11.579191207885742,87.16463470458984,33.372169494628906,59.7094841003418,109.97465515136719,7.617452144622803,203.48109436035156,460.5320129394531,116.00091552734375,2.5061137676239014,62.859928131103516,1.2733547687530518,509.6536865234375,13.442410469055176,70.75890350341797,51.40449523925781,349.20556640625,1.7677011489868164
2021-11-10,2055.115234375,25.240966796875,57.50685119628906,0.8298137784004211,49.43974685668945,0.5410000085830688,,81.70349884033203,29.092330932617188,11.59666919708252,87.54542541503906,32.98747253417969,60.40378189086914,107.44866943359375,7.7133893966674805,204.93637084960938,465.7515563964844,115.18611907958984,2.504079580307007,62.74204635620117,1.265032172203064,516.7875366210938,13.499761581420898,71.64427185058594,51.42390823364258,357.37945556640625,1.7871264219284058
2021-11-11,1999.19384765625,24.823974609375,58.16643524169922,0.826275110244751,,0.5419999957084656,,83.17293548583984,29.066518783569336,11.579191207885742,88.27074432373047,,,107.21476745605469,7.559889316558838,199.62892150878906,484.29962158203125,114.8773422241211,2.512216567993164,62.8304557800293,1.265032172203064,515.9579467773438,12.846833229064941,72.1563720703125,50.92879867553711,350.6435546875,1.7677011489868164
2021-11-12,2006.1837158203125,25.347347259521484,57.98176193237305,0.826275110244751,48.6717529296875,0.5419999957084656,,84.20858764648438,29.41070556640625,11.491800308227539,88.23448181152344,32.31425476074219,60.50296401977539,108.0567626953125,7.559889316558838,201.42657470703125,484.67242431640625,115.0746078491211,2.524421453475952,62.7862548828125,1.265032172203064,522.9259033203125,12.7762451171875,70.50721740722656,50.92879867553711,350.0381164550781,1.7871264219284058
2021-11-15,2019.1656494140625,26.240909576416016,58.8787956237793,0.826275110244751,45.88776779174805,0.5490000247955322,,85.11149597167969,29.393495559692383,11.404411315917969,89.17737579345703,30.967830657958984,60.10622024536133,107.3083267211914,7.579076766967773,203.9947052001953,481.31695556640625,114.0797119140625,2.55086612701416,62.9925422668457,1.2775160074234009,527.9030151367188,13.040946960449219,73.00701904296875,50.79288101196289,341.33441162109375,1.7774138450622559
2021-11-16,1964.7421875,25.39415168762207,58.71961975097656,0.8227364420890808,46.60776138305664,0.550000011920929,,84.7397232055664,29.255823135375977,11.15971851348877,88.3976821899414,30.390792846679688,60.00703811645508,106.41954803466797,7.579076766967773,200.7417755126953,482.06268310546875,113.83097839355469,2.642404079437256,62.9925422668457,1.2691935300827026,528.4006958007812,12.904184341430664,72.54698944091797,50.49192810058594,341.9399108886719,1.7774138450622559
2021-11-17,1932.287353515625,25.28352165222168,58.065216064453125,0.8209670782089233,46.27176284790039,0.5479999780654907,,85.11801147460938,28.928842544555664,11.220890998840332,86.60250854492188,30.679309844970703,60.10622024536133,106.65343475341797,7.636639595031738,198.17364501953125,479.08001708984375,114.13117218017578,2.6688485145568848,63.00727844238281,1.2567095756530762,512.8058471679688,13.464468955993652,71.68768310546875,50.258934020996094,337.9286804199219,1.7871264219284058
2021-11-18,1937.280517578125,25.594139099121094,58.88763427734375,0.8209670782089233,46.07976531982422,0.5414999723434448,,85.46512603759766,28.971866607666016,11.220890998840332,86.72945404052734,31.737218856811523,59.7094841003418,105.71788024902344,7.483139514923096,200.8273468017578,480.0121154785156,114.31129455566406,2.6261305809020996,63.16936492919922,1.2608709335327148,526.409912109375,13.367411613464355,71.66162872314453,49.82206726074219,335.65814208984375,1.7774138450622559
2021-11-19,1897.33642578125,25.58562660217285,57.782230377197266,0.8050432205200195,43.77577209472656,0.5468999743461609,,83.76506805419922,28.29210090637207,11.019893646240234,84.19084930419922,30.679309844970703,58.32088851928711,108.33743286132812,7.291263580322266,202.37750244140625,478.33441162109375,113.2306137084961,2.581378698348999,63.3903923034668,1.2733547687530518,525.7462768554688,13.323294639587402,70.75023651123047,49.95798110961914,337.7772521972656,1.7774138450622559
2021-11-22,1922.3016357421875,26.185592651367188,58.7372932434082,0.813889741897583,41.75978469848633,0.5449000000953674,,83.85408782958984,28.042566299438477,11.019893646240234,83.82818603515625,30.060699462890625,55.84125900268555,107.49544525146484,7.099388599395752,196.43533325195312,484.67242431640625,112.4415512084961,2.6057887077331543,63.243038177490234,1.2733547687530518,509.6536865234375,13.9541654586792,72.1563720703125,49.773529052734375,338.30706787109375,1.7774138450622559
2021-11-23,1953.258056640625,26.262182235717773,59.02913284301758,0.8068125247955322,42.09578323364258,0.550000011920929,,83.9342041015625,27.689775466918945,11.150979042053223,83.64685821533203,30.060699462890625,55.642887115478516,107.96321105957031,7.27207612991333,189.890380859375,468.4544982910156,112.48442840576172,2.57731032371521,63.125160217285156,1.2733547687530518,498.5381774902344,13.72034740447998,72.25186920166016,50.72493362426758,341.78857421875,1.7385631799697876
2021-11-24,1937.280517578125,25.981348037719727,58.64887237548828,0.813889741897583,42.8637809753418,0.5442000031471252,,82.63469696044922,27.896282196044922,10.967459678649902,84.0457763671875,30.15735626220703,56.73392868041992,103.70642852783203,7.19532585144043,191.0960693359375,461.09124755859375,111.50667572021484,2.5406949520111084,62.727317810058594,1.2733547687530518,499.6994934082031,13.610054969787598,72.25186920166016,50.57929992675781,337.55023193359375,1.7385631799697876
2021-11-25,1940.2762451171875,26.028152465820312,,0.8156591057777405,43.631778717041016,0.5460000038146973,,,,,86.34866333007812,29.384090423583984,56.53555679321289,102.7240982055664,7.176138401031494,190.49314880371094,464.6330871582031,,2.55086612701416,63.21357345581055,1.2775160074234009,496.5473327636719,13.702699661254883,,,338.45843505859375,1.6511495113372803
2021-11-26,1882.3577880859375,25.806888580322266,56.950950622558594,0.8121204376220703,39.98379898071289,0.5410000085830688,,80.53411865234375,27.784423828125,10.714028358459473,84.31777954101562,28.61082649230957,54.25429916381836,100.6658706665039,7.003450870513916,181.7091522216797,461.55731201171875,111.8497543334961,2.4227123260498047,61.99055099487305,1.2733547687530518,480.6207275390625,12.890949249267578,70.60266876220703,50.95792007446289,333.9930725097656,1.7482757568359375
2021-11-29,1904.326904296875,25.747318267822266,57.313514709472656,0.8121204376220703,41.27979278564453,0.5410000085830688,,80.62310791015625,27.861867904663086,10.801419258117676,84.71670532226562,29.0941162109375,56.33718490600586,101.13365173339844,6.773200035095215,181.1924285888672,455.40570068359375,111.77256774902344,2.451190948486328,61.96108627319336,1.2733547687530518,486.7590637207031,13.261530876159668,71.07136535644531,51.220035552978516,337.09613037109375,1.7482757568359375
2021-11-30,1920.304443359375,25.232460021972656,55.01426315307617,0.8333523869514465,43.583778381347656,0.5400000214576721,,77.05390167236328,26.837915420532227,10.28581714630127,79.73016357421875,29.577407836914062,58.51926040649414,102.91120910644531,6.773200035095215,177.57545471191406,463.3282165527344,110.21157836914062,2.4572935104370117,61.01803970336914,1.2733547687530518,475.97540283203125,13.257118225097656,68.92405700683594,49.36579132080078,337.2475280761719,1.7191379070281982
2021-12-01,1952.7587890625,25.330324172973633,54.66937255859375,0.826275110244751,44.15977478027344,0.5120000243186951,,75.20254516601562,26.596982955932617,10.215904235839844,79.29496765136719,30.15735626220703,59.511112213134766,101.55465698242188,6.619699954986572,178.00604248046875,464.726318359375,108.83929443359375,2.4674642086029053,60.84122085571289,1.265032172203064,477.1366882324219,13.570348739624023,68.31304931640625,49.13279342651367,338.45843505859375,1.7191379070281982
2021-12-02,1936.281982421875,25.38564109802246,55.18228530883789,0.826275110244751,42.719783782958984,0.49799999594688416,,76.59107208251953,26.872329711914062,10.504292488098145,80.00215148925781,30.83396339416504,59.213558197021484,102.06920623779297,6.820000171661377,175.85311889648438,457.3630065917969,109.44825744628906,2.4328830242156982,61.563236236572266,1.2567095756530762,470.334716796875,13.676229476928711,70.52146911621094,49.93856430053711,328.9222717285156,1.7288504838943481
2021-12-03,1927.294677734375,25.215438842773438,55.2972526550293,0.8368910551071167,43.2957763671875,0.5,,77.09840393066406,26.691635131835938,10.443119049072266,80.09281158447266,30.640647888183594,59.511112213134766,101.46109008789062,6.699999809265137,174.56137084960938,460.3455810546875,111.1893310546875,2.3881311416625977,61.489566802978516,1.252548336982727,468.5097351074219,13.901226043701172,72.10140991210938,49.79294967651367,334.4471740722656,1.7288504838943481
2021-12-06,1967.238525390625,25.46223258972168,55.81016159057617,0.835121750831604,41.37578582763672,0.49950000643730164,,77.04501342773438,27.29395866394043,10.460597038269043,82.8852767944336,30.543991088867188,59.01518630981445,103.09832000732422,6.760000228881836,175.50865173339844,464.3534851074219,112.78462219238281,2.3677895069122314,61.784263610839844,1.252548336982727,469.3392639160156,13.27917766571045,72.86956787109375,51.08412551879883,333.3119201660156,1.7288504838943481
2021-12-07,1959.2496337890625,25.883481979370117,56.73872375488281,0.8280443549156189,41.951786041259766,0.49790000915527344,,78.13089752197266,27.121868133544922,10.364468574523926,84.2452392578125,30.83396339416504,58.71763229370117,102.3498764038086,6.71999979019165,178.0922088623047,472.55560302734375,112.9990463256836,2.489840507507324,62.77151870727539,1.2567095756530762,481.6160583496094,13.27917766571045,73.29727172851562,50.8220100402832,345.4213562011719,1.7288504838943481
2021-12-08,1941.774169921875,25.47499656677246,56.71217346191406,0.8280443549156189,41.80778884887695,0.49790000915527344,,77.45442962646484,27.4144287109375,10.504292488098145,81.14452362060547,31.220596313476562,58.02333450317383,103.05155181884766,6.400000095367432,178.35055541992188,481.6897888183594,115.45199584960938,2.420677900314331,63.257774353027344,1.2567095756530762,484.6023254394531,13.865933418273926,72.91320037841797,51.433616638183594,342.84808349609375,1.7288504838943481
2021-12-09,1931.2890625,25.5686092376709,55.960506439208984,0.8227364420890808,41.13578796386719,0.4999000132083893,,76.08373260498047,27.07023811340332,10.408162117004395,81.79732513427734,30.930622100830078,58.12251663208008,106.88731384277344,6.840000152587891,181.0202178955078,483.9267578125,115.46915435791016,2.3759262561798096,63.28724670410156,1.248387098312378,491.4043884277344,13.892402648925781,73.10523986816406,51.35594940185547,341.1830749511719,1.7094252109527588
2021-12-10,1941.2750244140625,25.819656372070312,56.11083984375,0.8280443549156189,40.319793701171875,0.4970000088214874,,77.35653686523438,26.9583797454834,10.469335556030273,82.15996551513672,31.027280807495117,58.61844253540039,106.93408966064453,6.840000152587891,183.25927734375,483.7403564453125,116.42974853515625,2.4308488368988037,63.8029670715332,1.2567095756530762,494.7225036621094,14.135046005249023,73.41949462890625,51.695735931396484,348.14599609375,1.7288504838943481
2021-12-13,1921.8023681640625,25.921777725219727,57.1631965637207,0.8227364420890808,40.7997932434082,0.4968999922275543,,78.20211029052734,27.500471115112305,10.355728149414062,81.6703872680664,31.317256927490234,58.02333450317383,106.84054565429688,6.659999847412109,180.7618408203125,487.46856689453125,115.87226104736328,2.3535499572753906,63.4493408203125,1.252548336982727,495.3860168457031,14.139457702636719,74.13526153564453,51.5404052734375,338.9125671386719,1.7288504838943481
2021-12-14,1948.2652587890625,25.73455238342285,57.34889602661133,0.8227364420890808,38.59180450439453,0.49729999899864197,,77.50784301757812,28.15442657470703,10.408162117004395,83.95512390136719,31.220596313476562,57.13066482543945,106.65343475341797,6.840000152587891,176.7143096923828,485.7908935546875,115.25473022460938,2.357618570327759,63.62615203857422,1.248387098312378,483.7728271484375,14.408570289611816,74.8510513305664,51.48215866088867,335.27972412109375,1.7288504838943481
2021-12-15,1888.3492431640625,25.51329231262207,57.55229568481445,0.8298137784004211,37.77580261230469,0.4999000132083893,,78.13089752197266,28.55023956298828,10.47807502746582,84.35403442382812,31.220596313476562,56.23800277709961,107.1212158203125,6.800000190734863,175.93927001953125,487.8414306640625,116.92719268798828,2.343379259109497,62.55048751831055,1.2317419052124023,478.1321716308594,14.223278999328613,74.9906997680664,51.16179275512695,339.3666687011719,1.7288504838943481
2021-12-16,1881.2010498046875,25.492013931274414,58.51621627807617,0.8280443549156189,38.255802154541016,0.49399998784065247,,78.56703186035156,28.65349578857422,10.652854919433594,87.472900390625,31.607229232788086,58.22170639038086,107.5889892578125,6.820000171661377,177.9199676513672,491.5697021484375,118.21371459960938,2.4064388275146484,63.18410110473633,1.2400645017623901,486.095458984375,14.395336151123047,75.24385833740234,51.744266510009766,342.01556396484375,1.7288504838943481
2021-12-17,1950.1168212890625,25.538820266723633,57.72032165527344,0.8280443549156189,37.967803955078125,0.49399998784065247,,78.39791870117188,28.188840866088867,10.644116401672363,88.34327697753906,31.703887939453125,55.94044494628906,107.1212158203125,6.820000171661377,177.40325927734375,487.2821960449219,117.75054931640625,2.3637208938598633,63.154632568359375,1.2400645017623901,491.07257080078125,13.932108879089355,74.57171630859375,51.16179275512695,339.5937194824219,1.7288504838943481
2021-12-20,1909.666259765625,25.811147689819336,56.791770935058594,0.8227364420890808,35.85581588745117,0.49399998784065247,,76.38636016845703,28.36954116821289,10.460597038269043,87.74488067626953,31.89720344543457,56.63473892211914,104.8291015625,6.800000190734863,171.89169311523438,479.08001708984375,118.69400024414062,2.304729700088501,63.21357345581055,1.252548336982727,478.2979736328125,13.649760246276855,74.05669403076172,50.99674987792969,339.5180358886719,1.7288504838943481
2021-12-21,1994.562255859375,25.747318267822266,57.331207275390625,0.8315830230712891,35.32781982421875,0.49399998784065247,,78.56703186035156,28.825590133666992,10.47807502746582,88.3976821899414,31.220596313476562,56.93229675292969,106.60664367675781,6.559999942779541,174.4752655029297,482.8083190917969,117.99073028564453,2.347447633743286,63.36091995239258,1.248387098312378,482.1138000488281,13.618879318237305,74.43204498291016,50.763755798339844,334.82562255859375,1.7191379070281982
2021-12-22,2028.5208740234375,25.445209503173828,57.14551544189453,0.8245057463645935,36.23981475830078,0.4950000047683716,,79.21678161621094,29.4709415435791,10.5392484664917,88.14381408691406,31.607229232788086,55.7420768737793,103.75320434570312,6.639999866485596,177.2310028076172,485.7908935546875,118.53962707519531,2.369823455810547,63.71456527709961,1.2317419052124023,490.7406921386719,13.07182788848877,74.13526153564453,50.92879867553711,324.6839904785156,1.7482757568359375
2021-12-23,2016.53564453125,25.509037017822266,57.87065887451172,0.8280443549156189,37.48780822753906,0.4948999881744385,,80.2492904663086,29.264427185058594,10.609159469604492,89.21365356445312,31.220596313476562,57.0314826965332,105.62432098388672,6.78000020980835,178.60890197753906,482.9947204589844,118.78836059570312,2.3962676525115967,64.06819915771484,1.2400645017623901,498.206298828125,13.204179763793945,74.38842010498047,51.278297424316406,336.7933654785156,1.7482757568359375
2021-12-24,1987.5709228515625,25.457979202270508,,,,,,,,,88.94165802001953,,,104.6419906616211,6.78000020980835,,,,2.3677895069122314,,,,,,,,
2021-12-27,,25.53031349182129,58.42778396606445,0.8298137784004211,35.80781936645508,0.4959999918937683,,81.05035400390625,29.4365177154541,10.792679786682129,88.72406005859375,31.220596313476562,56.53555679321289,,,180.15902709960938,491.38330078125,119.440185546875,2.404404640197754,64.4218521118164,1.2359031438827515,508.4923095703125,13.530643463134766,75.20892333984375,51.695735931396484,339.1396179199219,1.7482757568359375
2021-12-28,,25.819656372070312,59.18830490112305,0.8315830230712891,37.15180969238281,0.4950000047683716,,81.64671325683594,29.393495559692383,10.748985290527344,89.68509674072266,31.220596313476562,58.32088851928711,,,180.50352478027344,497.16217041015625,120.54660034179688,2.408473253250122,64.33344268798828,1.2317419052124023,514.2989501953125,13.49535083770752,75.65412139892578,51.967567443847656,340.5776062011719,1.7385631799697876
2021-12-29,2011.541748046875,25.917518615722656,59.259063720703125,0.8315830230712891,40.319793701171875,0.4959999918937683,,82.07392883300781,29.67745018005371,10.845112800598145,90.17469024658203,31.220596313476562,58.12251663208008,105.53076934814453,6.78000020980835,179.642333984375,499.58544921875,120.70955657958984,2.420677900314331,65.04071044921875,1.2317419052124023,504.3448181152344,13.415940284729004,75.43589782714844,52.054935455322266,340.2748718261719,1.7385631799697876
2021-12-30,2000.55517578125,25.94305419921875,59.12641525268555,0.8386604189872742,40.703792572021484,0.49799999594688416,,81.94041442871094,29.720474243164062,10.82763671875,90.17469024658203,31.220596313476562,58.22170639038086,104.50165557861328,6.78000020980835,179.72840881347656,500.70391845703125,119.62030792236328,2.386096715927124,65.09966278076172,1.2317419052124023,504.3448181152344,13.398294448852539,75.34859466552734,52.0161018371582,336.7933654785156,1.7482757568359375
2021-12-31,2005.549072265625,25.645198822021484,59.77197265625,,,,,83.0975341796875,29.87535858154297,10.82763671875,89.63070678710938,,,105.1331558227539,6.78000020980835,,,120.3922119140625,2.3413450717926025,,,,,76.08183288574219,52.21997833251953,,
2022-01-03,,25.981348037719727,60.037269592285156,0.8386604189872742,40.991790771484375,0.503000020980835,,83.40906524658203,30.340007781982422,10.906286239624023,92.02424621582031,31.220596313476562,57.0314826965332,,,181.45079040527344,500.3310852050781,120.70955657958984,2.4023704528808594,64.02400207519531,1.2275806665420532,507.16510009765625,13.323294639587402,76.64048767089844,52.482093811035156,354.2007141113281,1.7385631799697876
2022-01-04,2038.5087890625,25.9260311126709,61.151527404785156,0.854584276676178,39.16780090332031,0.5024999976158142,,84.13892364501953,30.133495330810547,11.19467544555664,93.24821472167969,31.220596313476562,56.63473892211914,107.49544525146484,6.71999979019165,180.4174041748047,499.2125549316406,121.03547668457031,2.4410200119018555,64.90811157226562,1.248387098312378,503.0175476074219,13.848284721374512,78.1593246459961,52.22968292236328,350.41650390625,1.7482757568359375
2022-01-05,2054.489013671875,26.202613830566406,60.673988342285156,0.8581230044364929,38.92780303955078,0.5048999786376953,,83.64046478271484,29.98721694946289,11.116023063659668,92.4775619506836,30.930622100830078,57.8249626159668,109.2262191772461,6.559999942779541,182.13975524902344,492.31536865234375,116.90147399902344,2.512216567993164,64.46605682373047,1.252548336982727,507.662841796875,14.227689743041992,78.31645965576172,52.132606506347656,360.7095031738281,1.7482757568359375
2022-01-06,2051.4931640625,26.057937622070312,61.21342849731445,0.8563535809516907,,0.5199000239372253,,85.55414581298828,29.858150482177734,11.142240524291992,90.75493621826172,,,112.07966613769531,6.539999961853027,180.8479766845703,479.2664794921875,116.72994995117188,2.4105074405670166,64.259765625,1.248387098312378,503.34930419921875,14.11298656463623,79.29409790039062,51.618072509765625,341.78857421875,1.7482757568359375
2022-01-07,2048.49658203125,25.960071563720703,61.73518753051758,0.9023560881614685,40.22379684448242,0.5109999775886536,,86.35520935058594,29.556982040405273,11.16845703125,90.4648208618164,32.47715377807617,58.42007827758789,106.1856460571289,6.71999979019165,179.2978515625,482.8083190917969,116.0523681640625,2.4450886249542236,63.6998291015625,1.248387098312378,498.206298828125,14.329158782958984,79.44248962402344,52.22968292236328,344.81591796875,1.7385631799697876
2022-01-10,2078.459716796875,25.981348037719727,61.8412971496582,0.9023560881614685,39.743797302246094,0.5109999775886536,,85.54523468017578,30.021635055541992,11.343236923217773,91.52558135986328,31.41391372680664,57.527408599853516,107.96321105957031,6.699999809265137,173.01123046875,453.3551025390625,113.21346282958984,2.412541389465332,63.817718505859375,1.248387098312378,486.5931701660156,14.285043716430664,79.23300170898438,52.647132873535156,341.33441162109375,1.7385631799697876
2022-01-11,2089.4462890625,26.457914352416992,62.327693939208984,0.9023560881614685,41.4717903137207,0.5109999775886536,,87.01387786865234,29.866750717163086,11.404411315917969,92.11489868164062,31.123939514160156,57.527408599853516,108.29065704345703,6.559999942779541,176.97267150878906,456.0581359863281,113.44502258300781,2.4145755767822266,64.05348205566406,1.248387098312378,498.7041015625,14.505626678466797,79.42503356933594,52.37530517578125,345.4970397949219,1.7385631799697876
2022-01-12,2089.4462890625,26.41536521911621,62.274627685546875,0.9377425312995911,40.22379684448242,0.5238999724388123,,87.73483276367188,30.004423141479492,11.4131498336792,91.93357849121094,31.607229232788086,56.13881301879883,104.78231811523438,6.840000152587891,180.93409729003906,457.4562072753906,114.16547393798828,2.4796693325042725,63.89139175415039,1.2691935300827026,504.51068115234375,14.977677345275879,79.21554565429688,52.035518646240234,357.9848937988281,1.7288504838943481
2022-01-13,2107.4248046875,26.330263137817383,62.6991081237793,0.9377425312995911,39.64780044555664,0.5189999938011169,,87.9217300415039,29.90117073059082,11.51801872253418,92.38690948486328,30.930622100830078,58.12251663208008,106.27920532226562,6.840000152587891,180.4174041748047,446.73748779296875,113.41929626464844,2.520353317260742,64.46605682373047,1.2733547687530518,508.989990234375,15.573254585266113,81.36285400390625,52.11318588256836,358.5903625488281,1.7871264219284058
2022-01-14,2114.415771484375,25.82816505432129,63.2739143371582,0.9333193302154541,38.687801361083984,0.5145000219345093,,87.85944366455078,29.823726654052734,11.61414623260498,93.56553649902344,30.640647888183594,56.63473892211914,105.99855041503906,6.559999942779541,180.4174041748047,434.9002990722656,113.66802215576172,2.5142505168914795,64.52499389648438,1.2733547687530518,503.5152893066406,15.855603218078613,81.84297180175781,52.70537567138672,361.0122375488281,1.7774138450622559
2022-01-17,2120.408935546875,25.921777725219727,,0.9465892910957336,38.15980911254883,0.5180000066757202,,,,,94.38150787353516,29.770723342895508,55.543704986572266,104.78231811523438,6.559999942779541,178.35055541992188,434.9935302734375,,2.5223872661590576,64.36290740966797,1.2733547687530518,497.542724609375,15.983541488647461,,,362.98004150390625,1.7774138450622559
2022-01-18,2109.421875,25.785614013671875,63.02630615234375,0.9377425312995911,36.04781723022461,0.5073000192642212,,87.30757904052734,28.756750106811523,11.465583801269531,91.84291076660156,29.480749130249023,55.04777908325195,103.56609344482422,6.300000190734863,179.2117462158203,429.3079528808594,114.3027114868164,2.55086612701416,64.09767150878906,1.265032172203064,499.53363037109375,16.693822860717773,81.80805969238281,45.09421920776367,368.65631103515625,1.7774138450622559
2022-01-19,2128.398681640625,25.457979202270508,62.787540435791016,0.9244726300239563,33.55182647705078,0.5,,86.123779296875,29.10954475402832,11.386932373046875,90.50108337402344,26.967636108398438,55.04777908325195,104.78231811523438,6.019999980926514,178.5227813720703,437.2304382324219,112.65597534179688,2.5223872661590576,63.493534088134766,1.2608709335327148,492.39971923828125,15.577668190002441,80.92642211914062,48.579429626464844,357.0010070800781,1.7677011489868164
2022-01-20,2039.507568359375,25.26224708557129,60.921600341796875,0.9244726300239563,31.679840087890625,0.49639999866485596,,84.3436279296875,28.490007400512695,11.369455337524414,90.42855834960938,26.8709774017334,56.23800277709961,109.2262191772461,6.0,176.8865509033203,444.2209167480469,112.70742797851562,2.4979770183563232,63.18410110473633,1.2733547687530518,493.2292785644531,15.445316314697266,78.96240234375,47.958106994628906,351.93017578125,1.7677011489868164
2022-01-21,2039.507568359375,24.764402389526367,60.9658203125,0.8935094475746155,32.83183288574219,0.49309998750686646,,83.96089172363281,28.36954116821289,11.439366340637207,90.39228057861328,25.517763137817383,54.75022506713867,104.78231811523438,6.0,177.8338165283203,440.1198425292969,113.22203063964844,2.404404640197754,63.65562438964844,1.2567095756530762,491.23846435546875,14.995326042175293,78.499755859375,47.870731353759766,344.51318359375,1.7482757568359375
2022-01-24,1984.0753173828125,24.224014282226562,60.65629196166992,0.8935094475746155,29.567848205566406,0.49309998750686646,,83.39125061035156,28.05116844177246,11.185935020446777,88.54273986816406,22.32804298400879,51.576297760009766,101.27398681640625,5.800000190734863,173.26953125,426.41851806640625,111.42090606689453,2.3413450717926025,62.34420394897461,1.2567095756530762,473.818603515625,14.302689552307129,79.12825012207031,51.977272033691406,332.3280334472656,1.7482757568359375
2022-01-25,2000.55517578125,24.351661682128906,60.461753845214844,0.8935094475746155,30.815839767456055,0.49309998750686646,,84.28133392333984,27.66396141052246,11.08106803894043,88.63338470458984,23.777917861938477,51.675479888916016,103.05155181884766,6.039999961853027,173.70016479492188,423.52911376953125,110.26304626464844,2.4186441898345947,62.727317810058594,1.2567095756530762,475.311767578125,14.580625534057617,78.81399536132812,51.18120574951172,337.7016296386719,1.7482757568359375
2022-01-26,1999.556396484375,24.02828025817871,63.910648345947266,0.8793548345565796,30.0478458404541,0.48500001430511475,,85.70545959472656,27.4144287109375,10.984936714172363,88.7784652709961,25.131132125854492,52.17140579223633,103.28543090820312,6.679999828338623,179.642333984375,429.4010925292969,109.03657531738281,2.5305237770080566,62.63890075683594,1.2317419052124023,485.26593017578125,15.43208122253418,79.06714630126953,49.81235885620117,349.2812194824219,1.7385631799697876
2022-01-27,2015.5367431640625,24.34315299987793,65.61739349365234,0.866969645023346,32.15983963012695,0.48500001430511475,,85.97245788574219,27.397214889526367,11.046111106872559,89.48564147949219,26.09771156311035,53.75837326049805,103.89353942871094,6.460000038146973,183.60377502441406,432.2904968261719,108.70207214355469,2.5223872661590576,62.84519958496094,1.2400645017623901,494.8883056640625,15.282082557678223,78.57832336425781,49.705570220947266,356.92529296875,1.6997126340866089
2022-01-28,1956.6087646484375,24.4665470123291,67.1384506225586,0.8581230044364929,32.68783187866211,0.4830000102519989,,87.3965835571289,27.371400833129883,10.836374282836914,86.67503356933594,25.904396057128906,52.86570358276367,104.26776885986328,6.519999980926514,183.86209106445312,421.0126037597656,109.46540069580078,2.481703758239746,62.683109283447266,1.2442257404327393,496.215576171875,15.158556938171387,79.69564056396484,49.80264663696289,351.09765625,1.7385631799697876
2022-01-31,1938.6307373046875,24.470806121826172,66.32485961914062,0.8811241984367371,32.49583053588867,0.4819999933242798,,87.9929428100586,28.00814437866211,10.941244125366211,86.1491928100586,25.8077392578125,51.675479888916016,103.84676361083984,6.480000019073486,187.22071838378906,422.1310729980469,110.760498046875,2.463395833969116,62.476806640625,1.248387098312378,500.86077880859375,14.761504173278809,79.33775329589844,49.890018463134766,344.0590515136719,1.7288504838943481
2022-02-01,1953.6126708984375,24.424001693725586,66.7935562133789,0.8935094475746155,33.35982894897461,0.48069998621940613,,88.99872589111328,27.81884765625,10.880069732666016,86.67503356933594,25.2277889251709,52.86570358276367,104.03387451171875,6.300000190734863,190.92379760742188,411.03948974609375,111.27511596679688,2.5406949520111084,62.727317810058594,1.265032172203064,507.4969177246094,15.229144096374512,79.48613739013672,49.63761520385742,349.5839538574219,1.7288504838943481
2022-02-02,1957.108154296875,24.870777130126953,67.81938171386719,0.8935094475746155,32.44783401489258,0.4805999994277954,,89.59507751464844,28.74814796447754,11.08980655670166,87.63609313964844,25.8077392578125,53.659183502197266,103.33220672607422,6.099999904632568,193.851806640625,410.5734558105469,112.56161499023438,2.5793445110321045,63.18410110473633,1.2733547687530518,519.2760009765625,15.445316314697266,79.75675201416016,49.705570220947266,358.5903625488281,1.7482757568359375
2022-02-03,1938.13134765625,24.543140411376953,66.91737365722656,0.8890861868858337,32.44783401489258,0.48100000619888306,,87.93065643310547,28.309310913085938,11.019893646240234,84.77110290527344,26.194372177124023,53.95674133300781,102.67732238769531,6.380000114440918,191.6988525390625,393.5167541503906,110.83768463134766,2.5752761363983154,61.88740539550781,1.2816773653030396,512.30810546875,16.08060073852539,78.84019470214844,50.26864242553711,352.8384094238281,1.7482757568359375
2022-02-04,1882.1998291015625,24.287837982177734,66.95274353027344,0.8846628069877625,32.63983154296875,0.48080000281333923,,87.31649780273438,28.472797393798828,10.967459678649902,83.86444091796875,25.8077392578125,53.560001373291016,102.49020385742188,6.539999961853027,194.3685302734375,387.3651123046875,110.64041900634766,2.5671393871307373,61.96108627319336,1.2733547687530518,521.2669677734375,16.45559310913086,77.06820678710938,49.89973449707031,354.8818664550781,1.7385631799697876
2022-02-07,1908.168212890625,24.321876525878906,67.54838562011719,0.8811241984367371,31.58384132385254,0.47999998927116394,,88.04634857177734,28.825590133666992,11.133501052856445,84.86175537109375,25.2277889251709,53.5,101.36753845214844,6.440000057220459,199.10501098632812,381.02703857421875,110.44315338134766,2.589515209197998,62.25578308105469,1.2733547687530518,530.8892822265625,16.50853157043457,86.49549102783203,50.72493362426758,352.9897766113281,1.7385631799697876
2022-02-08,1924.6478271484375,24.538883209228516,68.17959594726562,0.8846628069877625,32.927833557128906,0.4796999990940094,,89.86210632324219,28.412565231323242,11.15971851348877,85.5689468383789,25.421104431152344,54.400001525878906,100.0577621459961,6.300000190734863,198.50216674804688,366.3937072753906,109.65408325195312,2.477635145187378,62.71257400512695,1.2567095756530762,529.8937377929688,16.817350387573242,86.163818359375,50.77345657348633,328.3924560546875,1.7385631799697876
2022-02-09,1934.13623046875,24.913330078125,68.7041244506836,0.8846628069877625,34.41582107543945,0.47999998927116394,,88.6515884399414,28.799774169921875,11.08980655670166,85.5145492553711,25.131132125854492,54.70000076293945,99.77709197998047,6.440000057220459,200.56898498535156,374.6890563964844,110.64041900634766,2.5406949520111084,61.504295349121094,1.2691935300827026,541.5070190429688,17.558513641357422,86.17252349853516,50.61812973022461,334.97698974609375,1.7288504838943481
2022-02-10,1934.13623046875,24.828227996826172,67.95735931396484,0.8758161664009094,35.08782196044922,0.4799000024795532,,88.17095947265625,29.040706634521484,10.949981689453125,85.33321380615234,25.131132125854492,54.70000076293945,100.7594223022461,6.460000038146973,203.2386932373047,373.8501892089844,108.80500030517578,2.5020456314086914,61.784263610839844,1.265032172203064,541.1752319335938,17.584985733032227,85.43930053710938,49.7249870300293,327.3329162597656,1.7288504838943481
2022-02-11,1927.644287109375,24.84524917602539,67.98402404785156,0.8846628069877625,33.02383041381836,0.47999998927116394,,90.51187896728516,28.317913055419922,10.888809204101562,85.67774200439453,25.03447151184082,55.099998474121094,101.39093017578125,6.480000019073486,204.5304412841797,364.9956359863281,110.02289581298828,2.5488317012786865,62.21158218383789,1.2691935300827026,555.9406127929688,18.008506774902344,85.53533172607422,51.190914154052734,340.2748718261719,1.7191379070281982
2022-02-14,1875.70751953125,24.483570098876953,67.67286682128906,0.866969645023346,31.24783706665039,0.4749999940395355,,89.74640655517578,26.98419189453125,10.836374282836914,84.46285247802734,23.39128303527832,53.0,98.8883056640625,6.300000190734863,202.54974365234375,362.66546630859375,108.92506408691406,2.5305237770080566,62.19685363769531,1.2567095756530762,554.7791748046875,17.6114559173584,82.82061004638672,50.093902587890625,335.27972412109375,1.7385631799697876
2022-02-15,1898.6795654296875,24.615474700927734,68.27739715576172,0.8758161664009094,35.23181915283203,0.4740000069141388,,90.92298126220703,28.111398696899414,10.932504653930664,86.4030532836914,25.614421844482422,55.79999923706055,100.6658706665039,6.5,201.60243225097656,371.42681884765625,109.50829315185547,2.6688485145568848,62.91886520385742,1.2567095756530762,548.1431884765625,17.527631759643555,82.01753997802734,49.98711395263672,334.2958679199219,1.7288504838943481
2022-02-16,1897.6807861328125,22.86239242553711,68.36629486083984,,35.32781982421875,,,91.9429702758789,28.266284942626953,11.098544120788574,87.9443588256836,26.677661895751953,54.400001525878906,102.25630950927734,6.400000095367432,206.0806121826172,372.07928466796875,109.69697570800781,2.6281650066375732,60.9001579284668,,565.065185546875,17.99085807800293,82.44525909423828,50.36573028564453,339.6694030761719,
2022-02-17,1896.681884765625,22.738998413085938,68.14405059814453,0.8828935027122498,32.25583267211914,0.4699999988079071,,89.47349548339844,28.16303062438965,11.046111106872559,89.2680435180664,24.164548873901367,53.29999923706055,102.7240982055664,6.639999866485596,200.48287963867188,370.21514892578125,109.53401947021484,2.5976524353027344,61.15066146850586,1.2691935300827026,553.6179809570312,18.38791275024414,81.36285400390625,50.18126678466797,336.7177429199219,1.7482757568359375
2022-02-18,1905.171875,23.04961395263672,67.91288757324219,0.8793548345565796,32.68783187866211,0.47200000286102295,,88.84718322753906,27.698375701904297,11.08106803894043,89.12299346923828,24.067890167236328,54.29999923706055,103.14509582519531,6.300000190734863,196.865966796875,364.06353759765625,109.96286010742188,2.5793445110321045,61.857940673828125,1.2567095756530762,549.1385498046875,18.555557250976562,80.54234313964844,50.77345657348633,339.29095458984375,1.7482757568359375
2022-02-21,1924.6478271484375,22.317747116088867,,0.8475069403648376,30.14384651184082,0.46799999475479126,,,,,86.04039764404297,23.101308822631836,49.5,102.1393814086914,6.239999771118164,197.64100646972656,361.64019775390625,,2.481703758239746,62.19685363769531,1.2442257404327393,556.6041259765625,18.211442947387695,,,326.6517639160156,1.7482757568359375
2022-02-22,1936.1339111328125,22.45816421508789,68.1973648071289,0.866969645023346,29.951847076416016,0.4659999907016754,,88.69506072998047,26.244192123413086,10.783940315246582,84.62602996826172,23.5846004486084,49.79999923706055,101.8821029663086,6.21999979019165,190.49314880371094,365.83447265625,110.22014617919922,2.5020456314086914,60.944358825683594,1.2442257404327393,533.0459594726562,18.484968185424805,80.69075012207031,49.8511962890625,327.5599670410156,1.7094252109527588
2022-02-23,1938.13134765625,22.560287475585938,66.89051055908203,0.863430917263031,27.839859008789062,0.4519999921321869,,89.18720245361328,26.097915649414062,11.185935020446777,85.02495574951172,22.038066864013672,46.400001525878906,99.73031616210938,5.960000038146973,196.34922790527344,370.0287780761719,110.67472076416016,2.4654300212860107,61.54850387573242,1.248387098312378,552.4566040039062,18.070270538330078,80.29792785644531,50.093902587890625,320.2943115234375,1.7385631799697876
2022-02-24,1885.196044921875,22.39008331298828,67.43280792236328,0.794427216053009,16.79991340637207,0.4611000120639801,,91.18244171142578,25.607450485229492,10.696549415588379,80.99945831298828,13.822122573852539,25.0,96.12843322753906,5.099999904632568,186.61788940429688,377.2056579589844,107.96446228027344,2.5183188915252686,60.634925842285156,1.1734838485717773,522.9259033203125,18.24673843383789,78.84892272949219,48.08183288574219,322.7161865234375,1.6317241191864014
2022-02-25,1957.108154296875,22.89643669128418,70.14437103271484,0.813889741897583,19.39190101623535,0.4724000096321106,,94.1171875,26.898147583007812,11.124762535095215,83.90071868896484,17.68844985961914,31.0,100.57232666015625,4.400000095367432,195.71908569335938,386.61944580078125,110.1000747680664,2.5366265773773193,60.59072494506836,1.2067742347717285,537.525390625,19.234954833984375,81.50252532958984,49.5421257019043,325.0623779296875,1.7288504838943481
2022-02-28,1917.656494140625,23.385765075683594,69.74429321289062,0.8386604189872742,22.07988739013672,0.47189998626708984,,93.54452514648438,24.5662841796875,10.609159469604492,81.9423828125,19.33163833618164,30.75,98.2334213256836,4.010000228881836,196.2391357421875,405.633544921875,111.52383422851562,2.573241710662842,60.8117561340332,1.2234193086624146,538.520751953125,20.240819931030273,81.2832260131836,49.2677001953125,339.06390380859375,1.7385631799697876
2022-03-01,1796.304931640625,23.05387306213379,69.33533477783203,0.7519634366035461,16.79991340637207,0.46000000834465027,,94.72559356689453,23.98977279663086,10.443119049072266,80.07469940185547,18.36505699157715,25.399999618530273,99.82386779785156,3.5999999046325684,201.6998748779297,416.63189697265625,111.8497543334961,2.5651051998138428,61.076988220214844,1.1651612520217896,546.6499633789062,19.86141586303711,82.30958557128906,47.768211364746094,342.84808349609375,1.7385631799697876
2022-03-02,1743.8685302734375,22.913455963134766,71.37120056152344,0.7961965203285217,13.631930351257324,0.4578999876976013,,96.42559051513672,22.922794342041016,10.250861167907715,79.38563537597656,14.353742599487305,19.219999313354492,97.76564025878906,3.890000104904175,201.0064239501953,403.48974609375,111.5152587890625,2.603754758834839,59.014060974121094,1.1651612520217896,564.0698852539062,20.258466720581055,83.37100982666016,47.699607849121094,339.82073974609375,1.6511495113372803
2022-03-03,1742.3704833984375,23.143226623535156,72.83810424804688,0.8050432205200195,15.724719047546387,0.4519999921321869,,97.71400451660156,22.38930892944336,9.910039901733398,77.82620239257812,14.982020378112793,26.399999618530273,95.89453887939453,5.260000228881836,194.5055694580078,409.4549865722656,110.32308959960938,2.6485071182250977,58.719356536865234,1.1734838485717773,558.9268798828125,20.081998825073242,83.63417053222656,46.74894714355469,339.1396179199219,1.622011423110962
2022-03-04,1706.4146728515625,23.33470344543457,73.61156463623047,0.7749646306037903,14.783924102783203,0.4499000012874603,,96.91768646240234,21.365354537963867,9.438132286071777,75.61402130126953,14.885361671447754,23.5,92.91946411132812,3.5,189.30487060546875,404.9810791015625,108.89933776855469,2.6607117652893066,57.92367172241211,1.1651612520217896,543.82958984375,20.126115798950195,82.02885437011719,44.76922607421875,324.9110107421875,1.554023027420044
2022-03-07,1671.457275390625,23.543203353881836,74.65172576904297,0.7271928787231445,14.131129264831543,0.4494999945163727,,97.30243682861328,20.083261489868164,9.114789962768555,72.25942993164062,12.178933143615723,19.0,93.60240936279297,3.759999990463257,183.67080688476562,406.75201416015625,104.1135025024414,2.841754198074341,57.02482604980469,1.1235483884811401,514.2989501953125,20.92904281616211,81.19550323486328,43.005096435546875,313.6341247558594,1.7094252109527588
2022-03-08,1624.5147705078125,22.730485916137695,73.90495300292969,0.7785032391548157,15.839920043945312,0.4648999869823456,,95.1192626953125,20.668376922607422,9.132266998291016,71.80610656738281,13.532147407531738,18.799999237060547,88.63462829589844,3.75,179.16357421875,374.4094543457031,102.20087432861328,2.762420654296875,55.77234649658203,1.1401934623718262,490.7406921386719,19.534948348999023,80.9849624633789,42.8385009765625,299.7082824707031,1.6997126340866089
2022-03-09,1745.366943359375,23.870840072631836,72.70475006103516,0.8315830230712891,16.991914749145508,0.4620000123977661,,96.16612243652344,21.726749420166016,9.9537353515625,76.6113052368164,16.238576889038086,19.65999984741211,88.5971908569336,3.799999952316284,186.18450927734375,377.67169189453125,107.1067886352539,2.758352756500244,55.698665618896484,1.1401934623718262,513.9671020507812,19.41142463684082,79.51123809814453,44.514400482177734,304.55206298828125,1.7094252109527588
2022-03-10,1713.4061279296875,23.470869064331055,74.95399475097656,0.8050432205200195,17.51030921936035,0.46000000834465027,,98.1971664428711,20.504886627197266,9.77021598815918,75.5414810180664,15.900273323059082,19.760000228881836,89.32693481445312,3.799999952316284,186.27113342285156,375.3415222167969,105.20275115966797,2.9292240142822266,56.4354248046875,1.148516058921814,520.7691650390625,21.52903175354004,78.90596008300781,43.46574020385742,318.6292724609375,1.7094252109527588
2022-03-11,1696.926025390625,23.326194763183594,74.3227767944336,,18.777503967285156,,,98.35822296142578,20.272563934326172,9.70030403137207,75.8134765625,16.238576889038086,20.700000762939453,89.96309661865234,3.5299999713897705,191.5585479736328,370.4015808105469,102.92132568359375,2.841754198074341,55.978633880615234,,533.7095947265625,21.255508422851562,76.87957763671875,43.07371139526367,311.5150146484375,
2022-03-14,1764.34375,23.849565505981445,73.4070816040039,0.8227364420890808,19.919898986816406,0.46239998936653137,,96.76558685302734,20.418842315673828,10.119775772094727,75.26948547363281,16.721866607666016,23.799999237060547,91.87164306640625,3.5999999046325684,193.8988494873047,378.8833312988281,104.35364532470703,2.923121690750122,57.49635314941406,1.1984516382217407,540.1798095703125,20.999629974365234,75.00233459472656,43.46574020385742,321.5809326171875,1.7094252109527588
2022-03-15,1721.8955078125,24.38995933532715,73.62042999267578,0.835121750831604,21.64788818359375,0.4575999975204468,,96.68505096435547,20.287498474121094,10.119775772094727,75.3782730102539,17.108501434326172,27.899999618530273,89.36434936523438,3.4700000286102295,193.8121795654297,376.7395935058594,105.88031005859375,2.919053316116333,57.2016487121582,1.194290280342102,541.6729125976562,21.81138038635254,75.17778015136719,43.504940032958984,323.7757568359375,1.7288504838943481
2022-03-16,1766.8408203125,24.44952964782715,72.41136169433594,0.8439683318138123,23.807876586914062,0.4562000036239624,,93.10610961914062,21.361330032348633,10.28581714630127,77.01023864746094,18.84834861755371,30.0,94.39765930175781,3.700000047683716,200.05296325683594,392.4914855957031,106.05184936523438,2.815309762954712,57.82052993774414,1.194290280342102,549.8021850585938,21.167274475097656,76.51115417480469,44.18118667602539,328.7709045410156,1.7288504838943481
2022-03-17,1741.371826171875,24.432510375976562,74.48280334472656,0.8439683318138123,23.95187759399414,0.4587000012397766,,94.29613494873047,21.680822372436523,10.381946563720703,77.73555755615234,17.495134353637695,31.899999618530273,94.35087585449219,3.700000047683716,194.76559448242188,417.0458068847656,108.71065521240234,2.884472131729126,57.45215606689453,1.1901289224624634,541.1752319335938,22.57901382446289,77.7217025756836,44.41640090942383,330.8143615722656,1.7385631799697876
2022-03-18,1752.3583984375,24.015512466430664,74.6606216430664,0.8439683318138123,24.23987579345703,0.45980000495910645,,93.86665344238281,21.4500789642334,10.443119049072266,78.85979461669922,17.68844985961914,35.400001525878906,96.3623275756836,3.5,201.4398193359375,426.3008117675781,111.72967529296875,2.9434635639190674,57.64370346069336,1.1818063259124756,543.4978637695312,22.37607765197754,76.44097137451172,44.39680099487305,330.28460693359375,1.7385631799697876
2022-03-21,1734.38037109375,23.9899845123291,77.48773193359375,0.8475069403648376,22.07988739013672,0.45899999141693115,,98.49242401123047,21.290334701538086,10.084819793701172,77.30034637451172,16.62520980834961,33.29999923706055,95.28641510009766,3.5,204.30018615722656,421.01226806640625,110.43457794189453,3.1245055198669434,57.84999084472656,1.1651612520217896,558.0972900390625,24.405452728271484,75.94972229003906,44.18118667602539,341.78857421875,1.7482757568359375
2022-03-22,1739.8736572265625,23.96445083618164,77.84334564208984,0.8492763042449951,21.07189178466797,0.4634000062942505,,98.71611022949219,21.21046257019043,10.137253761291504,77.40916442871094,16.818527221679688,31.299999237060547,96.17520904541016,3.380000114440918,206.5538330078125,417.423583984375,110.7004623413086,3.165189504623413,57.717376708984375,1.1859676837921143,566.558349609375,24.299571990966797,76.12517547607422,44.61241912841797,342.0912780761719,1.7288504838943481
2022-03-23,1694.42919921875,23.9601993560791,79.20355987548828,0.8457375764846802,21.88788604736328,0.46399998664855957,,100.17452239990234,20.598108291625977,9.962472915649414,77.22782897949219,15.996931076049805,32.20000076293945,94.95896911621094,3.299999952316284,205.42701721191406,416.19580078125,109.13948059082031,3.277069568634033,56.921688079833984,1.1818063259124756,567.5537719726562,25.36720085144043,75.20408630371094,43.84795379638672,338.68548583984375,1.7482757568359375
2022-03-24,1686.43896484375,24.245290756225586,80.39485168457031,0.8457375764846802,22.799882888793945,0.46149998903274536,,101.99083709716797,20.802228927612305,9.936257362365723,79.4218978881836,16.818527221679688,33.5,95.56707763671875,3.299999952316284,204.5602264404297,416.10137939453125,110.29734802246094,3.4316675662994385,57.083770751953125,1.1901289224624634,566.558349609375,25.605432510375977,75.73043060302734,43.720550537109375,339.06390380859375,1.7385631799697876
2022-03-25,1702.4195556640625,24.317625045776367,83.11528778076172,0.8439683318138123,22.559885025024414,0.4648999869823456,,104.87188720703125,20.651357650756836,9.840126991271973,79.29496765136719,17.060171127319336,31.899999618530273,93.51822662353516,3.4100000858306885,212.10122680664062,412.32379150390625,109.78274536132812,3.4438724517822266,58.085750579833984,1.1651612520217896,574.18994140625,26.170127868652344,76.25674438476562,44.00476837158203,338.1557312011719,1.7385631799697876
2022-03-28,1690.9334716796875,24.428251266479492,82.10176849365234,0.8475069403648376,22.511884689331055,0.46389999985694885,,101.87451934814453,21.281457901000977,9.840126991271973,79.24058532714844,16.480222702026367,32.5,93.23755645751953,3.4000000953674316,210.02096557617188,422.61773681640625,110.7261962890625,3.4316675662994385,58.203636169433594,1.1568386554718018,580.991943359375,25.2083797454834,76.11638641357422,44.29879379272461,332.6307678222656,1.7385631799697876
2022-03-29,1749.861328125,24.555904388427734,78.0922622680664,0.8457375764846802,27.359859466552734,0.4620000123977661,,96.70297241210938,22.45291519165039,10.04112434387207,80.80001068115234,20.298221588134766,36.5,96.92364501953125,4.28000020980835,208.02735900878906,426.0175476074219,111.45520782470703,3.2628304958343506,58.51308059692383,1.1818063259124756,577.5079345703125,22.631954193115234,77.91470336914062,45.32785415649414,342.77239990234375,1.7385631799697876
2022-03-30,1728.3878173828125,24.80695152282715,79.39025115966797,0.8386604189872742,26.111867904663086,0.4666999876499176,,98.161376953125,22.497291564941406,9.84886646270752,79.29496765136719,19.621612548828125,33.900001525878906,94.16375732421875,4.190000057220459,210.62771606445312,432.53387451171875,112.3128890991211,3.2852060794830322,58.012081146240234,1.1818063259124756,587.9598388671875,24.167219161987305,77.81820678710938,45.33765411376953,347.46484375,1.7385631799697876
2022-03-31,1659.971435546875,24.77716827392578,80.24372863769531,0.8315830230712891,25.151870727539062,0.4674000144004822,,99.14559936523438,21.618696212768555,9.647869110107422,78.49713134765625,19.814929962158203,32.75,94.7718734741211,4.199999809265137,206.29379272460938,437.2558898925781,111.58386993408203,3.2628304958343506,57.732112884521484,1.1734838485717773,579.3329467773438,24.220163345336914,78.62522888183594,44.66141891479492,334.52288818359375,1.7385631799697876
2022-04-01,1652.9798583984375,24.645265579223633,81.052734375,0.8227364420890808,26.303865432739258,0.4733000099658966,,100.90821838378906,22.08017921447754,9.726519584655762,78.080078125,20.684852600097656,33.70000076293945,94.32747650146484,4.5,211.6678466796875,429.9840087890625,112.71599578857422,3.3767447471618652,58.4688720703125,1.1734838485717773,601.812744140625,24.802505493164062,79.86212921142578,45.67087936401367,340.50189208984375,1.7385631799697876
2022-04-04,1664.4658203125,24.764402389526367,80.39485168457031,0.8315830230712891,27.40785789489746,0.4726000130176544,,99.71821594238281,21.30808448791504,9.612914085388184,77.68115997314453,20.298221588134766,33.900001525878906,95.33319854736328,4.400000095367432,211.49449157714844,431.7784423828125,112.90469360351562,3.3808131217956543,58.68989562988281,1.1693224906921387,595.5913696289062,24.670154571533203,78.81824493408203,45.62187576293945,345.9511413574219,1.7191379070281982
2022-04-05,1640.9945068359375,24.781423568725586,80.81269073486328,0.8404296636581421,26.399866104125977,0.4724000096321106,,100.11190795898438,21.23708724975586,9.577957153320312,78.78726196289062,20.201562881469727,33.599998474121094,95.3799819946289,4.449999809265137,213.92147827148438,446.6998291015625,113.77094268798828,3.4825222492218018,59.279300689697266,1.1818063259124756,610.1078491210938,25.587783813476562,79.11648559570312,45.23965072631836,358.666015625,1.7288504838943481
2022-04-06,1601.0433349609375,25.23671531677246,82.52852630615234,0.8404296636581421,24.719873428344727,0.48989999294281006,,101.24821472167969,21.281457901000977,9.60417366027832,78.6784439086914,19.33163833618164,31.700000762939453,95.00575256347656,4.300000190734863,211.9279022216797,441.694580078125,112.64738464355469,3.478454113006592,59.573997497558594,1.1401934623718262,608.4487915039062,25.896604537963867,79.73932647705078,44.994625091552734,355.638671875,1.7288504838943481
2022-04-07,1627.0115966796875,25.598392486572266,83.55091094970703,0.8439683318138123,25.631868362426758,0.48649999499320984,,104.45137786865234,21.600950241088867,9.840126991271973,78.80538177490234,19.138320922851562,32.0,96.43437194824219,4.25,212.01458740234375,450.194091796875,113.59941864013672,3.5171031951904297,60.752811431884766,1.1277096271514893,607.6193237304688,26.14365577697754,80.21302795410156,45.20044708251953,355.10894775390625,1.7094252109527588
2022-04-08,1659.971435546875,26.011131286621094,84.67997741699219,0.8528149724006653,26.20786476135254,0.49380001425743103,,105.80242156982422,21.87606430053711,9.875083923339844,80.94506072998047,19.089994430541992,32.599998474121094,97.32903289794922,4.230000019073486,216.69517517089844,447.73870849609375,113.2906494140625,3.7245895862579346,60.60546112060547,1.1277096271514893,612.596435546875,28.631851196289062,81.0902328491211,44.916236877441406,367.52105712890625,1.7288504838943481
2022-04-11,1641.993408203125,26.223888397216797,84.07543182373047,0.8705082535743713,26.54386329650879,0.492900013923645,,105.28346252441406,21.565448760986328,9.88382339477539,80.4192123413086,20.974828720092773,32.0,97.23485565185547,4.320000171661377,219.72889709472656,436.3114929199219,116.2166976928711,3.7591705322265625,58.763572692871094,1.1401934623718262,620.476806640625,28.91419792175293,82.30078887939453,44.45560073852539,375.9976806640625,1.7385631799697876
2022-04-12,1631.0067138671875,25.304794311523438,84.51994323730469,0.8758161664009094,25.91986846923828,0.4925999939441681,,106.74188995361328,21.325836181640625,9.778952598571777,80.32855224609375,20.104904174804688,32.599998474121094,95.96350860595703,4.400000095367432,215.655029296875,439.8057556152344,115.07542419433594,3.8568115234375,57.9531364440918,1.1235483884811401,613.4259643554688,28.578908920288086,81.96746063232422,43.61275863647461,368.0508117675781,1.7094252109527588
2022-04-13,1602.0419921875,24.44527244567871,84.9466781616211,0.8846628069877625,25.679868698120117,0.4927000105381012,,108.22714233398438,21.609825134277344,9.78769302368164,79.49443054199219,19.911588668823242,32.5,96.19894409179688,4.289999961853027,217.5619354248047,436.8781433105469,116.11133575439453,3.9198708534240723,57.9531364440918,1.1568386554718018,608.8635864257812,29.990652084350586,82.8885498046875,44.11258316040039,379.0250244140625,1.7094252109527588
2022-04-14,1629.5084228515625,24.181459426879883,86.15576171875,0.8846628069877625,26.015867233276367,0.49309998750686646,,110.911376953125,21.49445152282715,9.971212387084961,81.61598205566406,19.04166603088379,32.70000076293945,96.24602508544922,4.300000190734863,,,115.08419799804688,3.9239401817321777,,1.1568386554718018,,31.19944953918457,83.7306900024414,43.769561767578125,,1.7094252109527588
2022-04-18,,,85.75569915771484,,,,,113.41661071777344,21.414579391479492,9.918779373168945,,,,,,,,114.47844696044922,,,,,,83.40609741210938,43.338340759277344,,
2022-04-19,1628.510009765625,24.675580978393555,85.28450775146484,0.8890861868858337,25.29587173461914,0.4927000105381012,,110.26715087890625,22.026933670043945,9.988691329956055,80.99945831298828,18.41338539123535,32.2400016784668,94.45671081542969,4.28000020980835,220.76902770996094,435.4615478515625,112.7928695678711,3.98699951171875,57.51108169555664,1.1526774168014526,638.7261352539062,30.14064598083496,85.51142120361328,43.89696502685547,370.39703369140625,1.7094252109527588
2022-04-20,1627.0115966796875,24.571552276611328,87.32038879394531,0.8846628069877625,26.015867233276367,0.4909999966621399,,112.73661804199219,22.745779037475586,10.57420539855957,85.1700210571289,19.33163833618164,31.860000610351562,95.02177429199219,4.300000190734863,221.98252868652344,433.38385009765625,112.88066864013672,3.9666576385498047,55.875484466552734,1.1235483884811401,623.3800659179688,30.122997283935547,86.3184814453125,44.514400482177734,367.0669860839844,1.6997126340866089
2022-04-21,1654.47802734375,24.419851303100586,85.39118194580078,0.8828935027122498,26.495864868164062,0.48969998955726624,,109.45293426513672,22.967647552490234,10.390685081481934,85.9678726196289,19.18665313720703,31.399999618530273,95.06885528564453,4.300000190734863,222.0692138671875,434.8948974609375,112.03787994384766,3.921905755996704,57.67050552368164,1.1235483884811401,627.9424438476562,30.122997283935547,85.78337097167969,44.632015228271484,373.0459899902344,1.690000057220459
2022-04-22,1631.506103515625,24.315824508666992,81.95066833496094,0.8890861868858337,25.871868133544922,0.4796999990940094,,105.52505493164062,22.692533493041992,10.355728149414062,86.22172546386719,18.461715698242188,30.920000076293945,95.53971862792969,4.25,222.32923889160156,435.0837707519531,113.98682403564453,3.685940742492676,58.45294189453125,1.1235483884811401,633.7490234375,30.122997283935547,83.26575469970703,44.504608154296875,358.9687805175781,1.6997126340866089
2022-04-25,1628.0103759765625,24.363500595092773,80.86602783203125,0.8828935027122498,24.62387466430664,0.4779999852180481,,104.13821411132812,22.852277755737305,10.626638412475586,86.53314208984375,17.785106658935547,29.860000610351562,95.5868148803711,4.150000095367432,219.98892211914062,432.34503173828125,116.12890625,3.561854839324951,58.130760192871094,1.1235483884811401,624.6243286132812,26.911291122436523,82.90608978271484,45.46506118774414,350.0381164550781,1.6997126340866089
2022-04-26,1546.60986328125,24.4935359954834,80.58154296875,0.8935094475746155,25.24786949157715,0.4799000024795532,,102.76925659179688,22.071308135986328,10.47807502746582,86.93611907958984,17.785106658935547,31.100000381469727,93.87283325195312,4.150000095367432,222.24256896972656,443.7722473144531,112.2661361694336,3.5862653255462646,59.41948318481445,1.1193870306015015,625.4539184570312,26.911291122436523,81.21305847167969,44.7496223449707,348.14599609375,1.6997126340866089
2022-04-27,1573.0775146484375,24.679912567138672,83.49756622314453,0.8890861868858337,22.847881317138672,0.4797999858856201,,106.43767547607422,22.257673263549805,10.277078628540039,85.65386962890625,17.44680404663086,26.100000381469727,97.61156463623047,4.380000114440918,225.10292053222656,456.33270263671875,113.40740203857422,3.696110963821411,58.33020782470703,1.1235483884811401,637.0670166015625,26.911291122436523,82.12535095214844,43.94597244262695,347.08642578125,1.6997126340866089
2022-04-28,1613.028564453125,24.489198684692383,82.24404907226562,0.8935094475746155,22.511884689331055,0.4799000024795532,,104.53189849853516,22.541664123535156,10.530509948730469,85.34247589111328,18.075082778930664,24.020000457763672,97.7999038696289,4.489999771118164,228.91673278808594,460.2047119140625,113.96047973632812,3.6472907066345215,58.88252258300781,1.1193870306015015,646.6065063476562,27.246580123901367,83.94120025634766,45.23965072631836,353.7466125488281,1.6997126340866089
2022-04-29,1604.5391845703125,24.350502014160156,79.62139129638672,0.8935094475746155,22.75188446044922,0.47999998927116394,,101.21243286132812,22.58603858947754,10.5392484664917,85.54397583007812,17.060171127319336,26.15999984741211,98.5062026977539,4.46999979019165,231.17041015625,466.7210693359375,112.93333435058594,3.694077253341675,58.575679779052734,1.1235483884811401,641.2146606445312,28.402441024780273,81.72183990478516,45.33765411376953,363.81256103515625,1.6997126340866089
2022-05-02,,24.389511108398438,79.3991470336914,0.8890861868858337,22.463886260986328,0.4819999933242798,,103.10926818847656,22.58603858947754,10.547987937927246,83.9320068359375,17.398475646972656,24.920000076293945,,,226.22975158691406,461.71575927734375,112.54705810546875,3.6391541957855225,58.48362731933594,1.1235483884811401,630.0162353515625,27.970094680786133,81.49374389648438,44.73002243041992,358.666015625,1.6997126340866089
2022-05-03,1598.0469970703125,24.723257064819336,79.79920959472656,0.8846628069877625,,0.4837000072002411,,104.47821044921875,22.692533493041992,10.565465927124023,84.7929458618164,,,97.14068603515625,4.449999809265137,228.0500030517578,457.84375,111.97642517089844,3.769341468811035,58.51430892944336,1.1152257919311523,626.2833862304688,28.93184471130371,79.03752899169922,44.73981857299805,367.67242431640625,1.8065516948699951
2022-05-04,1568.5831298828125,24.263813018798828,81.03496551513672,0.8775855302810669,22.89588165283203,0.48989999294281006,,106.18714904785156,22.7901554107666,10.609159469604492,84.17012786865234,17.156829833984375,25.3799991607666,97.94115447998047,4.0,222.7626495361328,460.7713928222656,112.3714828491211,3.8547775745391846,57.27162170410156,1.090258002281189,602.6422119140625,28.940664291381836,80.9060287475586,44.98483657836914,375.4678649902344,1.7774138450622559
2022-05-05,1598.0469970703125,24.185794830322266,79.48805236816406,0.8775855302810669,21.167888641357422,0.4896000027656555,,102.73347473144531,22.266550064086914,10.408162117004395,85.1226577758789,17.156829833984375,25.5,97.75281524658203,4.099999904632568,214.96160888671875,458.7881164550781,111.01951599121094,3.779512643814087,57.3176383972168,1.090258002281189,579.0010375976562,28.164209365844727,79.73932647705078,43.92637252807617,369.4888610839844,1.7774138450622559
2022-05-06,1586.061767578125,23.76102638244629,79.77253723144531,0.8828935027122498,21.98388671875,0.4887000024318695,,103.10030364990234,21.503326416015625,10.479719161987305,82.4299545288086,16.190248489379883,24.0,92.5732421875,4.289999961853027,213.14132690429688,430.4562072753906,109.56220245361328,3.6472907066345215,58.14611053466797,1.0819354057312012,565.7288208007812,28.164209365844727,79.66915893554688,43.5931510925293,359.1958312988281,1.7677011489868164
2022-05-09,1558.0958251953125,23.97774314880371,74.99845123291016,0.8811241984367371,21.69588851928711,0.4875999987125397,,96.47929382324219,21.458955764770508,10.434431076049805,82.59481048583984,15.851943969726562,24.0,89.76686096191406,3.5,212.44793701171875,409.1128845214844,106.34029388427734,3.480487823486328,57.77789306640625,1.0736128091812134,574.4387817382812,28.164209365844727,81.44112396240234,43.9361686706543,352.53564453125,1.757988452911377
2022-05-10,1578.5706787109375,23.99941635131836,75.540771484375,0.8793548345565796,22.03188705444336,0.4880000054836273,,98.71611022949219,21.65419578552246,10.525007247924805,84.2983627319336,17.060171127319336,23.200000762939453,90.275390625,3.950000047683716,211.1477813720703,408.6406555175781,106.03302764892578,3.445906639099121,57.624481201171875,1.0819354057312012,585.63720703125,26.152481079101562,80.783203125,44.58301544189453,336.56634521484375,1.7288504838943481
2022-05-11,1606.0372314453125,22.75545310974121,74.99845123291016,0.8811241984367371,21.98388671875,0.4867999851703644,,98.2150650024414,21.565448760986328,10.389142036437988,85.56228637695312,16.915184020996094,23.979999542236328,92.17770385742188,3.8499999046325684,209.50088500976562,408.54620361328125,106.42809295654297,3.5008292198181152,57.056827545166016,1.0819354057312012,591.029052734375,26.152481079101562,79.125244140625,43.8283576965332,361.8879699707031,1.757988452911377
2022-05-12,1634.0030517578125,23.249570846557617,75.06956481933594,0.8828935027122498,20.303895950317383,0.48190000653266907,,97.67820739746094,21.476703643798828,10.307622909545898,85.25089263916016,16.238576889038086,23.5,92.49789428710938,4.010000228881836,205.51370239257812,403.9186706542969,106.36663055419922,3.5862653255462646,57.823917388916016,1.090258002281189,557.4337158203125,24.82015037536621,78.5462875366211,44.28899383544922,355.6387023925781,1.7191379070281982
2022-05-13,1666.46337890625,23.28424835205078,75.91414642333984,0.8935094475746155,20.351896286010742,0.48190000653266907,,98.04505920410156,21.92043685913086,10.624640464782715,86.64302825927734,15.900273323059082,23.8799991607666,96.05769348144531,4.010000228881836,204.90692138671875,,107.56057739257812,3.7408628463745117,58.299522399902344,1.0944193601608276,550.797607421875,24.997880935668945,78.94982147216797,45.249446868896484,375.928466796875,1.7191379070281982
2022-05-16,1666.46337890625,23.661334991455078,77.50550842285156,0.8846628069877625,24.431875228881836,0.48350000381469727,,100.7203140258789,22.8167781829834,10.742391586303711,87.13761901855469,17.591793060302734,25.520000457763672,96.43437194824219,4.699999809265137,205.253662109375,409.8683776855469,107.99951934814453,3.8608803749084473,58.360897064208984,1.0819354057312012,570.7059326171875,26.78407859802246,79.64281463623047,44.66141891479492,379.8240966796875,1.7191379070281982
2022-05-17,1682.4439697265625,23.045852661132812,79.15778350830078,0.9244726300239563,27.023862838745117,0.47999998927116394,,104.2276611328125,23.127391815185547,10.715217590332031,86.18508911132812,19.33163833618164,29.739999771118164,95.30429077148438,4.5,,417.6124572753906,108.1487808227539,3.8751187324523926,,1.1110645532608032,,26.250886917114258,80.50248718261719,44.94562911987305,,1.7385631799697876
2022-05-18,1612.030029296875,22.6644287109375,75.5049057006836,0.9377425312995911,25.487869262695312,0.4819999933242798,,100.0258560180664,22.018056869506836,10.407256126403809,85.70883178710938,17.978424072265625,28.479999542236328,92.76158142089844,4.650000095367432,208.02735900878906,413.26824951171875,105.0058822631836,3.8608803749084473,56.550537109375,1.090258002281189,564.0698852539062,25.771011352539062,74.34441375732422,43.3187370300293,384.2066650390625,1.7385631799697876
2022-05-19,1577.5721435546875,21.7412109375,74.89757537841797,0.9377425312995911,24.815874099731445,0.4819999933242798,,99.18099975585938,21.840564727783203,10.371026039123535,81.44078826904297,17.301815032958984,27.34000015258789,88.7309341430664,4.5,203.1733856201172,399.85772705078125,102.60921478271484,3.8120598793029785,55.369205474853516,1.090258002281189,568.6322021484375,25.771011352539062,73.79176330566406,42.631473541259766,383.8008728027344,1.7385631799697876
2022-05-20,1612.030029296875,21.632850646972656,75.02262115478516,0.9421659708023071,25.391870498657227,0.4837000072002411,,98.3091812133789,22.03580665588379,10.506892204284668,81.89873504638672,17.398475646972656,28.100000381469727,90.57673645019531,4.619999885559082,210.0347137451172,414.21258544921875,102.27560424804688,3.7937517166137695,56.1669921875,1.1069031953811646,583.1486206054688,25.584394454956055,74.80933380126953,43.56233596801758,384.12548828125,1.7288504838943481
2022-05-23,1626.012939453125,21.927587509155273,77.31797790527344,0.9421659708023071,26.20786476135254,0.4918999969959259,,101.95824432373047,22.071308135986328,10.633698463439941,82.9794692993164,17.398475646972656,28.700000762939453,92.38488006591797,4.800000190734863,211.52059936523438,413.7404479980469,103.6187973022461,3.7123847007751465,55.9215202331543,1.1069031953811646,596.4208984375,24.74905776977539,76.61642456054688,44.007965087890625,390.2935791015625,1.7288504838943481
2022-05-24,1603.041015625,21.72386932373047,78.38077545166016,0.9421659708023071,25.439868927001953,0.4871000051498413,,103.7738037109375,22.248796463012695,10.615584373474121,81.64228057861328,17.108501434326172,28.3799991607666,92.06468200683594,4.650000095367432,216.59010314941406,407.3184814453125,105.33948516845703,3.58423113822937,55.9215202331543,1.0944193601608276,599.3241577148438,24.669078826904297,77.8532943725586,44.26543045043945,390.53704833984375,1.7385631799697876
2022-05-25,1648.4854736328125,21.970928192138672,79.2828369140625,0.9377425312995911,25.91986846923828,0.48899999260902405,,104.01646423339844,22.17780113220215,10.615584373474121,83.51070404052734,17.350147247314453,27.0,90.89692687988281,4.769999980926514,217.02711486816406,402.21875,104.1543197631836,3.561854839324951,55.81412887573242,1.0985805988311768,597.6651000976562,24.669078826904297,78.1252212524414,43.4336051940918,397.84136962890625,1.7288504838943481
2022-05-26,1721.3963623046875,22.096628189086914,78.87198638916016,,26.015867233276367,,,103.29744720458984,22.39966583251953,10.579353332519531,84.04193115234375,17.591793060302734,27.420000076293945,91.25479888916016,5.0,,,105.08489227294922,3.537444591522217,,,,23.762649536132812,78.73929595947266,43.393985748291016,,
2022-05-27,1733.8809814453125,22.31768226623535,79.42572784423828,0.9642825126647949,25.24786949157715,0.4878999888896942,,103.10868072509766,22.807903289794922,10.642756462097168,84.88452911376953,17.495134353637695,26.5,91.91400909423828,4.78000020980835,212.56942749023438,,106.7353515625,3.3462321758270264,56.41245651245117,1.0944193601608276,574.8535766601562,23.762649536132812,79.86212921142578,43.552433013916016,392.6471862792969,1.7191379070281982
2022-05-30,1745.366943359375,22.300344467163086,,0.9731290340423584,26.111867904663086,0.4878000020980835,,,,,85.48902130126953,17.495134353637695,27.280000686645508,92.9499282836914,4.789999961853027,210.82135009765625,425.7342529296875,,3.234351634979248,56.22835922241211,1.090258002281189,570.2911376953125,23.762649536132812,,,392.48486328125,1.7288504838943481
2022-05-31,1727.8883056640625,22.28300666809082,81.11373138427734,0.9996688961982727,25.91986846923828,0.4876999855041504,,106.34432983398438,22.736906051635742,10.651814460754395,85.92863464355469,17.44680404663086,27.0,91.06645202636719,4.800000190734863,213.88052368164062,415.4403076171875,107.06895446777344,3.3360610008239746,56.550537109375,1.0777740478515625,577.3421020507812,23.220569610595703,79.00689697265625,47.860145568847656,394.1080627441406,1.7385631799697876
2022-06-01,1702.9189453125,22.070619583129883,77.40726470947266,1.043902039527893,26.399866104125977,0.4855000078678131,,102.55145263671875,21.707441329956055,10.633698463439941,83.91368865966797,17.978424072265625,28.68000030517578,88.8816146850586,4.800000190734863,210.82135009765625,411.5682678222656,104.74250793457031,3.502863883972168,55.8294677734375,1.0777740478515625,583.9781494140625,23.549373626708984,77.71084594726562,45.790462493896484,394.919677734375,1.7774138450622559
2022-06-02,,22.213655471801758,79.73831176757812,1.0173622369766235,25.871868133544922,0.48500001430511475,,103.54008483886719,22.1955509185791,11.104698181152344,84.06023406982422,17.68844985961914,28.780000686645508,,,210.47171020507812,412.5126647949219,105.77843475341797,3.5781285762786865,55.61467742919922,1.0777740478515625,589.7847290039062,23.549373626708984,77.59622192382812,46.19647979736328,400.9254150390625,1.757988452911377
2022-06-03,,22.20932388305664,78.51473236083984,1.0306322574615479,25.391870498657227,0.48649999499320984,,101.55378723144531,22.000308990478516,10.923543930053711,84.48153686523438,17.44680404663086,27.1200008392334,,,205.83924865722656,413.3626708984375,104.55815124511719,3.5089664459228516,55.537967681884766,1.0777740478515625,579.0010375976562,23.549373626708984,77.06722259521484,46.0677375793457,405.3080139160156,1.757988452911377
2022-06-06,1691.9322509765625,22.47805404663086,78.96131134033203,1.0217854976654053,25.775869369506836,0.48500001430511475,,100.5740966796875,22.168926239013672,10.860139846801758,85.19593048095703,17.5434627532959,28.239999771118164,89.40898895263672,4.71999979019165,,,104.22454833984375,3.531261920928955,,1.0777740478515625,,23.718217849731445,77.12894439697266,46.255889892578125,,1.757988452911377
2022-06-07,1684.9407958984375,22.278671264648438,79.95269012451172,1.0262088775634766,25.679868698120117,0.4855000078678131,,101.39202880859375,22.026933670043945,10.832967758178711,84.75630950927734,17.156829833984375,28.0,88.74977111816406,4.760000228881836,204.0037384033203,415.62921142578125,102.80235290527344,3.5440025329589844,55.338523864746094,1.0694515705108643,585.222412109375,23.39830207824707,77.92244720458984,46.29550552368164,395.0819396972656,1.757988452911377
2022-06-08,1705.915283203125,22.230993270874023,79.13993072509766,1.0217854976654053,24.09587860107422,0.4830000102519989,,101.14034271240234,21.89381217956543,10.479719161987305,83.84042358398438,17.591793060302734,27.579999923706055,86.33890533447266,4.639999866485596,202.25563049316406,411.3794250488281,100.35299682617188,3.4272141456604004,55.24646759033203,1.0736128091812134,551.6270751953125,22.305255889892578,76.97904968261719,45.5924072265625,399.3022155761719,1.7774138450622559
2022-06-09,1650.1168212890625,21.979597091674805,76.79100799560547,1.0217854976654053,23.711877822875977,0.48249998688697815,,99.03719329833984,21.671945571899414,10.226104736328125,83.84042358398438,17.398475646972656,26.6200008392334,86.62142944335938,4.699999809265137,207.2377471923828,400.9910583496094,98.00900268554688,3.3932392597198486,55.43057632446289,1.0736128091812134,582.4155883789062,21.860929489135742,75.2156982421875,44.750667572021484,389.2384948730469,1.7774138450622559
2022-06-10,1601.1728515625,22.022945404052734,75.62993621826172,1.0262088775634766,23.471881866455078,0.48190000653266907,,96.13412475585938,21.671945571899414,10.063065528869629,83.65724182128906,17.253488540649414,26.719999313354492,86.67792510986328,4.699999809265137,205.0526123046875,395.89129638671875,97.49103546142578,3.3762519359588623,55.26181411743164,1.0736128091812134,573.0079956054688,21.478805541992188,74.18413543701172,44.621944427490234,382.2588806152344,1.7774138450622559
2022-06-13,1587.1885986328125,21.97526741027832,73.24528503417969,1.0173622369766235,21.023893356323242,0.484499990940094,,92.07160186767578,21.574323654174805,10.054008483886719,83.19929504394531,17.350147247314453,24.200000762939453,87.337158203125,4.599999904632568,205.31483459472656,390.98046875,96.86772155761719,3.3189191818237305,56.1669921875,1.0611289739608765,574.718505859375,21.443260192871094,73.45234680175781,43.85942077636719,373.087890625,1.7774138450622559
2022-06-14,1566.712158203125,21.84523582458496,73.83476257324219,0.995245635509491,21.359891891479492,0.482699990272522,,93.78828430175781,20.95309829711914,9.782278060913086,81.51406860351562,16.77019691467285,23.5,86.28239440917969,4.5,209.16064453125,378.5143737792969,94.87489318847656,3.535508632659912,56.105621337890625,1.0569676160812378,581.9879760742188,22.136409759521484,73.99016571044922,43.13652420043945,383.0704345703125,1.7677011489868164
2022-06-15,1613.1590576171875,22.022945404052734,73.4864273071289,0.981975793838501,20.73589515686035,0.4814999997615814,,93.40181732177734,22.026933670043945,9.755105018615723,82.86958312988281,16.818527221679688,22.0,86.73443603515625,4.5,212.56942749023438,385.3140563964844,94.93634796142578,3.480299949645996,57.11819076538086,1.0528063774108887,595.2440795898438,22.065319061279297,74.15769958496094,43.63166046142578,378.44439697265625,1.7774138450622559
2022-06-16,1593.68115234375,22.00560760498047,70.58377075195312,0.9465892910957336,,0.4812000095844269,,90.09426879882812,21.929311752319336,9.573952674865723,80.15853881835938,,,85.09580993652344,4.300000190734863,208.81103515625,377.0033874511719,95.91081237792969,3.401733160018921,57.240928649902344,1.031999945640564,585.8365478515625,21.185550689697266,72.78227996826172,43.265254974365234,363.7546081542969,1.7774138450622559
2022-06-17,1606.66650390625,21.684860229492188,69.04759979248047,0.9421659708023071,20.447895050048828,0.4699999988079071,,87.72148895263672,21.98255729675293,9.854740142822266,81.22097778320312,17.398475646972656,20.520000457763672,85.45365905761719,4.099999904632568,209.59768676757812,377.0977783203125,95.91959381103516,3.3295369148254395,57.19490051269531,1.0028709173202515,599.5203247070312,20.856746673583984,73.24076080322266,43.29495620727539,358.31695556640625,1.7677011489868164
2022-06-20,1645.1226806640625,21.806224822998047,,0.9554359316825867,20.73589515686035,0.4697999954223633,,,,,79.62733459472656,17.301815032958984,19.6299991607666,83.79620361328125,4.099999904632568,214.66720581054688,383.802978515625,,3.3953628540039062,57.900638580322266,0.9987096786499023,607.2174072265625,21.523237228393555,,,363.1053161621094,1.757988452911377
2022-06-21,1608.6641845703125,21.74554443359375,70.91422271728516,0.9554359316825867,20.015897750854492,0.4620000123977661,,88.7191390991211,22.03580665588379,9.827567100524902,78.14360046386719,16.818527221679688,19.799999237060547,85.13347625732422,4.0,207.06292724609375,392.58587646484375,97.49103546142578,3.499410629272461,57.072166442871094,0.9570966958999634,578.99462890625,22.24304962158203,74.06952667236328,43.93864822387695,366.9197998046875,1.757988452911377
2022-06-22,1609.16357421875,21.208080291748047,69.15476989746094,0.9377425312995911,19.39190101623535,0.4650000035762787,,83.64099884033203,21.636445999145508,9.76416301727295,79.70060729980469,16.141918182373047,18.700000762939453,84.38007354736328,3.950000047683716,192.0292205810547,385.2196350097656,99.82626342773438,3.3932392597198486,57.76255416870117,0.9654192924499512,561.03466796875,21.283302307128906,73.89318084716797,43.93864822387695,359.1285705566406,1.7191379070281982
2022-06-23,1609.6630859375,20.98269271850586,64.0818099975586,0.9421659708023071,18.739103317260742,0.4648999869823456,,78.54489135742188,21.92043685913086,9.655470848083496,80.59817504882812,16.141918182373047,18.0,84.4742431640625,4.0,194.03953552246094,375.208984375,99.52777099609375,3.219118356704712,57.50174331665039,0.9903870820999146,569.5870361328125,20.27912139892578,74.02542877197266,44.13669967651367,347.2793273925781,1.757988452911377
2022-06-24,1634.1351318359375,21.598175048828125,66.55577087402344,,20.159896850585938,,,79.44366455078125,22.701406478881836,10.090239524841309,81.55068969726562,16.721866607666016,20.299999237060547,86.64026641845703,3.940000057220459,197.3609619140625,394.8524475097656,102.60042572021484,3.2254881858825684,57.793235778808594,,564.0280151367188,20.510169982910156,75.64773559570312,45.800357818603516,347.3605041503906,
2022-06-27,1644.623291015625,21.65452003479004,67.91333770751953,0.9465892910957336,20.207895278930664,0.4648999869823456,,81.71759033203125,22.914400100708008,10.054008483886719,81.7155532836914,16.43189239501953,20.3799991607666,87.2052993774414,3.7200000286102295,197.62318420410156,404.48529052734375,103.17105865478516,3.231858491897583,59.127994537353516,0.9654192924499512,566.59375,20.501283645629883,75.65653228759766,45.55280303955078,350.8503112792969,1.7774138450622559
2022-06-28,1648.119140625,21.836565017700195,67.86868286132812,0.9554359316825867,19.871898651123047,0.4648999869823456,,81.52885437011719,22.7280330657959,9.972490310668945,82.15518188476562,15.851943969726562,19.850000381469727,86.79094696044922,3.799999952316284,201.73118591308594,406.09075927734375,100.6514892578125,3.344400405883789,59.849056243896484,0.9654192924499512,576.0012817382812,21.443260192871094,75.48902130126953,44.88930130004883,365.296630859375,1.7774138450622559
2022-06-29,1637.1318359375,21.64151954650879,68.98507690429688,0.995245635509491,19.9678955078125,0.46790000796318054,,82.2209243774414,22.541664123535156,9.999662399291992,81.86209869384766,17.011842727661133,20.18000030517578,86.82860565185547,3.8299999237060547,199.9831085205078,405.61859130859375,103.03060913085938,3.3486478328704834,60.201934814453125,0.982064425945282,576.0012817382812,21.07891082763672,76.08856201171875,45.11707305908203,357.2618713378906,1.7677011489868164
2022-06-30,1576.2012939453125,21.55049705505371,69.30661010742188,1.00851571559906,19.007902145385742,0.46000000834465027,,81.51089477539062,22.701406478881836,10.090239524841309,79.68228149414062,16.43189239501953,19.100000381469727,86.6873550415039,3.75,195.8750457763672,402.3132019042969,102.17903137207031,3.3422765731811523,60.38603210449219,0.982064425945282,592.2507934570312,20.60792350769043,75.87696075439453,45.38444137573242,334.0504455566406,1.7677011489868164
2022-07-01,1587.1885986328125,21.806224822998047,68.24378967285156,0.9996688961982727,18.470304489135742,0.461899995803833,,81.74455261230469,22.77240562438965,10.099296569824219,81.05611419677734,16.86685562133789,19.65999984741211,88.61791229248047,4.340000152587891,199.7208709716797,405.61859130859375,103.59246063232422,3.227611541748047,60.677528381347656,0.9862257242202759,582.8432006835938,19.319372177124023,75.16278839111328,45.8399772644043,337.8648986816406,1.7677011489868164
2022-07-04,1595.1795654296875,21.94492530822754,,1.00851571559906,17.85590934753418,0.4611999988555908,,,,,80.41500091552734,16.721866607666016,19.829999923706055,90.65208435058594,4.039999961853027,202.78005981445312,411.0960998535156,,3.2297351360321045,62.19638442993164,0.9862257242202759,605.5070190429688,19.194961547851562,,,339.89385986328125,1.7677011489868164
2022-07-05,1524.760009765625,21.78455352783203,64.64449310302734,1.00851571559906,16.49271583557129,0.4607999920845032,,77.8528060913086,22.266550064086914,9.881912231445312,79.92041778564453,16.43189239501953,19.3799991607666,90.93460845947266,3.9000000953674316,202.78005981445312,427.2453308105469,103.13595581054688,2.947319269180298,61.475311279296875,0.9862257242202759,599.5203247070312,17.337671279907227,75.63890075683594,45.39434814453125,323.4185791015625,1.7774138450622559
2022-07-06,1560.718994140625,22.38703155517578,64.50157928466797,,16.991914749145508,,,77.16075897216797,22.124553680419922,9.909086227416992,83.2908935546875,15.127007484436035,18.600000381469727,91.27364349365234,3.9000000953674316,199.8083038330078,422.239990234375,103.95240020751953,2.9919114112854004,61.9969482421875,,595.6717529296875,17.266578674316406,75.54192352294922,45.731048583984375,326.3403015136719,
2022-07-07,1571.706298828125,22.374027252197266,66.4486083984375,1.0129389762878418,16.89591407775879,0.45570001006126404,,79.76724243164062,22.097930908203125,9.782278060913086,83.21761322021484,16.09358787536621,19.079999923706055,89.93636322021484,4.170000076293945,206.80072021484375,421.9566345214844,103.27641296386719,3.1320576667785645,62.99416732788086,0.9903870820999146,608.5003051757812,18.12857437133789,75.88577270507812,45.6815299987793,333.9692687988281,1.7968391180038452
2022-07-08,1588.6871337890625,22.876813888549805,65.50189208984375,1.0306322574615479,17.18391227722168,0.45559999346733093,,78.82349395751953,22.683658599853516,9.836624145507812,85.19593048095703,15.320323944091797,19.100000381469727,90.3318862915039,3.700000047683716,205.2274169921875,414.40142822265625,102.81990814208984,3.138427734375,62.6259651184082,0.982064425945282,604.22412109375,18.528470993041992,74.15769958496094,45.6815299987793,332.5083923339844,1.7968391180038452
2022-07-11,1582.69384765625,22.76845359802246,64.86776733398438,1.0173622369766235,16.79991340637207,0.44999998807907104,,78.31120300292969,22.461790084838867,9.664528846740723,85.47069549560547,15.320323944091797,18.889999389648438,89.9740219116211,3.5999999046325684,207.15032958984375,414.023681640625,102.9779281616211,3.2297351360321045,63.40840148925781,0.9903870820999146,618.7631225585938,18.332963943481445,72.12982940673828,45.33493423461914,330.0736389160156,1.7968391180038452
2022-07-12,1585.6903076171875,22.859479904174805,65.06425476074219,1.0040923357009888,18.527902603149414,0.4490000009536743,,78.7246322631836,22.58603858947754,9.836624145507812,86.18508911132812,15.900273323059082,19.799999237060547,92.10236358642578,3.9000000953674316,201.643798828125,410.2461242675781,102.93403625488281,3.2530932426452637,63.34703826904297,0.9737418293952942,596.5269775390625,18.332963943481445,72.93213653564453,45.57259750366211,332.42724609375,1.7968391180038452
2022-07-13,1592.6824951171875,22.47805404663086,64.92134857177734,0.9863990545272827,23.183883666992188,0.45170000195503235,,78.29320526123047,23.074146270751953,9.755105018615723,85.30583953857422,16.528553009033203,23.8799991607666,89.9740219116211,4.099999904632568,198.14759826660156,408.54620361328125,102.3370590209961,3.1745259761810303,62.91746520996094,0.982064425945282,584.1260986328125,18.466262817382812,73.20549011230469,45.82017135620117,324.0678405761719,1.7871264219284058
2022-07-14,1550.2308349609375,22.213655471801758,64.03715515136719,0.981975793838501,23.327878952026367,0.45190000534057617,,76.96302032470703,22.7901554107666,9.610182762145996,85.17761993408203,16.673540115356445,25.65999984741211,88.9381103515625,3.9000000953674316,192.2914276123047,398.9133605957031,101.21334838867188,3.0471205711364746,62.19638442993164,0.982064425945282,573.8632202148438,17.048856735229492,71.89178466796875,45.48347473144531,320.5780029296875,1.7968391180038452
2022-07-15,1596.1783447265625,22.486722946166992,64.30509948730469,0.9996688961982727,22.463886260986328,0.4510999917984009,,77.6640853881836,22.976520538330078,9.736989974975586,85.52565002441406,16.190248489379883,24.079999923706055,89.72917175292969,3.799999952316284,194.03953552246094,407.79071044921875,103.20618438720703,3.12568736076355,62.48788070678711,1.0694515705108643,577.7118530273438,17.288795471191406,72.23564910888672,45.76076126098633,332.8330383300781,1.757988452911377
2022-07-18,1616.6552734375,22.595077514648438,64.79631805419922,0.990822434425354,22.943883895874023,0.4478999972343445,,78.8324966430664,23.28713607788086,9.755105018615723,85.19593048095703,15.610298156738281,24.639999389648438,90.25655364990234,3.509999990463257,193.16551208496094,416.4791564941406,102.670654296875,3.1787731647491455,63.34703826904297,1.0652902126312256,575.1461181640625,18.084142684936523,72.1915512084961,45.493385314941406,333.7257995605469,1.7871264219284058
2022-07-19,1665.0997314453125,22.68610191345215,65.93951416015625,0.995245635509491,25.391870498657227,0.4505000114440918,,80.89071655273438,23.54450225830078,10.063065528869629,86.25835418701172,16.28690528869629,26.799999237060547,91.8763427734375,3.619999885559082,193.51512145996094,416.95135498046875,104.42646789550781,3.2530932426452637,63.39306640625,1.0652902126312256,580.7051391601562,18.537355422973633,73.61986541748047,46.84015655517578,337.946044921875,1.7968391180038452
2022-07-20,1676.087158203125,22.642757415771484,66.60042572021484,1.0129389762878418,24.33587646484375,0.4480000138282776,,82.58941650390625,22.71915626525879,9.881912231445312,84.64640045166016,15.658628463745117,26.1200008392334,91.8198471069336,3.609999895095825,196.0498809814453,411.5682678222656,102.49507904052734,3.270080327987671,62.825408935546875,1.0694515705108643,586.6917114257812,18.439603805541992,72.60594940185547,46.11725616455078,335.1054382324219,1.7968391180038452
2022-07-21,1689.072509765625,22.868144989013672,66.10923767089844,1.0217854976654053,24.191877365112305,0.44359999895095825,,82.31977844238281,22.843400955200195,9.918143272399902,85.83704376220703,15.658628463745117,26.600000381469727,90.06819152832031,3.680000066757202,191.15516662597656,416.66802978515625,104.58448791503906,3.2955615520477295,62.273094177246094,1.0569676160812378,573.0079956054688,18.190778732299805,72.49132537841797,46.206382751464844,333.401123046875,1.7968391180038452
2022-07-22,1697.063232421875,22.93316078186035,65.94844818115234,1.0483254194259644,24.95987319946289,0.44359999895095825,,81.80746459960938,22.71915626525879,9.936259269714355,87.0826644897461,16.238576889038086,28.559999465942383,93.19478607177734,3.9800000190734863,192.0292205810547,422.9954833984375,105.72576141357422,3.2998085021972656,62.68733215332031,1.0611289739608765,584.1260986328125,18.11079978942871,72.36790466308594,46.5628776550293,330.8040771484375,1.7774138450622559
2022-07-25,1693.5673828125,23.141212463378906,67.53822326660156,1.0748653411865234,23.519880294799805,0.44359999895095825,,84.66561126708984,22.825651168823242,10.117411613464355,87.21089172363281,16.43189239501953,26.5,92.98760223388672,4.0,190.5433807373047,420.72894287109375,106.46319580078125,3.3337836265563965,63.08622360229492,1.0652902126312256,580.7051391601562,18.11079978942871,73.78739166259766,46.68171691894531,331.45330810546875,1.7968391180038452
2022-07-26,1644.1236572265625,22.907155990600586,70.48552703857422,1.0748653411865234,21.839889526367188,0.44040000438690186,,85.6812515258789,22.7280330657959,10.072123527526855,87.5589370727539,15.948601722717285,25.0,92.9499282836914,4.099999904632568,191.06776428222656,420.0678405761719,107.08650970458984,3.35501766204834,63.561824798583984,1.0652902126312256,580.2774658203125,18.039709091186523,74.24586486816406,48.37508773803711,330.47943115234375,1.8065516948699951
2022-07-27,1666.59814453125,22.859479904174805,71.85202026367188,1.0660187005996704,22.223886489868164,0.4424999952316284,,82.25687408447266,22.967647552490234,10.144584655761719,88.45649719238281,15.948601722717285,24.360000610351562,94.78632354736328,4.099999904632568,195.8750457763672,416.19580078125,108.28923797607422,3.405980110168457,63.48512268066406,1.0652902126312256,594.388916015625,17.781999588012695,75.54192352294922,47.969078063964844,326.6649475097656,1.7968391180038452
2022-07-28,1660.6051025390625,23.080530166625977,70.86958312988281,1.0792887210845947,22.847881317138672,0.4424999952316284,,80.27954864501953,22.710283279418945,9.954373359680176,87.68714141845703,15.948601722717285,25.34000015258789,94.28250122070312,4.150000095367432,192.0292205810547,425.1676330566406,108.19266510009766,3.5121517181396484,63.48512268066406,1.0652902126312256,581.1327514648438,18.004161834716797,76.88207244873047,47.87004852294922,330.1547546386719,1.7968391180038452
2022-07-29,1670.0941162109375,23.305917739868164,73.924072265625,1.0704420804977417,23.183883666992188,0.4438000023365021,,82.98487854003906,23.00314712524414,10.026835441589355,88.0168685913086,16.141918182373047,26.0,96.99942779541016,4.25,194.21435546875,438.4836120605469,107.85906219482422,3.6034581661224365,63.86865997314453,1.0611289739608765,589.68505859375,18.31519317626953,77.59622192382812,48.18693542480469,333.5634460449219,1.7774138450622559
2022-08-01,1662.6026611328125,23.414276123046875,75.25482940673828,1.0704420804977417,23.03988265991211,0.4478999972343445,,84.342041015625,23.225011825561523,10.044950485229492,87.70547485351562,16.09358787536621,26.6200008392334,96.76398468017578,3.9600000381469727,195.0884246826172,436.78369140625,108.59649658203125,3.4633123874664307,63.57716369628906,1.0569676160812378,595.2440795898438,18.235214233398438,77.7372817993164,48.424617767333984,330.6417236328125,1.7968391180038452
2022-08-02,1641.62646484375,23.500965118408203,73.9419174194336,1.0615954399108887,22.75188446044922,0.44110000133514404,,83.53313446044922,23.28713607788086,9.972490310668945,86.05686950683594,15.948601722717285,26.600000381469727,99.3537826538086,4.059999942779541,199.63348388671875,441.8834533691406,107.17430877685547,3.716000556945801,63.82263946533203,1.0611289739608765,606.7898559570312,19.319372177124023,77.15538787841797,48.018592834472656,334.9431457519531,1.7968391180038452
2022-08-03,1655.1112060546875,23.245235443115234,73.45964813232422,1.0615954399108887,22.943883895874023,0.4424999952316284,,85.42958068847656,23.207263946533203,9.990604400634766,87.38280487060547,15.755284309387207,26.799999237060547,98.78872680664062,4.199999809265137,197.0987548828125,425.5453796386719,106.79680633544922,3.650174140930176,63.116905212402344,1.0611289739608765,593.9613037109375,19.21273422241211,77.19944763183594,48.32558059692383,339.24456787109375,1.7968391180038452
2022-08-04,1673.0906982421875,23.041519165039062,73.25422668457031,1.0704420804977417,23.087881088256836,0.4424999952316284,,85.42958068847656,22.994272232055664,10.044950485229492,86.49884033203125,15.465311050415039,26.18000030517578,97.58802032470703,4.090000152587891,197.79795837402344,427.7174987792969,107.33232116699219,3.6926426887512207,63.561824798583984,1.0236773490905762,593.1060791015625,19.292713165283203,76.32660675048828,48.37952423095703,334.29388427734375,1.7968391180038452
2022-08-05,1643.1248779296875,22.902822494506836,73.91513061523438,1.0748653411865234,22.99188232421875,0.44769999384880066,,86.95750427246094,22.39966583251953,9.963432312011719,86.00163269042969,15.561969757080078,24.559999465942383,97.4231948852539,4.300000190734863,197.53575134277344,408.0740051269531,105.83111572265625,3.783949851989746,63.28566360473633,1.0486451387405396,591.3955688476562,19.40823745727539,77.10250091552734,48.02981948852539,338.1083679199219,1.7968391180038452
2022-08-08,1657.1090087890625,22.859479904174805,73.67399597167969,1.1058286428451538,23.183883666992188,0.44679999351501465,,86.5440673828125,22.692533493041992,9.936259269714355,87.1065673828125,16.335235595703125,25.18000030517578,97.28195190429688,4.449999809265137,193.77735900878906,411.2849426269531,105.93646240234375,3.7860732078552246,63.71524429321289,1.0111935138702393,584.1260986328125,18.79506492614746,70.6221694946289,48.37952423095703,338.6764831542969,1.7968391180038452
2022-08-09,1638.1304931640625,22.725114822387695,74.00446319580078,1.1058286428451538,22.943883895874023,0.4429999887943268,,87.52374267578125,22.870025634765625,9.927201271057129,86.33309173583984,16.238576889038086,25.200000762939453,97.4231948852539,3.9000000953674316,194.03953552246094,408.1684265136719,106.03302764892578,3.771209716796875,63.74592208862305,1.0569676160812378,581.5603637695312,18.20855140686035,70.46347045898438,47.81001281738281,339.650390625,1.7968391180038452
2022-08-10,1659.1068115234375,24.44585609436035,74.66535186767578,1.1279451847076416,22.07988739013672,0.4453999996185303,,87.94618225097656,23.420255661010742,10.035893440246582,86.35152435302734,15.465311050415039,24.860000610351562,97.94115447998047,3.9000000953674316,190.71815490722656,414.8736572265625,106.52465057373047,3.7499754428863525,64.43631744384766,1.0486451387405396,572.1527709960938,18.084142684936523,69.96974182128906,48.339561462402344,338.919921875,1.7774138450622559
2022-08-11,1647.120361328125,24.19879722595215,75.14765167236328,1.1412149667739868,21.88788604736328,0.44440001249313354,,88.61125183105469,23.642120361328125,10.008719444274902,86.36994171142578,16.141918182373047,25.200000762939453,98.2707748413086,4.389999866485596,191.59222412109375,427.3397216796875,107.08650970458984,3.854022979736328,64.16016387939453,1.0569676160812378,577.7118530273438,18.679540634155273,71.1423568725586,47.610172271728516,340.9489440917969,1.8065516948699951
2022-08-12,1658.1077880859375,23.890308380126953,77.34474182128906,1.1412149667739868,22.463886260986328,0.4449000060558319,,90.9930648803711,23.51787757873535,9.872855186462402,87.01448822021484,16.28690528869629,25.579999923706055,98.41204833984375,4.0,188.3582305908203,428.7563171386719,107.09529113769531,3.898615598678589,64.05277252197266,1.0528063774108887,576.8565673828125,18.777292251586914,72.11221313476562,47.74006652832031,344.5198974609375,1.7774138450622559
2022-08-15,1655.6107177734375,24.331008911132812,76.92498779296875,,,,,90.19313049316406,23.438003540039062,9.936259269714355,87.49329376220703,,,99.82465362548828,4.0,189.58187866210938,437.0669860839844,107.6132583618164,3.9283432960510254,63.960716247558594,,579.4223022460938,19.417125701904297,72.34144592285156,47.77003860473633,344.1141357421875,
2022-08-16,1656.6094970703125,24.472030639648438,77.68767547607422,1.1412149667739868,22.07988739013672,0.44699999690055847,,89.44715118408203,23.296009063720703,10.008719444274902,87.58538055419922,16.43189239501953,25.899999618530273,99.7775650024414,4.099999904632568,187.6589813232422,427.1508483886719,106.8406982421875,3.9283432960510254,64.00675201416016,1.0652902126312256,574.718505859375,20.083616256713867,72.37671661376953,47.610172271728516,343.5460205078125,1.7968391180038452
2022-08-17,1636.63232421875,24.77170753479004,77.48129272460938,1.1412149667739868,21.263893127441406,0.4449999928474426,,89.96844482421875,24.236726760864258,9.990604400634766,88.28516387939453,16.04526138305664,24.799999237060547,99.16543579101562,3.940000057220459,189.3196563720703,426.2063903808594,107.66592407226562,4.034514904022217,64.3135757446289,1.0736128091812134,581.5603637695312,20.758995056152344,71.49502563476562,47.610172271728516,343.0590515136719,1.7968391180038452
2022-08-18,1628.141845703125,24.77170753479004,78.620849609375,1.1235216856002808,21.023893356323242,0.4447999894618988,,91.06733703613281,23.979360580444336,9.854740142822266,88.04576110839844,16.43189239501953,24.540000915527344,98.78872680664062,3.950000047683716,191.15516662597656,424.978759765625,107.25331115722656,4.023897647857666,64.02207946777344,1.0736128091812134,582.4155883789062,21.0522518157959,72.10338592529297,47.310420989990234,347.7662658691406,1.7871264219284058
2022-08-19,1610.1624755859375,24.943578720092773,78.27090454101562,1.1279451847076416,20.159896850585938,0.4447999894618988,,90.46136474609375,23.934986114501953,9.782278060913086,88.4693374633789,16.43189239501953,23.81999969482422,99.4008560180664,3.9000000953674316,193.16551208496094,431.5895080566406,107.52546691894531,3.9708120822906494,64.81986236572266,1.0694515705108643,599.9479370117188,19.985864639282227,72.07694244384766,47.3703727722168,340.78662109375,1.7968391180038452
2022-08-22,1575.701904296875,24.95680046081543,77.65179443359375,1.1014052629470825,19.77589988708496,0.44519999623298645,,89.8101806640625,23.251636505126953,9.573952674865723,87.18022155761719,16.721866607666016,23.559999465942383,99.30669403076172,3.9000000953674316,192.11663818359375,421.20111083984375,106.34907531738281,3.977182149887085,64.9426040649414,1.0070322751998901,596.5269775390625,19.28382682800293,70.9307632446289,46.980690002441406,329.0997009277344,1.7482757568359375
2022-08-23,1559.220703125,24.77170753479004,79.0067138671875,1.1058286428451538,19.39190101623535,0.4422999918460846,,92.1707534790039,23.296009063720703,9.58301067352295,86.60933685302734,16.721866607666016,23.399999618530273,97.47028350830078,4.0,190.80555725097656,414.023681640625,105.0058822631836,4.089723587036133,63.991397857666016,1.0236773490905762,583.2708129882812,19.630403518676758,70.38412475585938,46.551063537597656,340.7054138183594,1.7968391180038452
2022-08-24,1553.227294921875,24.65712547302246,79.53610229492188,1.1146750450134277,20.73589515686035,0.4440000057220459,,91.64617156982422,23.509002685546875,9.67358684539795,87.16181945800781,16.915184020996094,23.799999237060547,99.18898010253906,4.0,184.0753631591797,417.895751953125,105.46238708496094,4.140686511993408,64.28290557861328,1.0153547525405884,570.4422607421875,19.612628936767578,70.11962890625,46.90076446533203,329.91131591796875,1.7968391180038452
2022-08-25,1546.73486328125,24.635089874267578,81.57295227050781,1.1235216856002808,21.119892120361328,0.44369998574256897,,93.1023178100586,23.029769897460938,9.68264389038086,84.27053833007812,16.818527221679688,23.600000381469727,102.41444396972656,3.9000000953674316,185.56124877929688,424.0343017578125,106.72657775878906,4.353028774261475,64.71247100830078,1.0070322751998901,571.2975463867188,21.10556983947754,70.56926727294922,46.97071075439453,340.9489440917969,1.7968391180038452
2022-08-26,1513.7723388671875,24.25609016418457,80.36160278320312,1.119098424911499,20.015897750854492,0.4433000087738037,,92.54157257080078,22.8167781829834,9.419971466064453,84.30736541748047,16.576879501342773,22.760000228881836,98.74164581298828,3.809999942779541,180.5791778564453,414.5903625488281,104.47036743164062,4.387003421783447,63.71524429321289,1.036161184310913,558.8966064453125,21.22109603881836,69.0439682006836,45.981529235839844,337.62139892578125,1.8065516948699951
2022-08-29,,24.22524070739746,81.43836212158203,1.119098424911499,19.77589988708496,0.4404999911785126,,93.88011932373047,22.967647552490234,9.47431755065918,83.55233001708984,16.480222702026367,22.399999618530273,,,175.7718505859375,406.1852111816406,104.77762603759766,4.40399169921875,63.30101013183594,1.036161184310913,545.2128295898438,21.789836883544922,68.47089385986328,45.91159439086914,344.5198974609375,1.7968391180038452
2022-08-30,1539.7427978515625,24.093029022216797,78.57601165771484,1.1146750450134277,21.311891555786133,0.44119998812675476,,90.3347396850586,23.145139694213867,9.33845329284668,82.87093353271484,16.528553009033203,20.860000610351562,96.38729095458984,3.8499999046325684,178.39404296875,404.0130615234375,103.32908630371094,4.040884971618652,62.9634895324707,1.036161184310913,559.7518310546875,20.0391845703125,67.65975189208984,45.71175765991211,337.45904541015625,1.7871264219284058
2022-08-31,1523.2615966796875,24.15032196044922,78.86312866210938,1.119098424911499,21.311891555786133,0.4404999911785126,,89.69258880615234,22.93214988708496,9.47431755065918,82.63153076171875,16.38356590270996,21.1200008392334,93.9104995727539,3.809999942779541,178.56884765625,401.9353942871094,102.76722717285156,3.9750583171844482,63.991397857666016,1.0153547525405884,564.0280151367188,20.172483444213867,66.8614501953125,45.3520622253418,342.0039978027344,1.7677011489868164
2022-09-01,1498.290283203125,24.106250762939453,78.58497619628906,1.1766016483306885,19.679899215698242,0.44350001215934753,,88.69771575927734,22.559412002563477,9.39279842376709,81.58183288574219,15.368653297424316,20.700000762939453,95.3890380859375,3.5199999809265137,178.21922302246094,391.8303527832031,101.6083984375,3.849776268005371,64.16016387939453,1.0486451387405396,564.8832397460938,19.834793090820312,66.36473846435547,44.87246322631836,337.13446044921875,1.7871264219284058
2022-09-02,1500.7874755859375,24.238462448120117,78.61190032958984,1.1633317470550537,20.495895385742188,0.4431000053882599,,89.54789733886719,22.248796463012695,9.1754150390625,82.2816390991211,15.41698169708252,20.600000381469727,92.62031555175781,3.609999895095825,179.280029296875,400.51885986328125,100.03695678710938,3.915602684020996,63.960716247558594,1.0403225421905518,558.0413208007812,20.243576049804688,66.18733978271484,44.56271743774414,341.1924133300781,1.7968391180038452
2022-09-05,1475.3162841796875,23.921157836914062,,1.1633317470550537,19.9678955078125,0.4399999976158142,,,,,82.64994812011719,15.465311050415039,19.600000381469727,92.4084243774414,3.609999895095825,175.30194091796875,392.2080993652344,,3.968688726425171,63.63853454589844,1.0403225421905518,551.6270751953125,19.630403518676758,,,327.0707092285156,1.8065516948699951
2022-09-06,1507.7791748046875,24.06218147277832,76.89805603027344,1.1544849872589111,19.439899444580078,0.4399999976158142,,85.10711669921875,22.115678787231445,9.04860782623291,83.09192657470703,14.740374565124512,19.799999237060547,94.51793670654297,3.630000114440918,174.06431579589844,389.4693908691406,99.5892333984375,3.9517018795013428,62.9634895324707,1.036161184310913,540.5089721679688,19.541534423828125,64.80364227294922,44.76255416870117,323.17510986328125,1.8065516948699951
2022-09-07,1453.3414306640625,24.159133911132812,78.27090454101562,1.1544849872589111,20.159896850585938,0.43299999833106995,,86.43663787841797,22.328670501708984,9.157299041748047,82.98143005371094,14.740374565124512,19.3799991607666,92.5967788696289,3.880000114440918,172.16363525390625,388.24169921875,100.21253967285156,3.902862310409546,62.54925537109375,1.031999945640564,526.3976440429688,19.799245834350586,65.53096008300781,45.26213455200195,326.6649475097656,1.7871264219284058
2022-09-08,1343.4669189453125,24.26490592956543,81.01663970947266,1.1589082479476929,20.255895614624023,0.43299999833106995,,87.6124038696289,22.50616455078125,9.057665824890137,84.03114318847656,14.982020378112793,19.600000381469727,90.5202407836914,3.880000114440918,171.45643615722656,387.48614501953125,99.62434387207031,3.8582701683044434,62.64131164550781,1.0278387069702148,528.1080932617188,19.390464782714844,65.58419036865234,44.91243362426758,322.6881408691406,1.7871264219284058
2022-09-09,1353.4554443359375,24.591018676757812,82.075439453125,1.1367915868759155,20.783893585205078,0.4325999915599823,,87.63048553466797,22.674779891967773,9.30222225189209,84.23371124267578,15.127007484436035,19.899999618530273,92.36134338378906,3.880000114440918,174.0200958251953,396.8356628417969,102.3809585571289,4.038762092590332,62.94813919067383,1.0236773490905762,538.3709716796875,20.2613468170166,67.02999114990234,45.9715461730957,337.7837219238281,1.7871264219284058
2022-09-12,1404.397216796875,25.06256866455078,79.15025329589844,1.1323683261871338,22.41588592529297,0.4300000071525574,,85.83970642089844,23.304885864257812,9.456201553344727,86.49884033203125,15.900273323059082,20.0,94.45671081542969,4.0,174.5946807861328,398.81890869140625,102.74089813232422,3.938960552215576,63.30101013183594,1.0111935138702393,546.9232788085938,20.119163513183594,67.0210952758789,46.79085922241211,342.08514404296875,1.7968391180038452
2022-09-13,1358.4495849609375,25.282920837402344,77.48129272460938,1.1323683261871338,23.423879623413086,0.4291999936103821,,84.0579605102539,22.710283279418945,9.202587127685547,86.02002716064453,16.576879501342773,19.600000381469727,93.36430358886719,3.799999952316284,171.4122314453125,393.24700927734375,101.2835693359375,4.0175275802612305,64.17550659179688,1.0070322751998901,540.5089721679688,19.834793090820312,64.95442962646484,45.85164260864258,341.1112365722656,1.7871264219284058
2022-09-14,1326.9854736328125,24.591018676757812,77.31979370117188,1.1323683261871338,24.863872528076172,0.4230000078678131,,83.3886947631836,22.45291519165039,9.10295295715332,84.01271057128906,16.77019691467285,19.25,91.17945861816406,3.880000114440918,169.73257446289062,383.99188232421875,99.63312530517578,4.119451522827148,63.28566360473633,1.0153547525405884,540.9367065429688,19.71038055419922,64.12065887451172,45.88161849975586,336.97216796875,1.7871264219284058
2022-09-15,1330.9810791015625,24.370668411254883,76.50323486328125,1.1323683261871338,23.61587905883789,0.4300000071525574,,82.48424530029297,22.115678787231445,8.985204696655273,84.1968765258789,16.43189239501953,19.0,91.06645202636719,3.799999952316284,166.99208068847656,373.9812927246094,98.86056518554688,4.070612907409668,63.623191833496094,1.0070322751998901,530.6737670898438,19.16830062866211,63.95213317871094,45.3520622253418,340.5431213378906,1.7871264219284058
2022-09-16,1322.990234375,24.36626434326172,76.06358337402344,1.1412149667739868,23.03988265991211,0.4300000071525574,,80.90150451660156,22.000308990478516,8.93991470336914,82.79727935791016,16.86685562133789,18.979999542236328,88.3165512084961,3.75,165.40089416503906,368.692626953125,97.40324401855469,3.9517018795013428,63.101566314697266,0.9987096786499023,520.838623046875,18.350736618041992,63.87229537963867,45.13224792480469,331.291015625,1.7871264219284058
2022-09-19,,24.31338119506836,78.36064147949219,1.1412149667739868,24.191877365112305,0.4300000071525574,,82.52948760986328,22.310922622680664,8.9942626953125,83.4050064086914,16.43189239501953,18.040000915527344,,,166.9479217529297,370.20367431640625,98.25481414794922,3.9856762886047363,63.04019546508789,0.9779031276702881,525.11474609375,18.43071746826172,64.25370025634766,45.30210494995117,331.3721618652344,1.7871264219284058
2022-09-20,1319.4942626953125,23.97844696044922,77.8402099609375,1.145638346672058,23.471881866455078,0.42500001192092896,,81.5888900756836,22.00918197631836,8.903684616088867,82.17113494873047,17.398475646972656,17.68000030517578,87.29947662353516,3.799999952316284,161.9089813232422,358.2098083496094,96.54291534423828,3.9835524559020996,62.9634895324707,0.9862257242202759,511.858642578125,18.715087890625,63.712646484375,45.18220520019531,326.8272705078125,1.7871264219284058
2022-09-21,1321.491943359375,23.907934188842773,77.16726684570312,1.1412149667739868,21.88788604736328,0.421999990940094,,80.94672393798828,21.565448760986328,8.695359230041504,82.7052001953125,16.77019691467285,17.200000762939453,89.40898895263672,3.6500000953674316,161.9089813232422,365.1039733886719,95.61233520507812,4.055749416351318,62.48788070678711,0.9779031276702881,509.2929382324219,18.972797393798828,63.26028060913086,45.491943359375,325.4475402832031,1.7482757568359375
2022-09-22,1331.48046875,24.06658935546875,77.23005676269531,1.150061845779419,23.03988265991211,0.4219000041484833,,79.86141967773438,21.89381217956543,8.912742614746094,83.4786605834961,17.350147247314453,18.25,91.38664245605469,3.5799999237060547,163.27920532226562,354.8100280761719,96.18296813964844,4.030267715454102,62.91746520996094,0.982064425945282,508.01007080078125,18.679540634155273,62.98530197143555,45.62183380126953,329.6678161621094,1.7677011489868164
2022-09-23,1288.5294189453125,23.608257293701172,73.26402282714844,1.145638346672058,22.89588165283203,0.41499999165534973,,75.2397689819336,21.050718307495117,8.66818618774414,81.69232940673828,17.060171127319336,17.399999618530273,88.58025360107422,3.5,157.9308624267578,354.4322204589844,95.56843566894531,3.7457284927368164,62.73335266113281,0.982064425945282,500.7405700683594,17.213258743286133,62.036216735839844,43.81334686279297,312.54327392578125,1.757988452911377
2022-09-26,1277.21240234375,23.476049423217773,73.1384048461914,1.1589082479476929,21.023893356323242,0.41200000047683716,,74.09114074707031,21.077342987060547,8.432686805725098,82.24479675292969,17.060171127319336,17.940000534057617,88.14950561523438,3.5,153.33392333984375,361.8929748535156,94.06721496582031,3.7924439907073975,62.18104553222656,0.9737418293952942,484.9187316894531,16.880014419555664,61.15808868408203,43.78337478637695,318.4678649902344,1.757988452911377
2022-09-27,1275.5443115234375,23.76250648498535,72.5192642211914,1.1544849872589111,21.455890655517578,0.40790000557899475,,74.3534164428711,21.13946533203125,8.342109680175781,82.9998550415039,16.576879501342773,18.3799991607666,87.6479263305664,3.549999952316284,150.32826232910156,356.6988220214844,93.50536346435547,3.8582701683044434,62.380489349365234,0.9862257242202759,466.103515625,17.13772201538086,60.81216812133789,43.2737922668457,319.6040954589844,1.7482757568359375
2022-09-28,1287.53076171875,23.68758773803711,74.39462280273438,1.150061845779419,21.119892120361328,0.4066999852657318,,75.88191223144531,21.458955764770508,8.523262977600098,82.7236099243164,16.28690528869629,17.989999771118164,86.23530578613281,3.549999952316284,121.90689086914062,359.4375305175781,95.41040802001953,3.917726516723633,59.68030548095703,0.9779031276702881,324.81854248046875,16.720054626464844,60.83877182006836,44.203025817871094,309.7027282714844,1.7677011489868164
2022-09-29,1235.5899658203125,22.92517852783203,72.33084106445312,1.1633317470550537,20.831893920898438,0.4016000032424927,,74.38054656982422,21.02409553527832,8.514204978942871,82.2816390991211,16.480222702026367,17.399999618530273,85.02045440673828,3.680000066757202,118.06139373779297,353.8656311035156,95.5069808959961,3.9283432960510254,60.12522506713867,0.9779031276702881,321.3976135253906,16.76448631286621,59.29541778564453,44.67263412475586,305.88824462890625,1.7677011489868164
2022-09-30,1260.0618896484375,23.03535270690918,72.18727111816406,1.150061845779419,19.9678955078125,0.3986999988555908,,74.67902374267578,20.669109344482422,8.523262977600098,82.74201965332031,16.335235595703125,16.989999771118164,85.67967987060547,3.740000009536743,122.43732452392578,361.8929748535156,94.47106170654297,3.987799644470215,60.754241943359375,0.9862257242202759,314.0426025390625,17.23991584777832,58.47937774658203,43.80335998535156,311.0823669433594,1.7482757568359375
2022-10-03,1261.06103515625,22.911956787109375,74.50228118896484,1.150061845779419,21.311891555786133,0.4000000059604645,,76.32508087158203,20.837726593017578,8.487031936645508,82.37370300292969,15.755284309387207,17.0,85.56668853759766,3.700000047683716,125.92918395996094,367.08721923828125,94.3744888305664,4.193771839141846,59.57291030883789,0.9779031276702881,344.1468811035156,17.915294647216797,59.18010330200195,44.08312225341797,316.276611328125,1.7482757568359375
2022-10-04,1307.5079345703125,23.198410034179688,76.89805603027344,1.145638346672058,20.543895721435547,0.39399999380111694,,79.7076416015625,21.991436004638672,8.876511573791504,84.65727233886719,16.141918182373047,19.399999618530273,89.635009765625,3.75,124.5147476196289,378.4199523925781,96.27953338623047,4.387003421783447,60.677528381347656,0.9779031276702881,308.7401123046875,18.803953170776367,59.836483001708984,45.2321662902832,320.6591796875,1.7288504838943481
2022-10-05,1273.04736328125,22.845849990844727,77.40950775146484,1.150061845779419,20.879892349243164,0.3944999873638153,,79.35493469238281,21.65419578552246,8.686301231384277,84.12321472167969,16.528553009033203,18.700000762939453,85.69852447509766,3.75,122.26050567626953,375.775634765625,95.59477233886719,4.416731834411621,59.005252838134766,0.982064425945282,288.3855285644531,18.20855140686035,59.10914611816406,44.582706451416016,317.25048828125,1.7482757568359375
2022-10-06,1256.0665283203125,22.541770935058594,76.94291687011719,1.1544849872589111,21.263893127441406,0.39629998803138733,,78.00732421875,21.46782875061035,8.459859848022461,82.41055297851562,16.528553009033203,19.450000762939453,86.19764709472656,3.75,121.99529266357422,373.69793701171875,93.76873016357422,4.40611457824707,58.729103088378906,0.982064425945282,287.7013244628906,18.50181007385254,58.11570739746094,43.69345474243164,318.224365234375,1.7385631799697876
2022-10-07,1247.5762939453125,22.554988861083984,76.66476440429688,1.1544849872589111,21.98388671875,0.38999998569488525,,77.34707641601562,21.183841705322266,8.360223770141602,82.35529327392578,16.528553009033203,19.920000076293945,84.51192474365234,3.609999895095825,120.2714614868164,357.64324951171875,93.18931579589844,4.510162830352783,58.69841766357422,0.982064425945282,276.583251953125,18.617334365844727,56.66991424560547,43.31376647949219,334.3750305175781,1.7385631799697876
2022-10-10,1273.546630859375,23.25570297241211,77.714599609375,1.150061845779419,21.407888412475586,0.391400009393692,,78.32389068603516,20.988595962524414,8.387397766113281,81.1214370727539,16.818527221679688,18.81999969482422,87.25239562988281,3.75,122.7909164428711,350.0880126953125,92.8820571899414,4.580235958099365,58.71376037597656,0.982064425945282,283.0830383300781,19.719268798828125,56.85618591308594,43.203857421875,339.0822448730469,1.7385631799697876
2022-10-11,1273.546630859375,23.81098175048828,77.43643188476562,1.1544849872589111,21.69588851928711,0.39079999923706055,,77.96208190917969,21.52107810974121,8.405513763427734,82.96302032470703,16.721866607666016,19.350000381469727,84.00337982177734,3.740000009536743,123.9401626586914,341.6828918457031,92.53089141845703,4.514410018920898,59.511539459228516,0.982064425945282,283.2541198730469,18.74174690246582,56.723140716552734,43.28379440307617,333.3199768066406,1.7385631799697876
2022-10-12,1248.5750732421875,23.700807571411133,77.19416809082031,1.150061845779419,21.407888412475586,0.38600000739097595,,79.22831726074219,21.671945571899414,8.396456718444824,83.82855987548828,16.62520980834961,19.200000762939453,83.8809585571289,3.740000009536743,121.15545654296875,347.0659484863281,93.24199676513672,4.476187705993652,58.86717987060547,0.982064425945282,277.4384765625,17.662031173706055,56.572349548339844,43.48362731933594,331.291015625,1.7385631799697876
2022-10-13,1285.0335693359375,24.088623046875,79.7155532836914,1.1544849872589111,21.935888290405273,0.39489999413490295,,81.71548461914062,22.089054107666016,8.514204978942871,83.16559600830078,16.335235595703125,18.420000076293945,82.70339965820312,3.5999999046325684,122.39310455322266,339.69964599609375,92.53089141845703,4.584482669830322,58.20746994018555,0.9779031276702881,278.806884765625,18.448490142822266,58.053619384765625,43.64349365234375,337.70257568359375,1.7385631799697876
2022-10-14,1299.51708984375,24.212018966674805,74.81632995605469,1.1412149667739868,21.69588851928711,0.3944999873638153,,76.86772918701172,21.884939193725586,8.432686805725098,83.68122100830078,16.86685562133789,18.899999618530273,83.46891784667969,3.7100000381469727,120.7576675415039,347.72705078125,91.58275604248047,4.31056022644043,58.391571044921875,0.9779031276702881,269.22821044921875,17.533174514770508,57.5125617980957,43.2138557434082,330.1547546386719,1.7385631799697876
2022-10-17,1322.49072265625,24.159133911132812,76.95189666748047,1.1412149667739868,21.311891555786133,0.39500001072883606,,79.44537353515625,22.03580665588379,8.613839149475098,83.66281127929688,16.238576889038086,18.799999237060547,85.90719604492188,3.5999999046325684,126.68063354492188,355.7544250488281,94.20768737792969,4.33391809463501,59.174015045166016,0.9570966958999634,285.3066711425781,18.013050079345703,58.37294006347656,43.943241119384766,331.7779235839844,1.7385631799697876
2022-10-18,1325.98681640625,24.36626434326172,78.75544738769531,1.1544849872589111,20.68789291381836,0.39489999413490295,,80.7658462524414,22.1334285736084,8.731590270996094,83.5339126586914,16.43189239501953,18.549999237060547,86.70105743408203,3.5199999809265137,124.86836242675781,360.9486083984375,95.2962875366211,4.34241247177124,59.77235412597656,0.9737418293952942,277.60955810546875,18.723974227905273,58.275367736816406,44.15306854248047,343.3025207519531,1.7288504838943481
2022-10-19,1320.492919921875,24.383893966674805,79.27587890625,1.1412149667739868,19.9678955078125,0.39399999380111694,,81.94161224365234,21.183841705322266,8.514204978942871,80.69788360595703,16.335235595703125,17.899999618530273,83.92255401611328,3.4000000953674316,121.95110321044922,353.1101379394531,93.12786865234375,4.393373966217041,59.94111251831055,0.9779031276702881,277.0964050292969,18.466262817382812,57.672210693359375,43.76340103149414,346.2242736816406,1.7385631799697876
2022-10-20,1330.481689453125,24.084217071533203,79.2579345703125,1.145638346672058,19.180702209472656,0.39500001072883606,,81.24519348144531,20.42949104309082,8.505147933959961,79.42719268798828,16.673540115356445,17.170000076293945,83.65792846679688,3.3399999141693115,125.22196197509766,356.6044006347656,92.35530853271484,4.567495822906494,59.66495895385742,0.982064425945282,275.2148742675781,19.674833297729492,57.299678802490234,43.48362731933594,369.111083984375,1.7385631799697876
2022-10-21,1318.495361328125,24.163541793823242,80.47825622558594,1.1367915868759155,18.719905853271484,0.39480000734329224,,82.12250518798828,20.775604248046875,8.586666107177734,78.81947326660156,16.190248489379883,16.799999237060547,84.02649688720703,3.4000000953674316,122.08370208740234,351.5990905761719,92.91716003417969,4.499546527862549,59.020599365234375,0.9779031276702881,269.91241455078125,19.35491943359375,57.76091384887695,44.52275085449219,370.65313720703125,1.7385631799697876
2022-10-24,1329.9822998046875,24.621870040893555,80.11035919189453,1.1412149667739868,18.873502731323242,0.39570000767707825,,82.40287780761719,21.121715545654297,8.740647315979004,80.21907043457031,15.948601722717285,17.270000457763672,85.39685821533203,3.2300000190734863,121.24386596679688,359.1542053222656,94.0496597290039,4.4676947593688965,59.465511322021484,0.9779031276702881,266.83355712890625,19.550424575805664,57.76091384887695,44.412845611572266,382.7458190917969,1.7385631799697876
2022-10-25,1353.9549560546875,24.802555084228516,81.77933502197266,1.1412149667739868,18.719905853271484,0.39489999413490295,,83.1806869506836,21.281457901000977,8.822165489196777,81.19510650634766,16.09358787536621,17.139999389648438,88.39273834228516,3.25,124.5589370727539,371.52587890625,95.4455337524414,4.448583602905273,59.72632598876953,0.9737418293952942,269.3992614746094,19.49710464477539,59.45507049560547,45.092281341552734,371.2212219238281,1.7385631799697876
2022-10-26,1368.9378662109375,24.749675750732422,83.97769927978516,1.1412149667739868,20.11189842224121,0.39469999074935913,,89.00523376464844,20.944223403930664,8.81310749053955,76.81214904785156,15.996931076049805,17.0,87.5705337524414,3.3499999046325684,130.17250061035156,377.0033874511719,96.13028717041016,4.514703273773193,59.28141403198242,0.9737418293952942,288.8986511230469,20.616809844970703,60.15581130981445,44.94240188598633,374.9545593261719,1.7385631799697876
2022-10-27,1366.93994140625,24.77170753479004,84.46223449707031,1.150061845779419,19.77589988708496,0.39399999380111694,,88.50778198242188,21.08621597290039,9.09389591217041,76.68324279785156,16.141918182373047,17.18000030517578,84.60298919677734,3.3499999046325684,129.8631134033203,371.52587890625,93.66339111328125,4.4590229988098145,54.862918853759766,0.9654192924499512,286.16192626953125,20.18136978149414,59.77438735961914,44.66263198852539,374.2241516113281,1.7385631799697876
2022-10-28,1331.97998046875,24.762893676757812,85.13521575927734,1.1412149667739868,19.9678955078125,0.39340001344680786,,87.5129165649414,20.961973190307617,9.075780868530273,77.4751205444336,16.190248489379883,16.959999084472656,86.31358337402344,3.3499999046325684,130.7471466064453,368.0315856933594,95.419189453125,4.398703098297119,54.00376892089844,0.9612579941749573,281.2015380859375,19.772586822509766,60.88312530517578,45.70176696777344,373.8995056152344,1.7385631799697876
2022-10-31,1347.961669921875,24.89950942993164,87.01953125,1.150061845779419,18.66230583190918,0.399399995803833,,89.26751708984375,20.8288516998291,9.021434783935547,77.89867401123047,14.740374565124512,16.549999237060547,84.92431640625,2.950000047683716,137.06790161132812,373.69793701171875,95.4367446899414,4.4915032386779785,53.819671630859375,0.9612579941749573,301.21405029296875,19.870338439941406,60.62590408325195,45.471954345703125,376.5777587890625,1.7385631799697876
2022-11-01,1378.92626953125,24.895103454589844,87.5130386352539,,,,,90.2352523803711,20.819976806640625,9.003318786621094,76.60957336425781,,,82.58052825927734,2.809999942779541,137.2447052001953,368.59820556640625,95.22605895996094,4.486863613128662,52.807090759277344,,290.43804931640625,20.172483444213867,60.31545639038086,45.461971282958984,375.1169128417969,
2022-11-02,1377.4281005859375,24.780519485473633,85.96072387695312,,18.604705810546875,,,89.70162963867188,20.544862747192383,8.849339485168457,75.98345184326172,14.692045211791992,17.0,81.97570037841797,3.2799999713897705,135.34405517578125,368.31488037109375,94.87489318847656,4.533263683319092,52.73038864135742,,293.3458557128906,20.510169982910156,59.81874084472656,44.882450103759766,372.92559814453125,
2022-11-03,1379.92529296875,24.828996658325195,86.39143371582031,1.1412149667739868,18.892704010009766,0.3993000090122223,,89.29464721679688,20.473865509033203,8.81310749053955,76.35175323486328,14.595388412475586,17.579999923706055,82.8829574584961,2.869999885559082,135.52084350585938,373.036865234375,93.54048919677734,4.526303291320801,52.346832275390625,0.9570966958999634,288.8986511230469,19.106094360351562,59.038185119628906,44.582706451416016,370.40966796875,1.7288504838943481
2022-11-04,1421.87744140625,24.842220306396484,85.41336822509766,1.1323683261871338,18.969501495361328,0.39820000529289246,,90.0181884765625,21.565448760986328,9.066722869873047,77.12522888183594,14.982020378112793,18.0,82.97747039794922,2.9100000858306885,137.28890991210938,372.4702453613281,95.74401092529297,4.58198356628418,52.254783630371094,0.9570966958999634,285.9908447265625,19.04388999938965,59.69455337524414,46.24132537841797,375.7661437988281,1.7288504838943481
2022-11-07,1426.871826171875,25.102231979370117,85.78125762939453,1.1323683261871338,18.56630516052246,0.399399995803833,,93.34650421142578,21.87606430053711,8.93991470336914,77.14363861083984,15.223665237426758,18.15999984741211,82.27811431884766,3.049999952316284,138.74754333496094,360.85418701171875,95.4367446899414,4.324463844299316,52.346832275390625,0.9570966958999634,281.8857421875,19.319372177124023,59.65907669067383,46.26129913330078,375.5226745605469,1.7288504838943481
2022-11-08,1456.3380126953125,25.304954528808594,86.49012756347656,1.1323683261871338,18.43190574645996,0.3995000123977661,,94.56748962402344,21.911561965942383,8.976146697998047,76.66482543945312,15.320323944091797,17.40999984741211,83.63902282714844,3.049999952316284,138.3497314453125,369.8258972167969,95.81424713134766,4.2571845054626465,51.794517517089844,0.9487740993499756,285.6487731933594,19.603740692138672,60.075965881347656,46.59103012084961,378.606689453125,1.6997126340866089
2022-11-09,1507.27978515625,25.697174072265625,83.50213623046875,1.1323683261871338,19.9678955078125,0.39800000190734863,,90.37997436523438,21.414579391479492,9.01237678527832,77.95393371582031,15.465311050415039,18.190000534057617,85.05662536621094,3.200000047683716,137.2447052001953,371.3369445800781,96.5780258178711,4.303584098815918,51.96328353881836,0.9570966958999634,286.5039978027344,19.088321685791016,56.86505889892578,46.12141418457031,380.879150390625,1.7191379070281982
2022-11-10,1535.747314453125,25.06256866455078,84.59683990478516,1.1235216856002808,19.631900787353516,0.399399995803833,,92.42399597167969,22.275423049926758,9.184473037719727,79.24302673339844,14.982020378112793,18.3799991607666,87.1925048828125,3.299999952316284,138.04034423828125,395.6080322265625,99.8174819946289,4.268784046173096,51.96328353881836,0.9570966958999634,283.9382629394531,19.337146759033203,58.94948196411133,47.500267028808594,376.7400817871094,1.7288504838943481
2022-11-11,1554.2265625,24.09743881225586,83.5111083984375,1.1323683261871338,,0.3982999920845032,,91.8089599609375,22.532787322998047,9.320338249206543,79.095703125,,,87.89185333251953,3.1500000953674316,135.4324493408203,394.9468688964844,100.78317260742188,4.261824607849121,51.85588836669922,0.9487740993499756,288.55657958984375,18.848384857177734,59.79212951660156,47.120582580566406,379.58062744140625,1.7385631799697876
2022-11-14,1560.2196044921875,24.419145584106445,84.59683990478516,1.1471498012542725,23.183883666992188,0.38679999113082886,,89.41221618652344,22.568288803100586,9.37468433380127,79.42719268798828,16.43189239501953,21.65999984741211,86.00170135498047,3.299999952316284,137.2447052001953,390.885986328125,100.33544921875,4.1597442626953125,51.99396896362305,0.9487740993499756,290.609130859375,19.772586822509766,57.50368881225586,47.41033935546875,376.9835510253906,1.7385631799697876
2022-11-15,1554.2265625,24.331008911132812,85.18256378173828,1.133547306060791,23.03988265991211,0.38850000500679016,,90.2261962890625,22.532787322998047,9.34751033782959,79.70343017578125,16.141918182373047,21.0,89.17716217041016,3.5,136.05125427246094,389.8471374511719,99.8174819946289,4.215424537658691,51.8252067565918,0.9737418293952942,293.1748352050781,19.390464782714844,57.069061279296875,47.87995147705078,379.1748046875,1.7191379070281982
2022-11-16,1526.7576904296875,24.472030639648438,85.77726745605469,1.1380815505981445,22.175888061523438,0.3889000117778778,,89.90966033935547,22.887775421142578,9.465259552001953,80.4032211303711,16.141918182373047,19.399999618530273,88.06196594238281,3.450000047683716,140.1177978515625,379.9309387207031,100.5197982788086,4.224704265594482,52.10136413574219,0.9654192924499512,305.490234375,18.63510513305664,57.23759841918945,48.429481506347656,374.7110595703125,1.7385631799697876
2022-11-17,1520.26513671875,24.203205108642578,85.2456283569336,1.142615556716919,21.023893356323242,0.38600000739097595,,90.55133056640625,22.41741943359375,9.410914421081543,80.25589752197266,15.900273323059082,18.600000381469727,88.07142639160156,3.450000047683716,137.6867218017578,381.0643005371094,101.24845886230469,4.099424362182617,51.99396896362305,0.9695805311203003,303.60870361328125,18.20855140686035,58.00040817260742,48.511131286621094,368.54296875,1.757988452911377
2022-11-18,1532.25146484375,24.322195053100586,85.74124908447266,1.151684045791626,21.167888641357422,0.3869999945163727,,91.65259552001953,22.568288803100586,9.320338249206543,80.93728637695312,16.141918182373047,18.600000381469727,88.02416229248047,3.450000047683716,134.37973022460938,379.74212646484375,102.03858184814453,4.120305061340332,52.36217498779297,0.9737418293952942,292.319580078125,18.350736618041992,58.11570739746094,48.591766357421875,371.5458679199219,1.757988452911377
2022-11-21,1503.2845458984375,24.560171127319336,86.60630798339844,1.1471498012542725,21.023893356323242,0.3889000117778778,,92.18049621582031,22.435169219970703,9.419971466064453,82.48421478271484,16.43189239501953,18.559999465942383,88.00526428222656,3.359999895095825,135.09475708007812,376.1533508300781,103.09204864501953,4.127264976501465,52.239437103271484,0.9695805311203003,289.0697326660156,17.915294647216797,59.20671081542969,49.075565338134766,368.13720703125,1.757988452911377
2022-11-22,1518.267333984375,24.564579010009766,88.01206970214844,1.1652865409851074,20.975893020629883,0.38989999890327454,,92.45353698730469,22.1955509185791,9.47431755065918,82.02381134033203,16.43189239501953,18.639999389648438,87.36261749267578,3.25,135.00540161132812,375.39788818359375,103.6539077758789,4.373183727264404,52.73038864135742,0.9695805311203003,279.8331604003906,18.63510513305664,59.71229934692383,49.488807678222656,374.46759033203125,1.7677011489868164
2022-11-23,1558.2218017578125,24.639495849609375,87.2100601196289,1.151684045791626,19.72789764404297,0.3977999985218048,,92.08949279785156,22.168926239013672,9.492431640625,81.83965301513672,15.996931076049805,18.0,89.15824890136719,3.450000047683716,135.22885131835938,379.6476745605469,104.71617126464844,4.410303592681885,52.42354202270508,0.9487740993499756,280.517333984375,18.34185028076172,59.5526237487793,49.922210693359375,374.46759033203125,1.7968391180038452
2022-11-24,1581.195556640625,24.643905639648438,,1.151684045791626,19.919898986816406,0.39980000257492065,,,,,81.96855926513672,16.04526138305664,18.100000381469727,86.94677734375,3.4000000953674316,138.26766967773438,386.3529052734375,,4.517023086547852,53.28269958496094,0.9737418293952942,290.09600830078125,18.857271194458008,,,377.0646667480469,1.7968391180038452
2022-11-25,1587.6881103515625,24.79374122619629,87.76876068115234,1.151684045791626,20.06389808654785,0.4018000066280365,,92.63556671142578,22.381919860839844,9.501490592956543,82.1343002319336,15.755284309387207,18.0,90.72708129882812,3.5,138.66983032226562,385.0307312011719,104.70738983154297,4.626062870025635,53.267356872558594,0.9695805311203003,291.80645751953125,19.106094360351562,59.721160888671875,50.05324172973633,379.49945068359375,1.8065516948699951
2022-11-28,1573.7039794921875,24.767297744750977,86.73249053955078,1.151684045791626,19.82390022277832,0.40049999952316284,,93.1816635131836,21.991436004638672,9.39279842376709,81.37926483154297,15.755284309387207,18.0,88.08087158203125,3.25,137.91015625,391.9248352050781,104.82152557373047,4.653902530670166,53.15996170043945,0.9321289658546448,288.55657958984375,19.088321685791016,58.12458801269531,49.98268508911133,378.44439697265625,1.757988452911377
2022-11-29,1583.1932373046875,24.62627601623535,86.9126968383789,1.178889274597168,19.439899444580078,0.4009999930858612,,94.80175018310547,22.257673263549805,9.429028511047363,81.67391967773438,15.658628463745117,18.190000534057617,81.08732604980469,3.4000000953674316,137.32919311523438,387.1083984375,102.82868194580078,4.633022785186768,53.2213249206543,0.9612579941749573,284.6224670410156,18.74174690246582,58.940616607666016,49.851654052734375,377.6327819824219,1.7968391180038452
2022-11-30,1579.1978759765625,24.51610565185547,87.85887908935547,1.169820785522461,19.77589988708496,0.4009000062942505,,95.42064666748047,22.390792846679688,9.483375549316406,81.28718566894531,15.41698169708252,18.280000686645508,83.05307006835938,3.3499999046325684,137.32919311523438,387.58056640625,104.46157836914062,4.7072625160217285,53.66624450683594,0.9654192924499512,295.2273864746094,18.63510513305664,59.217586517333984,50.77893829345703,365.2154541015625,1.7871264219284058
2022-12-01,1585.6903076171875,24.79374122619629,82.28997802734375,1.187957525253296,19.72789764404297,0.39570000767707825,,90.05074310302734,22.444042205810547,9.646413803100586,83.95747375488281,16.528553009033203,17.950000762939453,86.71051025390625,3.3499999046325684,139.1167449951172,401.7465515136719,105.89256286621094,4.621423244476318,53.574195861816406,0.9612579941749573,296.0826416015625,18.439603805541992,58.50282669067383,51.55504608154297,364.9720153808594,1.7871264219284058
2022-12-02,1665.5992431640625,24.815776824951172,82.64141845703125,1.187957525253296,20.06389808654785,0.39500001072883606,,86.31000518798828,22.985397338867188,9.755105018615723,84.25211334228516,16.28690528869629,18.0,84.11156463623047,3.2799999713897705,138.53579711914062,404.1075439453125,105.62919616699219,4.521663188934326,53.5588493347168,0.9570966958999634,295.9115905761719,18.19966697692871,58.985294342041016,51.907814025878906,365.62127685546875,1.7871264219284058
2022-12-05,1666.59814453125,24.639495849609375,81.79434967041016,1.2015600204467773,20.255895614624023,0.39399999380111694,,84.9356689453125,22.50616455078125,9.546778678894043,82.300048828125,16.480222702026367,18.389999389648438,86.00170135498047,3.3299999237060547,137.91015625,394.096923828125,103.1271743774414,4.514703273773193,53.23667526245117,0.9529353976249695,295.7405090332031,18.048593521118164,57.86848068237305,51.39377212524414,367.8937072753906,1.7871264219284058
2022-12-06,1667.5970458984375,24.965614318847656,81.86644744873047,1.2015600204467773,20.351896286010742,0.397599995136261,,86.89249420166016,22.381919860839844,9.610182762145996,83.12875366210938,16.28690528869629,18.329999923706055,81.238525390625,3.299999952316284,135.85447692871094,396.6468200683594,103.14472961425781,4.593582630157471,53.39008712768555,0.9529353976249695,293.5169372558594,18.306304931640625,57.31454849243164,51.5752067565918,358.88507080078125,1.7968391180038452
2022-12-07,1664.6004638671875,24.95680046081543,83.95703887939453,1.187957525253296,20.351896286010742,0.3977000117301941,,86.92890167236328,22.426292419433594,9.573952674865723,82.5947036743164,16.238576889038086,18.010000228881836,84.41397857666016,3.299999952316284,134.78192138671875,405.7130432128906,102.0122299194336,4.215424537658691,53.466800689697266,0.9529353976249695,293.3458557128906,17.01775360107422,56.948238372802734,51.2224235534668,356.3939514160156,1.7968391180038452
2022-12-08,1652.6141357421875,25.053756713867188,83.26317596435547,1.187957525253296,19.9678955078125,0.3971000015735626,,87.7025375366211,22.65703582763672,9.483375549316406,82.8156967163086,16.190248489379883,18.0,80.19895935058594,3.3499999046325684,135.36285400390625,401.3688049316406,102.60921478271484,4.294304370880127,53.05257034301758,0.9529353976249695,301.21405029296875,17.168825149536133,57.05544662475586,50.799102783203125,354.73321533203125,1.7968391180038452
2022-12-09,1637.1318359375,25.16392707824707,82.79461669921875,1.178889274597168,19.919898986816406,0.39980000257492065,,86.92890167236328,22.807903289794922,9.546778678894043,82.63153076171875,15.996931076049805,17.780000686645508,81.04951477050781,3.299999952316284,139.16146850585938,407.0351867675781,102.34584045410156,4.354623794555664,53.819671630859375,0.9238064289093018,308.3980407714844,17.413204193115234,56.95716857910156,50.74871063232422,359.1341552734375,1.7677011489868164
2022-12-12,1609.16357421875,24.833404541015625,84.10121154785156,1.2060943841934204,20.73589515686035,0.40149998664855957,,86.89249420166016,22.825651168823242,9.483375549316406,82.79727935791016,15.948601722717285,18.209999084472656,80.95502471923828,3.380000114440918,142.1555938720703,345.0826721191406,102.74967193603516,4.231664180755615,53.466800689697266,0.9238064289093018,312.5031433105469,16.848909378051758,57.654056549072266,51.081321716308594,355.39752197265625,1.7774138450622559
2022-12-13,1621.6492919921875,24.754077911376953,84.01110076904297,1.2332994937896729,20.879892349243164,0.40149998664855957,,85.98234558105469,23.340383529663086,9.528663635253906,82.7236099243164,16.04526138305664,18.0,81.2196273803711,3.4000000953674316,144.7922821044922,347.3492736816406,103.1271743774414,4.259504795074463,54.464027404785156,0.9487740993499756,318.1477355957031,16.78670310974121,57.69873046875,51.061161041259766,360.2966613769531,1.7871264219284058
2022-12-14,1627.14306640625,24.44559097290039,83.6236343383789,1.215162754058838,20.495895385742188,0.4007999897003174,,87.58422088623047,23.51787757873535,9.58301067352295,82.31846618652344,15.948601722717285,17.969999313354492,82.86405944824219,3.4000000953674316,143.76443481445312,352.2601013183594,105.50629425048828,4.187584400177002,54.4793701171875,0.9487740993499756,316.437255859375,16.82669448852539,57.49323272705078,51.766700744628906,358.46990966796875,1.7774138450622559
2022-12-15,1570.4962158203125,24.17235565185547,83.28118896484375,1.1924917697906494,20.159896850585938,0.40119999647140503,,88.0574951171875,23.145139694213867,9.34751033782959,80.88203430175781,15.851943969726562,17.56999969482422,80.54863739013672,3.490000009536743,141.26182556152344,344.89385986328125,101.77519989013672,4.087824821472168,54.15719223022461,0.9487740993499756,312.8452453613281,16.862239837646484,55.90290451049805,50.940216064453125,354.31805419921875,1.7871264219284058
2022-12-16,1551.514404296875,23.929969787597656,83.18206787109375,1.1924917697906494,19.679899215698242,0.39959999918937683,,87.44768524169922,22.941022872924805,9.30222225189209,81.25033569335938,15.610298156738281,17.5,81.31414031982422,3.4000000953674316,141.1724395751953,332.8999938964844,100.78317260742188,4.029825687408447,54.111167907714844,0.9446128606796265,305.490234375,16.573427200317383,55.25068664550781,50.66807556152344,352.6573181152344,1.7677011489868164
2022-12-19,1560.505859375,24.044551849365234,83.48846435546875,1.197026014328003,19.583900451660156,0.3978999853134155,,87.54782104492188,22.95877456665039,9.483375549316406,81.28718566894531,15.465311050415039,17.399999618530273,81.33303833007812,3.5,143.13876342773438,338.37750244140625,101.59962463378906,4.008945465087891,54.111167907714844,0.9446128606796265,307.2007141113281,16.73782730102539,54.3304443359375,50.86965560913086,352.98944091796875,1.7677011489868164
2022-12-20,1541.5240478515625,24.234054565429688,83.74979400634766,1.2015600204467773,19.39190101623535,0.39750000834465027,,87.80265808105469,22.90552520751953,9.37468433380127,81.28718566894531,15.271995544433594,17.280000686645508,81.1440200805664,3.4100000858306885,144.1219482421875,336.20538330078125,101.14311218261719,4.022865295410156,54.019107818603516,0.9404515624046326,311.64794921875,16.88445472717285,54.83970260620117,51.05108642578125,350.9135437011719,1.7677011489868164
2022-12-21,1574.49267578125,24.414743423461914,84.9482650756836,1.1834232807159424,19.631900787353516,0.39579999446868896,,89.00405883789062,23.180641174316406,9.492431640625,82.2632064819336,15.175336837768555,17.299999237060547,81.74886322021484,3.509999990463257,148.1439208984375,337.5275573730469,102.3546142578125,4.008945465087891,54.279930114746094,0.9446128606796265,324.64752197265625,16.82669448852539,54.2857666015625,51.51472473144531,356.06182861328125,1.757988452911377
2022-12-22,1566.999755859375,24.502880096435547,84.2453842163086,1.215162754058838,19.77589988708496,0.3930000066757202,,88.3851547241211,23.420255661010742,9.546778678894043,82.17113494873047,15.610298156738281,17.350000381469727,81.74886322021484,3.509999990463257,147.07139587402344,327.80023193359375,101.96834564208984,3.9509453773498535,53.89637756347656,0.9321289658546448,322.5949401855469,16.600086212158203,54.39297103881836,51.26274490356445,353.65374755859375,1.757988452911377
2022-12-23,1585.4820556640625,24.48965835571289,85.2636489868164,1.215162754058838,19.9678955078125,0.3935999870300293,,90.06893920898438,23.393632888793945,9.58301067352295,82.09748840332031,15.271995544433594,17.059999465942383,78.83804321289062,3.509999990463257,147.69708251953125,326.3836669921875,101.5206069946289,3.988065242767334,54.03445816040039,0.915483832359314,323.96331787109375,17.03553009033203,54.812896728515625,51.47440719604492,357.6395263671875,1.757988452911377
2022-12-27,,24.370668411254883,86.42610168457031,1.2196968793869019,19.487899780273438,0.3880000114440918,,91.54338836669922,23.553377151489258,9.58301067352295,82.18955993652344,15.271995544433594,17.049999237060547,,,148.0545654296875,327.1391906738281,101.83665466308594,3.9602251052856445,53.89637756347656,0.9404515624046326,324.13433837890625,17.026639938354492,55.116668701171875,51.51472473144531,358.2207336425781,1.757988452911377
2022-12-28,1586.9805908203125,24.106250762939453,84.36256408691406,1.2015600204467773,19.439899444580078,0.3889999985694885,,90.5604248046875,23.45575523376465,9.528663635253906,81.83965301513672,14.740374565124512,17.049999237060547,80.33126068115234,3.6500000953674316,149.0823974609375,331.3890075683594,101.5908432006836,3.8859856128692627,54.03445816040039,0.9238064289093018,329.7789306640625,16.520109176635742,54.66994094848633,50.8494987487793,355.39752197265625,1.7482757568359375
2022-12-29,1590.9765625,24.06658935546875,83.9119873046875,1.2196968793869019,19.583900451660156,0.3880000114440918,,90.82434844970703,23.51787757873535,9.628297805786133,81.9317398071289,14.885361671447754,17.149999618530273,79.99102783203125,3.700000047683716,149.26116943359375,332.3333435058594,102.670654296875,3.9184653759002686,54.525394439697266,0.9238064289093018,327.72637939453125,16.688953399658203,55.20601272583008,51.000694274902344,358.63592529296875,1.7482757568359375
2022-12-30,1574.49267578125,23.656740188598633,83.66869354248047,1.215162754058838,19.583900451660156,0.3889999985694885,,90.80615234375,23.54450225830078,9.528663635253906,80.91886138916016,15.078678131103516,17.540000915527344,80.33126068115234,3.75,149.43991088867188,332.3333435058594,101.25723266601562,3.8767058849334717,54.41800308227539,0.9321289658546448,329.0947265625,16.32904624938965,55.617000579833984,50.74871063232422,357.55645751953125,1.7482757568359375
2023-01-02,,23.833019256591797,,1.215162754058838,20.447895050048828,0.38989999890327454,,,,,81.02935791015625,15.465311050415039,18.280000686645508,,,147.20545959472656,337.1497802734375,,3.9022252559661865,54.31061553955078,0.9446128606796265,322.9370422363281,17.17327117919922,,,363.3690490722656,1.7482757568359375
2023-01-03,1625.4437255859375,24.123882293701172,80.78511810302734,1.2287653684616089,20.639896392822266,0.38960000872612,,86.98350524902344,23.62437629699707,9.564895629882812,82.2632064819336,15.465311050415039,18.25,80.33126068115234,3.740000009536743,152.38941955566406,339.4163513183594,102.46875,3.7514262199401855,54.7248420715332,0.9446128606796265,330.1210021972656,16.791147232055664,56.82315444946289,50.86965560913086,361.70831298828125,1.7482757568359375
2023-01-04,1670.900146484375,24.36626434326172,77.84745788574219,1.2514361143112183,20.927892684936523,0.384799987077713,,86.46472930908203,24.08585548400879,9.700759887695312,84.71251678466797,15.658628463745117,18.399999618530273,81.97570037841797,3.700000047683716,153.9088134765625,334.7887878417969,104.47036743164062,3.5611870288848877,55.81412887573242,0.9404515624046326,336.962890625,16.768932342529297,57.63618850708008,51.21234893798828,363.9502868652344,1.7482757568359375
2023-01-05,1742.831298828125,24.11065673828125,75.90106201171875,1.2786414623260498,21.311891555786133,0.3880000114440918,,84.80823516845703,24.103605270385742,9.69170093536377,84.89667510986328,16.04526138305664,18.489999771118164,81.46534729003906,3.700000047683716,156.14328002929688,327.705810546875,103.5485610961914,3.621506452560425,55.95220184326172,0.9404515624046326,339.1865234375,16.973323822021484,57.50217056274414,50.476566314697266,374.1638488769531,1.7482757568359375
2023-01-06,1769.3060302734375,24.128284454345703,77.45098114013672,1.2695729732513428,,0.391400009393692,,87.93917083740234,24.53846549987793,9.628297805786133,85.32022857666016,,,81.9378890991211,3.740000009536743,158.0648651123047,326.76141357421875,105.07611846923828,3.7073464393615723,56.51985549926758,0.9404515624046326,347.7388916015625,17.715349197387695,59.02996826171875,51.202266693115234,380.3916015625,1.7482757568359375
2023-01-09,1748.3260498046875,24.375076293945312,76.92832946777344,1.3013122081756592,21.98388671875,0.3930000066757202,,89.23159790039062,24.218976974487305,9.55583667755127,84.694091796875,15.900273323059082,18.5,81.46534729003906,3.7100000381469727,155.29417419433594,340.3607177734375,105.76087951660156,3.7328665256500244,56.24370193481445,0.9404515624046326,337.818115234375,18.075254440307617,58.70832443237305,51.353458404541016,382.6335754394531,1.757988452911377
2023-01-10,1752.8216552734375,24.11065673828125,77.70329284667969,1.3058465719223022,21.791889190673828,0.4050000011920929,,88.74920654296875,23.917236328125,9.68264389038086,83.0735092163086,15.41698169708252,18.299999237060547,82.01349639892578,3.75,155.29417419433594,334.5054931640625,106.19983673095703,3.7351863384246826,55.90617752075195,0.9446128606796265,340.38385009765625,17.924182891845703,58.59217834472656,51.4139404296875,378.3157043457031,1.7482757568359375
2023-01-11,1761.813232421875,24.542543411254883,78.1087875366211,1.2877097129821777,22.07988739013672,0.41100001335144043,,89.61384582519531,24.005983352661133,9.76416301727295,83.97587585449219,15.41698169708252,18.600000381469727,83.41220092773438,3.700000047683716,153.77474975585938,338.56640625,106.79680633544922,3.5356669425964355,55.84481430053711,0.9446128606796265,335.9366149902344,17.906410217285156,58.797664642333984,51.37361145019531,376.4888610839844,1.7774138450622559
2023-01-12,1799.77685546875,24.6042423248291,78.74858856201172,1.3058465719223022,22.41588592529297,0.41290000081062317,,91.50698852539062,24.46746826171875,9.746047973632812,84.4546890258789,15.368653297424316,18.700000762939453,85.13223266601562,3.700000047683716,155.7857666015625,333.18328857421875,107.29721069335938,3.6168665885925293,56.30507278442383,0.9487740993499756,341.41015625,18.457378387451172,57.92209243774414,51.6255989074707,379.0630187988281,1.8065516948699951
2023-01-13,1793.2830810546875,24.59983253479004,79.65870666503906,1.3013122081756592,21.791889190673828,0.41499999165534973,,91.39776611328125,24.65383529663086,9.81850814819336,84.67568969726562,15.320323944091797,18.579999923706055,83.8941879272461,3.75,155.5176239013672,330.5389709472656,108.1487808227539,3.5774264335632324,56.0749397277832,0.9487740993499756,340.0417785644531,18.448490142822266,58.05611038208008,51.84733581542969,375.0772399902344,1.8065516948699951
2023-01-16,1826.7510986328125,24.811368942260742,,1.3013122081756592,21.215892791748047,0.4129999876022339,,,,,84.16004180908203,15.465311050415039,18.690000534057617,83.83747863769531,3.6500000953674316,158.15428161621094,331.4834289550781,,3.614546775817871,55.99822998046875,0.9404515624046326,342.9495849609375,18.652881622314453,,,375.5754699707031,1.8065516948699951
2023-01-17,1851.72705078125,25.15070915222168,79.37935638427734,1.3103806972503662,21.455890655517578,0.40799999237060547,,92.10768127441406,25.328310012817383,9.854740142822266,84.436279296875,15.658628463745117,18.299999237060547,84.28166961669922,3.5199999809265137,159.00338745117188,331.10565185546875,108.90377807617188,3.772306203842163,56.25904083251953,0.982064425945282,347.5678405761719,20.101390838623047,58.39561080932617,51.494571685791016,379.9764404296875,1.7968391180038452
2023-01-18,1829.24853515625,24.573392868041992,76.59490203857422,1.3058465719223022,21.599889755249023,0.4138999879360199,,89.0950698852539,24.813579559326172,9.800393104553223,82.50261688232422,15.368653297424316,18.350000381469727,85.42521667480469,3.700000047683716,157.88612365722656,328.36688232421875,107.32354736328125,3.7862260341644287,55.90617752075195,0.9737418293952942,355.4360046386719,20.44796371459961,57.06438446044922,50.799102783203125,378.56475830078125,1.7677011489868164
2023-01-19,1812.264892578125,24.542543411254883,76.87425231933594,1.3058465719223022,20.831893920898438,0.4180000126361847,,89.5501480102539,25.38155746459961,9.936259269714355,83.64440155029297,15.175336837768555,18.0,83.25153350830078,3.640000104904175,157.66268920898438,327.9891357421875,107.64837646484375,3.7699859142303467,55.90617752075195,0.9779031276702881,357.3175048828125,19.541534423828125,56.72487258911133,50.7587890625,370.9254150390625,1.7482757568359375
2023-01-20,1824.7528076171875,24.591018676757812,76.36963653564453,1.2967780828475952,21.359891891479492,0.41999998688697815,,88.67639923095703,25.541301727294922,9.981547355651855,83.57073974609375,15.175336837768555,18.290000915527344,83.05307006835938,3.5999999046325684,158.19894409179688,332.3333435058594,107.25331115722656,3.788545608520508,56.13631057739258,0.9654192924499512,357.8306579589844,19.612628936767578,57.805931091308594,51.4139404296875,367.5208740234375,1.7482757568359375
2023-01-23,1867.7119140625,24.595426559448242,76.00919342041016,1.3013122081756592,21.69588851928711,0.41990000009536743,,87.05632781982422,25.62117576599121,9.954373359680176,83.69963836669922,15.175336837768555,18.200000762939453,81.663818359375,3.5899999141693115,157.34983825683594,334.5054931640625,107.50789642333984,3.823345899581909,56.473838806152344,0.9654192924499512,356.4622802734375,19.790361404418945,59.1014404296875,51.303062438964844,370.42718505859375,1.7677011489868164
2023-01-24,1830.24755859375,23.894718170166016,77.28877258300781,1.3058465719223022,21.551891326904297,0.41999998688697815,,87.89366149902344,25.5501766204834,9.936259269714355,83.82855987548828,15.223665237426758,18.299999237060547,81.3897476196289,3.4200000762939453,160.74623107910156,332.050048828125,107.0513916015625,3.6075868606567383,56.504512786865234,0.9654192924499512,375.2774658203125,19.319372177124023,58.28839874267578,51.02084732055664,369.1816101074219,1.757988452911377
2023-01-25,1833.244873046875,23.824203491210938,77.10855865478516,1.3058465719223022,21.69588851928711,0.421999990940094,,88.1758041381836,25.559051513671875,9.918143272399902,84.08637237548828,14.837034225463867,18.25,81.52206420898438,3.4000000953674316,164.45541381835938,331.2001037597656,107.8941879272461,3.5495870113372803,56.550537109375,0.9654192924499512,389.1322937011719,19.15052604675293,58.797664642333984,50.88981628417969,365.52801513671875,1.757988452911377
2023-01-26,1845.7327880859375,23.59503936767578,76.50480651855469,1.3285174369812012,22.99188232421875,0.41999998688697815,,90.78795623779297,25.283937454223633,9.827567100524902,84.03114318847656,14.933691024780273,19.200000762939453,82.39151763916016,3.5,163.5616455078125,328.93353271484375,104.87419128417969,3.6238269805908203,56.13631057739258,0.9695805311203003,394.60577392578125,19.914772033691406,58.51176071166992,50.516883850097656,370.84234619140625,1.7677011489868164
2023-01-27,1855.2237548828125,23.674365997314453,75.3603744506836,1.3511883020401,22.70388412475586,0.41999998688697815,,88.83113098144531,25.14194107055664,9.76416301727295,83.60757446289062,14.982020378112793,19.299999237060547,79.38618469238281,3.309999942779541,163.4722442626953,327.4224853515625,104.21577453613281,3.6261463165283203,56.15164566040039,0.982064425945282,386.56658935546875,19.914772033691406,58.717254638671875,50.21451187133789,373.0013427734375,1.757988452911377
2023-01-30,1864.215087890625,23.828611373901367,74.1168441772461,1.3602566719055176,22.799882888793945,0.41999998688697815,,88.34874725341797,24.991071701049805,9.890971183776855,84.27053833007812,14.015438079833984,18.670000076293945,81.3046875,3.390000104904175,165.93016052246094,335.35546875,105.10244750976562,3.6075868606567383,56.9801139831543,0.982064425945282,398.5398864746094,19.56819725036621,57.26987075805664,50.62776184082031,368.10211181640625,1.757988452911377
2023-01-31,1854.224609375,24.137100219726562,74.65751647949219,1.364790916442871,22.127885818481445,0.41999998688697815,,90.19635009765625,25.106443405151367,9.972490310668945,84.28895568847656,14.208754539489746,18.5,80.14224243164062,3.4000000953674316,164.50009155273438,335.1665344238281,107.29721069335938,3.6238269805908203,57.087501525878906,0.982064425945282,395.4610290527344,19.514875411987305,58.74406051635742,51.50464630126953,367.0226745605469,1.7677011489868164
2023-02-01,1873.2064208984375,23.996076583862305,75.12610626220703,1.382927656173706,21.839889526367188,0.41499999165534973,,91.12472534179688,25.85191535949707,10.135527610778809,85.15450286865234,14.54705810546875,18.1299991607666,81.90007781982422,3.390000104904175,166.8239288330078,338.0942077636719,107.69226837158203,3.6261463165283203,57.21023941040039,0.9695805311203003,397.34259033203125,19.12386703491211,58.19012451171875,51.585289001464844,367.9360656738281,1.7677011489868164
2023-02-02,1946.635986328125,24.070993423461914,74.1708984375,1.4055986404418945,21.74388885498047,0.421999990940094,,89.84140014648438,25.630046844482422,10.017777442932129,84.78617858886719,14.353742599487305,18.440000534057617,84.90541076660156,3.4000000953674316,160.38870239257812,338.0942077636719,105.35704803466797,3.563506603240967,57.19490051269531,0.9737418293952942,372.5407409667969,18.990571975708008,58.19012451171875,50.66807556152344,371.58966064453125,1.757988452911377
2023-02-03,1929.6524658203125,24.09743881225586,74.14387512207031,1.4373379945755005,22.07988739013672,0.42899999022483826,,89.26798248291016,25.630046844482422,9.94531536102295,85.61489868164062,14.54705810546875,18.299999237060547,82.99636840820312,3.390000104904175,159.8971405029297,345.6494140625,105.9891357421875,3.5194272994995117,57.3176383972168,0.9737418293952942,368.2645263671875,19.02611541748047,57.20732498168945,50.9200553894043,377.734375,1.7774138450622559
2023-02-06,1934.1480712890625,24.339818954467773,74.39618682861328,1.414667010307312,21.311891555786133,0.46959999203681946,,90.63324737548828,25.017698287963867,9.863798141479492,84.52836608886719,14.595388412475586,18.170000076293945,84.14936065673828,3.3499999046325684,160.7015380859375,340.8329162597656,105.55895233154297,3.4776668548583984,57.394351959228516,0.9903870820999146,373.3959655761719,18.928363800048828,54.57166290283203,50.66807556152344,371.83880615234375,1.7774138450622559
2023-02-07,1922.6591796875,24.040143966674805,74.4863052368164,1.4328038692474365,21.455890655517578,0.49300000071525574,,90.06893920898438,24.55621337890625,9.845682144165039,83.97587585449219,14.788703918457031,18.15999984741211,81.05897521972656,3.390000104904175,161.5506134033203,341.87176513671875,105.10244750976562,3.4683868885040283,57.256263732910156,0.9903870820999146,376.3037414550781,19.035001754760742,54.86650085449219,49.96253204345703,370.3441467285156,1.7774138450622559
2023-02-08,1927.1549072265625,24.11065673828125,73.93360900878906,1.4464062452316284,21.359891891479492,0.5559999942779541,,89.36812591552734,24.06810760498047,9.827567100524902,84.41786193847656,14.498729705810547,18.149999618530273,82.8735122680664,3.390000104904175,162.8466033935547,341.5885009765625,105.3219223022461,3.5263867378234863,57.48640060424805,1.0153547525405884,380.9220275878906,19.186073303222656,53.58887481689453,50.04316711425781,382.96575927734375,1.7677011489868164
2023-02-09,1926.6553955078125,24.27371597290039,73.02757263183594,1.4464062452316284,21.119892120361328,0.5249999761581421,,87.46589660644531,24.636085510253906,9.800393104553223,84.63884735107422,14.740374565124512,18.350000381469727,82.15525817871094,3.309999942779541,162.48910522460938,337.5275573730469,103.45199584960938,3.470707416534424,57.28695297241211,0.9903870820999146,384.8561096191406,19.12386703491211,54.178550720214844,50.244747161865234,385.7059326171875,1.7677011489868164
2023-02-10,1884.1959228515625,24.331008911132812,74.37757873535156,1.4509406089782715,20.831893920898438,0.5040000081062317,,90.0052261352539,24.857952117919922,9.76416301727295,83.90221405029297,14.692045211791992,18.459999084472656,80.50138092041016,3.390000104904175,160.12059020996094,323.92822265625,104.20698547363281,3.5171072483062744,56.81135559082031,1.0111935138702393,380.9220275878906,18.9816837310791,53.95518493652344,50.3354606628418,377.1531677246094,1.7677011489868164
2023-02-13,1902.67822265625,24.295753479003906,74.20545196533203,1.4509406089782715,21.599889755249023,0.5090000033378601,,89.41361236572266,25.177440643310547,9.872855186462402,84.1416244506836,14.692045211791992,19.100000381469727,81.59765625,3.390000104904175,159.4949493408203,326.9502868652344,105.97157287597656,3.589026689529419,56.918739318847656,1.0153547525405884,382.63250732421875,18.946138381958008,54.464447021484375,52.3009033203125,383.8791198730469,1.7968391180038452
2023-02-14,1908.1732177734375,24.2208309173584,74.0967025756836,1.4554747343063354,21.599889755249023,0.508899986743927,,90.97908020019531,25.33718490600586,9.909086227416992,83.99430084228516,14.498729705810547,19.200000762939453,81.7772216796875,3.5999999046325684,158.4670867919922,326.9502868652344,106.20861053466797,3.3871877193450928,53.267356872558594,1.0070322751998901,384.0008850097656,18.546241760253906,54.40190887451172,52.24043273925781,383.2148132324219,1.7968391180038452
2023-02-15,1918.6629638671875,26.164318084716797,74.06045532226562,1.4509406089782715,21.407888412475586,0.5072000026702881,,91.03861999511719,25.07094383239746,10.044950485229492,86.35152435302734,14.498729705810547,19.290000915527344,82.65614318847656,3.4000000953674316,157.34983825683594,330.7279052734375,105.50629425048828,3.4196674823760986,53.78898239135742,0.9987096786499023,374.76434326171875,18.519582748413086,54.723548889160156,51.98844909667969,387.3666687011719,1.7871264219284058
2023-02-16,1933.1490478515625,25.745651245117188,73.7705307006836,,21.551891326904297,,,89.34424591064453,25.09756851196289,10.008719444274902,86.81190490722656,14.643715858459473,19.299999237060547,82.39151763916016,3.4000000953674316,156.23265075683594,331.7667236328125,102.3634033203125,3.4776668548583984,53.62022018432617,,368.2645263671875,18.9372501373291,54.223228454589844,51.24258804321289,387.86492919921875,
2023-02-17,1930.651611328125,26.20838737487793,73.92455291748047,1.4736114740371704,21.551891326904297,0.5052000284194946,,89.3625717163086,24.93782615661621,10.135527610778809,88.08260345458984,14.353742599487305,18.899999618530273,86.94677734375,3.430000066757202,158.24365234375,327.9891357421875,104.11920166015625,3.4962270259857178,54.187870025634766,1.0028709173202515,373.5669860839844,19.106094360351562,54.83075714111328,51.60544204711914,385.45684814453125,1.7871264219284058
2023-02-20,1943.6390380859375,26.14668846130371,,1.5189533233642578,22.03188705444336,0.492000013589859,,,,,88.92973327636719,14.595388412475586,19.5,86.94677734375,3.5899999141693115,157.12643432617188,329.68902587890625,,3.505507230758667,53.83500671386719,0.9987096786499023,371.1723327636719,19.257165908813477,,,389.6086730957031,1.7677011489868164
2023-02-21,1967.1165771484375,26.494842529296875,73.75241088867188,1.5098849534988403,22.655885696411133,0.49000000953674316,,88.080322265625,24.857952117919922,10.072123527526855,89.2427978515625,15.320323944091797,19.549999237060547,85.71817779541016,3.5899999141693115,153.01502990722656,328.839111328125,103.88216400146484,3.479987382888794,53.1292839050293,1.0153547525405884,358.001708984375,19.02611541748047,54.250030517578125,51.87757110595703,387.7818603515625,1.7774138450622559
2023-02-22,1974.10986328125,26.812145233154297,73.94268035888672,1.5234874486923218,21.98388671875,0.48989999294281006,,89.61901092529297,24.875703811645508,10.479719161987305,90.58714294433594,15.320323944091797,19.5,87.40042114257812,3.450000047683716,154.6238250732422,331.0111999511719,104.04019165039062,3.5611870288848877,53.77363586425781,1.0153547525405884,360.56744384765625,18.830612182617188,55.16134262084961,51.68607711791992,398.82574462890625,1.7677011489868164
2023-02-23,1947.63525390625,26.565353393554688,74.3413314819336,1.5688294172286987,22.463886260986328,0.48240000009536743,,90.14105987548828,25.079818725585938,10.425373077392578,89.57427215576172,14.933691024780273,19.719999313354492,87.15469360351562,3.5,152.07655334472656,328.36688232421875,102.53020477294922,3.591346502304077,53.37474822998047,0.9987096786499023,348.0809631347656,19.47933006286621,55.715274810791016,51.56098175048828,398.49359130859375,1.7677011489868164
2023-02-24,1944.6380615234375,26.393478393554688,73.78865814208984,1.5642951726913452,22.511884689331055,0.48350000381469727,,89.81134033203125,24.875703811645508,10.325737953186035,89.40853118896484,15.271995544433594,19.959999084472656,85.75597381591797,3.4600000381469727,155.3717803955078,321.09503173828125,101.22212982177734,3.663266181945801,53.29804611206055,1.0111935138702393,350.133544921875,20.021411895751953,54.70568084716797,51.13385009765625,399.82220458984375,1.7677011489868164
2023-02-27,1972.611328125,26.715190887451172,73.56214141845703,1.5416243076324463,23.711877822875977,0.4839000105857849,,89.01451873779297,24.946699142456055,10.371026039123535,88.96656036376953,15.271995544433594,20.100000381469727,87.03182983398438,3.490000009536743,157.98989868164062,324.40045166015625,101.62596130371094,3.628466844558716,53.66624450683594,0.9987096786499023,361.59368896484375,20.09250259399414,53.97306442260742,51.35758972167969,401.1507873535156,1.7871264219284058
2023-02-28,2005.080322265625,26.45517921447754,72.12152099609375,1.5552269220352173,24.287874221801758,0.48500001430511475,,87.46669006347656,24.991071701049805,10.253276824951172,88.85606384277344,15.223665237426758,20.200000762939453,85.56697082519531,3.4600000381469727,162.18792724609375,320.33953857421875,98.78154754638672,3.6423869132995605,53.635562896728516,0.982064425945282,369.4618835449219,19.985864639282227,53.351646423339844,50.77791213989258,410.28485107421875,1.7774138450622559
2023-03-01,2013.072509765625,25.913118362426758,71.79533386230469,1.5642951726913452,24.38387680053711,0.4880000054836273,,87.1644287109375,25.328310012817383,10.289507865905762,88.76398468017578,14.885361671447754,20.15999984741211,86.25687408447266,3.569999933242798,159.52464294433594,322.41717529296875,98.67620849609375,3.6029465198516846,53.39008712768555,0.982064425945282,369.1197509765625,20.16359519958496,53.39667510986328,50.73722839355469,408.3749694824219,1.7968391180038452
2023-03-02,2020.0660400390625,26.274492263793945,73.00037384033203,1.5597611665725708,24.23987579345703,0.47999998927116394,,89.35340118408203,25.807540893554688,10.343852996826172,90.82654571533203,14.692045211791992,19.8700008392334,86.39862823486328,3.549999952316284,158.89268493652344,323.0782775878906,100.51101684570312,3.630786418914795,53.71227264404297,0.9779031276702881,366.5540771484375,19.843679428100586,53.189544677734375,51.25588607788086,408.8731689453125,1.8454022407531738
2023-03-03,2031.0555419921875,26.486026763916016,73.4443359375,1.5597611665725708,23.9998779296875,0.47999998927116394,,90.46162414550781,25.807540893554688,10.416315078735352,90.75288391113281,14.885361671447754,19.8700008392334,86.2096176147461,3.549999952316284,158.08016967773438,325.86590576171875,100.88851928710938,3.665586471557617,53.65090560913086,0.982064425945282,358.6858825683594,19.9947509765625,53.3426399230957,50.68638610839844,410.1187744140625,1.8162643909454346
2023-03-06,2038.048583984375,26.393478393554688,73.75241088867188,1.5370901823043823,25.91986846923828,0.4779999852180481,,89.81134033203125,25.647798538208008,10.352911949157715,90.34774780273438,15.70695686340332,20.280000686645508,86.34193420410156,3.569999933242798,158.84756469726562,323.36663818359375,98.82545471191406,3.6516661643981934,53.69693374633789,0.982064425945282,362.96209716796875,19.772586822509766,52.91034698486328,50.34060287475586,404.72137451171875,1.7968391180038452
2023-03-07,2037.0496826171875,26.441957473754883,72.23931121826172,1.5325560569763184,25.631868362426758,0.4779999852180481,,89.00537109375,25.017698287963867,10.343852996826172,89.70317077636719,17.060171127319336,18.899999618530273,86.2096176147461,3.4600000381469727,156.5002899169922,322.5015563964844,97.86853790283203,3.547266721725464,53.758304595947266,0.982064425945282,354.067626953125,19.20384979248047,52.568111419677734,49.50667953491211,401.23382568359375,1.7774138450622559
2023-03-08,2050.037109375,26.371444702148438,72.40238952636719,1.5280216932296753,25.343870162963867,0.476500004529953,,88.6756591796875,25.328310012817383,10.470661163330078,90.51347351074219,16.818527221679688,18.68000030517578,88.55339813232422,3.450000047683716,156.36483764648438,321.3479919433594,98.24604034423828,3.6238269805908203,53.69693374633789,0.982064425945282,350.3045959472656,19.266054153442383,52.6942024230957,49.679569244384766,408.2919616699219,1.757988452911377
2023-03-09,2065.02294921875,26.574167251586914,70.66277313232422,1.5189533233642578,24.719873428344727,0.48069998621940613,,86.92631530761719,25.461429595947266,10.506892204284668,91.102783203125,16.721866607666016,18.559999465942383,89.2149429321289,3.4000000953674316,154.92039489746094,328.8458251953125,98.43917083740234,3.5959866046905518,54.019107818603516,0.982064425945282,350.3045959472656,18.919477462768555,51.91067886352539,49.557525634765625,408.7071228027344,1.7677011489868164
2023-03-10,2015.07080078125,26.649084091186523,69.4577407836914,1.4962823390960693,23.711877822875977,0.47999998927116394,,84.76483917236328,25.45255470275879,10.570295333862305,90.86337280273438,16.238576889038086,18.549999237060547,86.9278793334961,3.3499999046325684,156.13917541503906,319.3293762207031,99.7911376953125,3.6075868606567383,54.371978759765625,0.982064425945282,351.6729736328125,18.732858657836914,51.3162841796875,49.56769943237305,395.089111328125,1.7677011489868164
2023-03-13,1946.13671875,26.283308029174805,69.96512603759766,1.4464062452316284,23.135881423950195,0.4697999954223633,,83.7024154663086,25.5501766204834,10.579353332519531,88.45092010498047,15.803614616394043,18.5,83.71463012695312,3.4000000953674316,156.45516967773438,317.2146301269531,102.3634033203125,3.4823074340820312,54.464027404785156,0.9654192924499512,345.34423828125,18.11079978942871,51.52341842651367,49.9744873046875,384.70947265625,1.7677011489868164
2023-03-14,1987.5968017578125,26.38907241821289,71.53258514404297,1.4736114740371704,22.943883895874023,0.4648999869823456,,95.81952667236328,25.98616600036621,10.660871505737305,89.02180480957031,15.948601722717285,18.75,83.94144439697266,3.4100000858306885,161.5108184814453,320.098388671875,102.88136291503906,3.5287067890167236,54.356632232666016,0.9654192924499512,357.3175048828125,19.088321685791016,51.60447311401367,50.513492584228516,386.0380859375,1.757988452911377
2023-03-15,1898.1826171875,26.42432975769043,69.59363555908203,1.4464062452316284,22.07988739013672,0.4580000042915344,,88.64817810058594,25.466262817382812,10.479719161987305,88.04576110839844,15.320323944091797,18.600000381469727,83.94144439697266,3.4000000953674316,159.43438720703125,322.9821472167969,101.70496368408203,3.479987382888794,54.92428207397461,0.9654192924499512,351.33087158203125,18.27075958251953,52.36098098754883,49.86262130737305,378.7308654785156,1.757988452911377
2023-03-16,1947.63525390625,26.732818603515625,69.28558349609375,1.464543104171753,21.215892791748047,0.45500001311302185,,88.58405303955078,26.633769989013672,10.633698463439941,89.88734436035156,14.837034225463867,18.479999542236328,87.1925048828125,3.309999942779541,162.23304748535156,330.0954284667969,103.77682495117188,3.4683868885040283,55.56865310668945,0.9695805311203003,363.8172912597656,17.710906982421875,52.712223052978516,50.56433868408203,379.81036376953125,1.7677011489868164
2023-03-17,1899.68115234375,26.52128028869629,67.28321075439453,1.469077229499817,21.599889755249023,0.45089998841285706,,84.36186218261719,26.378376007080078,10.543122291564941,87.60379028320312,14.112096786499023,18.670000076293945,84.82036590576172,3.440000057220459,156.31971740722656,325.3852844238281,103.3378677368164,3.415027379989624,55.369205474853516,0.9737418293952942,359.7121887207031,17.31989860534668,52.721221923828125,49.984657287597656,368.9324951171875,1.757988452911377
2023-03-20,1929.15283203125,26.895877838134766,69.70236206054688,1.464543104171753,22.463886260986328,0.4503999948501587,,87.0453872680664,26.807071685791016,10.688044548034668,87.54854583740234,14.643715858459473,18.56999969482422,87.01293182373047,3.309999942779541,156.54542541503906,328.17291259765625,103.20618438720703,3.2920680046081543,56.05959701538086,0.9612579941749573,352.0150451660156,17.15993881225586,52.74824523925781,50.83892822265625,372.087890625,1.7677011489868164
2023-03-21,1953.1297607421875,27.01045799255371,70.39097595214844,1.469077229499817,23.135881423950195,0.453000009059906,,89.023681640625,26.67025375366211,10.842025756835938,88.92973327636719,14.933691024780273,18.43000030517578,86.35138702392578,3.5299999713897705,160.24688720703125,327.59619140625,102.83746337890625,3.3361475467681885,56.35109329223633,0.9737418293952942,359.19903564453125,18.03082275390625,52.44203567504883,51.41860580444336,378.89691162109375,1.7677011489868164
2023-03-22,1963.120361328125,27.142667770385742,69.73860168457031,1.469077229499817,22.847881317138672,0.45750001072883606,,87.59490966796875,26.807071685791016,11.0050630569458,90.12674713134766,14.933691024780273,18.479999542236328,85.82213592529297,3.5399999618530273,167.0178680419922,334.22882080078125,104.05774688720703,3.2874279022216797,56.504512786865234,0.9654192924499512,373.7380676269531,17.03553009033203,51.51441955566406,51.82539749145508,377.568359375,1.7677011489868164
2023-03-23,1953.1297607421875,26.96198272705078,68.07146453857422,1.4464062452316284,22.943883895874023,0.4560000002384186,,85.67156219482422,26.752344131469727,10.968832015991211,89.90575408935547,15.175336837768555,18.5,87.89185333251953,3.5,167.5144500732422,334.5172424316406,104.52304077148438,3.189988136291504,56.44314956665039,0.9404515624046326,388.6191711425781,17.17771339416504,50.50574493408203,51.84573745727539,375.7415466308594,1.757988452911377
2023-03-24,1916.1654052734375,26.768077850341797,69.41243743896484,1.428269624710083,22.847881317138672,0.45489999651908875,,86.02876281738281,27.19015884399414,11.014121055603027,89.99784088134766,14.788703918457031,18.459999084472656,87.89185333251953,3.5199999809265137,162.77474975585938,335.4784851074219,104.99710845947266,3.041508913040161,57.01080322265625,0.9446128606796265,372.1986083984375,16.982208251953125,51.388336181640625,52.26270294189453,364.3654479980469,1.757988452911377
2023-03-27,1949.6331787109375,26.992834091186523,70.4453125,1.4509406089782715,22.75188446044922,0.45500001311302185,,87.76892852783203,27.500276565551758,11.159043312072754,89.86893463134766,15.078678131103516,18.489999771118164,87.21139526367188,3.549999952316284,164.35462951660156,337.0165100097656,105.2165756225586,3.0113492012023926,56.25904083251953,0.9570966958999634,374.251220703125,16.595643997192383,52.22589111328125,52.588138580322266,366.8565979003906,1.7482757568359375
2023-03-28,1950.1328125,26.992834091186523,71.170166015625,1.4418721199035645,22.463886260986328,0.453900009393692,,88.47415924072266,27.19015884399414,11.095640182495117,89.04022216796875,14.498729705810547,18.540000915527344,85.27400207519531,3.450000047683716,165.21229553222656,331.2489318847656,105.18145751953125,3.0554287433624268,55.8294677734375,0.9446128606796265,368.60662841796875,16.751155853271484,52.09980773925781,52.761024475097656,368.1851806640625,1.7385631799697876
2023-03-29,1941.6409912109375,27.213180541992188,71.56880950927734,1.4373379945755005,22.847881317138672,0.4542999863624573,,88.84051513671875,27.81951904296875,11.20433235168457,90.64239501953125,14.402070045471191,18.479999542236328,86.84281921386719,3.5299999713897705,165.39285278320312,334.8055725097656,106.90215301513672,3.524066925048828,56.28972244262695,0.9446128606796265,367.4093017578125,17.15993881225586,52.46004867553711,52.52711868286133,374.74505615234375,1.757988452911377
2023-03-30,1946.635986328125,27.323354721069336,72.00373840332031,1.4418721199035645,23.03988265991211,0.45190000534057617,,87.32014465332031,27.956336975097656,11.249619483947754,89.85050964355469,14.982020378112793,18.450000762939453,87.89185333251953,3.549999952316284,169.77142333984375,335.4784851074219,106.13837432861328,3.547266721725464,56.42780685424805,0.9487740993499756,377.5010681152344,17.53761863708496,52.5230827331543,52.86272430419922,379.56121826171875,1.7677011489868164
2023-03-31,1938.144287109375,27.75524139404297,72.1758804321289,1.4418721199035645,23.135881423950195,0.45350000262260437,,87.48500061035156,28.184364318847656,11.29490852355957,91.2132797241211,14.595388412475586,18.450000762939453,86.94677734375,3.2799999713897705,174.60140991210938,337.30487060546875,106.83191680908203,3.6261463165283203,56.96477127075195,0.9487740993499756,389.81646728515625,17.413204193115234,53.42369079589844,52.81187057495117,376.904052734375,1.7482757568359375
2023-04-03,1932.6495361328125,27.84778594970703,72.8644790649414,1.4418721199035645,23.9998779296875,0.44999998807907104,,88.52910614013672,28.43975830078125,11.485119819641113,90.8081283569336,14.982020378112793,18.459999084472656,85.38739776611328,3.25,171.4416046142578,332.11407470703125,107.98197174072266,3.548426628112793,56.58122253417969,0.9529353976249695,375.4485168457031,17.386547088623047,53.50474548339844,53.594947814941406,377.734375,1.7482757568359375
2023-04-04,1943.1396484375,28.112205505371094,71.92218017578125,1.4418721199035645,24.23987579345703,0.44699999690055847,,86.5599594116211,28.43975830078125,11.693446159362793,91.94990539550781,14.788703918457031,18.479999542236328,86.5215072631836,3.0999999046325684,171.35133361816406,331.72955322265625,107.55179595947266,3.4521472454071045,57.19490051269531,0.9695805311203003,378.185302734375,17.115507125854492,53.74790954589844,53.83902359008789,374.74505615234375,1.7482757568359375
2023-04-05,1943.1396484375,28.121023178100586,71.94937133789062,1.4373379945755005,24.767871856689453,0.4480000138282776,,84.48091125488281,29.105600357055664,11.76590633392334,93.55208587646484,14.837034225463867,18.5,85.24564361572266,3.359999895095825,170.4936981201172,325.3852844238281,109.2110366821289,3.415027379989624,58.6677360534668,0.9695805311203003,370.3171081542969,16.3112735748291,54.00007247924805,54.2254753112793,372.0048828125,1.7482757568359375
2023-04-06,1959.6236572265625,28.217975616455078,71.34229278564453,1.4418721199035645,24.95987319946289,0.44200000166893005,,84.68240356445312,28.859331130981445,11.80213737487793,93.50604248046875,15.271995544433594,18.540000915527344,88.60065460205078,3.299999952316284,,,110.39620971679688,3.471867084503174,,0.9737418293952942,,16.502334594726562,53.68486404418945,54.48988723754883,,1.7677011489868164
2023-04-10,,,72.52923583984375,,,,,86.24856567382812,28.868452072143555,11.71156120300293,,,,,,,,109.93091583251953,,,,,,54.981719970703125,54.48988723754883,,
2023-04-11,1967.6160888671875,28.438323974609375,73.74333953857422,1.4328038692474365,26.111867904663086,0.4429999887943268,,87.21025085449219,28.859331130981445,11.702503204345703,93.73624420166016,16.28690528869629,18.459999084472656,87.37206268310547,3.390000104904175,172.5249786376953,328.74969482421875,110.0362548828125,3.5159473419189453,58.959228515625,0.9737418293952942,373.1393737792969,16.973323822021484,55.8823356628418,54.2254753112793,381.5541076660156,1.7677011489868164
2023-04-12,1962.620849609375,28.403066635131836,73.4896469116211,1.4328038692474365,25.391870498657227,0.44699999690055847,,86.5782699584961,28.886693954467773,11.76590633392334,92.76941680908203,16.335235595703125,18.5,90.1127700805664,3.490000009536743,172.16383361816406,327.8845520019531,110.2381820678711,3.522907018661499,58.98991775512695,0.982064425945282,369.4618835449219,17.10662078857422,55.459049224853516,54.33734130859375,383.2978820800781,1.757988452911377
2023-04-13,1988.5960693359375,27.58777618408203,73.58931732177734,1.4509406089782715,26.59186363220215,0.4480000138282776,,85.45175170898438,29.342750549316406,11.838367462158203,93.18377685546875,16.190248489379883,18.5,89.78799438476562,3.4800000190734863,175.594482421875,327.7884216308594,110.58934020996094,3.4591071605682373,56.24370193481445,0.9779031276702881,380.0668029785156,16.73782730102539,55.55811309814453,55.02888870239258,376.4888610839844,1.757988452911377
2023-04-14,2014.071533203125,27.479976654052734,74.10576629638672,1.4917482137680054,26.399866104125977,0.45399999618530273,,86.459228515625,28.99614906311035,11.74779224395752,93.18377685546875,16.43189239501953,18.5,89.24037170410156,3.490000009536743,179.2056884765625,330.6722106933594,110.7034683227539,3.473027229309082,58.49920654296875,0.9737418293952942,383.4021911621094,16.72894287109375,54.77459716796875,54.48988723754883,380.30853271484375,1.757988452911377
2023-04-17,2032.054443359375,27.965070724487305,74.47724914550781,1.5008167028427124,25.91986846923828,0.4490000009536743,,87.69566345214844,29.087358474731445,11.79308032989502,91.83940887451172,15.803614616394043,18.489999771118164,93.38333892822266,3.5399999618530273,180.55987548828125,340.6692199707031,110.8790512084961,3.570466995239258,59.09107208251953,0.9737418293952942,398.8819580078125,16.911115646362305,55.33296203613281,54.69329071044922,384.2112731933594,1.757988452911377
2023-04-18,2051.036376953125,27.722524642944336,74.79435729980469,1.4962823390960693,25.967864990234375,0.4429999887943268,,89.57321166992188,29.160327911376953,11.75684928894043,91.98674011230469,15.658628463745117,18.469999313354492,92.33568572998047,3.490000009536743,180.74044799804688,351.43536376953125,111.4057846069336,3.5252268314361572,59.139076232910156,0.9779031276702881,401.1055908203125,16.866682052612305,54.81962585449219,54.69329071044922,383.2148132324219,1.7385631799697876
2023-04-19,2043.0438232421875,27.992023468017578,74.25074005126953,1.4736114740371704,25.58386993408203,0.4449999928474426,,88.61154174804688,29.50693130493164,11.820253372192383,95.62385559082031,15.70695686340332,18.3799991607666,92.8118896484375,3.390000104904175,182.27517700195312,350.4740905761719,111.45846557617188,3.463747262954712,59.81092071533203,0.9737418293952942,399.82275390625,16.92888832092285,55.49507522583008,54.7746467590332,377.734375,1.7482757568359375
2023-04-20,2038.048583984375,28.081859588623047,73.3899917602539,1.469077229499817,27.071861267089844,0.4399999976158142,,88.28182220458984,29.42483901977539,11.874598503112793,94.61099243164062,15.803614616394043,18.399999618530273,92.90714263916016,3.4200000762939453,181.0113067626953,350.8585510253906,112.3714828491211,3.4098727703094482,59.58696746826172,0.9737418293952942,394.9479064941406,16.604528427124023,54.81061935424805,55.2017822265625,380.22552490234375,1.7482757568359375
2023-04-21,2044.04296875,28.234575271606445,72.93696594238281,1.4237353801727295,27.839859008789062,0.43700000643730164,,87.10034942626953,29.68023681640625,11.928945541381836,94.70306396484375,15.513640403747559,18.260000228881836,91.88330078125,3.4100000858306885,181.3723907470703,352.2043151855469,113.64443969726562,3.4098727703094482,59.60296630859375,0.9779031276702881,400.2503662109375,16.40458106994629,54.93669891357422,55.4356803894043,377.81744384765625,1.757988452911377
2023-04-24,2068.02001953125,28.37381362915039,73.20877838134766,1.4418721199035645,31.295839309692383,0.4309999942779541,,87.22855377197266,29.981233596801758,12.046695709228516,96.22212219238281,15.948601722717285,18.290000915527344,94.14525604248047,3.4200000762939453,180.06333923339844,354.6075134277344,116.44000244140625,3.394104242324829,60.38679504394531,0.9737418293952942,401.5332336425781,16.58675765991211,54.85565185546875,55.47636413574219,378.81390380859375,1.757988452911377
2023-04-25,1982.102294921875,28.40526008605957,68.76913452148438,1.4328038692474365,29.42384910583496,0.4350000023841858,,83.6932601928711,30.026838302612305,11.892714500427246,97.5268325805664,15.561969757080078,18.280000686645508,94.28811645507812,3.4600000381469727,179.38623046875,353.93463134765625,115.93598175048828,3.2088282108306885,60.24282455444336,0.9737418293952942,393.2373962402344,15.955809593200684,54.93669891357422,55.628910064697266,368.1851806640625,1.7677011489868164
2023-04-26,1946.13671875,28.171693801879883,69.79296112060547,1.4192012548446655,29.18385124206543,0.43299999833106995,,84.28858184814453,29.762325286865234,12.055752754211426,97.154052734375,15.755284309387207,18.18000030517578,92.66903686523438,3.4100000858306885,182.81689453125,341.4382629394531,115.84598541259766,3.169407606124878,60.8666877746582,0.9779031276702881,407.0922546386719,16.071334838867188,54.3513069152832,55.31364822387695,371.09149169921875,1.7677011489868164
2023-04-27,1934.647705078125,28.22110366821289,70.68090057373047,1.4055986404418945,28.9438533782959,0.4269999861717224,,84.89305877685547,29.935625076293945,11.983291625976562,97.0142593383789,16.238576889038086,18.200000762939453,91.43090057373047,3.5,181.8238067626953,334.0365905761719,114.77490997314453,3.1496970653533936,60.802703857421875,0.9779031276702881,403.41473388671875,15.93803882598877,55.18886947631836,56.43233108520508,372.3370056152344,1.757988452911377
2023-04-28,1954.129150390625,28.045923233032227,70.74432373046875,1.401064395904541,29.23185157775879,0.4350000023841858,,85.72650909423828,30.081565856933594,11.992348670959473,96.96765899658203,16.09358787536621,18.1200008392334,91.24043273925781,3.430000066757202,183.35853576660156,337.7854919433594,115.4409408569336,3.1391851902008057,61.2666015625,0.9446128606796265,404.0989074707031,16.075780868530273,56.278602600097656,56.47300338745117,356.06182861328125,1.7482757568359375
2023-05-01,,,70.49063110351562,,,,,84.75567626953125,30.30959129333496,11.974233627319336,,,,,,,340.2847595214844,115.02693176269531,,,,,,56.134498596191406,56.27977752685547,,
2023-05-02,1954.129150390625,28.230083465576172,68.42484283447266,1.3919960260391235,31.19984245300293,0.43799999356269836,,83.48260498046875,30.282230377197266,12.064809799194336,96.54827880859375,16.190248489379883,18.15999984741211,89.52609252929688,3.4000000953674316,182.00439453125,332.883056640625,115.95398712158203,3.122102975845337,61.23461151123047,0.9446128606796265,398.7109375,15.658111572265625,54.88266372680664,56.371307373046875,356.47698974609375,1.7677011489868164
2023-05-03,1923.658203125,28.18965721130371,67.97180938720703,1.3738592863082886,,0.4399999976158142,,83.15288543701172,30.327836990356445,12.10103988647461,97.48023223876953,,,89.43086242675781,3.4000000953674316,180.3793182373047,334.0365905761719,117.54708862304688,3.1864898204803467,61.31459045410156,0.9612579941749573,395.8886413574219,15.773637771606445,54.54043960571289,56.43233108520508,358.5528869628906,1.7191379070281982
2023-05-04,1905.176025390625,27.942615509033203,67.24696350097656,1.3738592863082886,32.591835021972656,0.4410000145435333,,81.83401489257812,30.2183837890625,12.082925796508789,98.22577667236328,17.060171127319336,18.190000534057617,87.66890716552734,3.4600000381469727,177.4001007080078,332.210205078125,117.3580551147461,3.0498321056365967,60.78670883178711,0.9570966958999634,386.7376403808594,15.204896926879883,54.15318298339844,56.3509635925293,354.5671691894531,1.7288504838943481
2023-05-05,1921.16064453125,28.131269454956055,68.82350158691406,1.369325041770935,32.5438346862793,0.43700000643730164,,82.93307495117188,30.583227157592773,12.21868896484375,97.29383850097656,18.26839828491211,18.15999984741211,90.38324737548828,3.4600000381469727,172.75070190429688,,117.63707733154297,3.1089627742767334,60.35479736328125,0.9612579941749573,383.7443542480469,15.698101997375488,54.65752029418945,56.50352096557617,358.63592529296875,1.7482757568359375
2023-05-08,,28.113300323486328,68.31610107421875,1.378393530845642,33.215824127197266,0.44200000166893005,,82.62167358398438,30.24574851989746,12.190600395202637,97.89960479736328,18.800020217895508,18.200000762939453,,,174.6916961669922,334.9017333984375,117.736083984375,3.0931947231292725,60.56275939941406,0.9987096786499023,385.6258239746094,15.84472942352295,45.68751907348633,56.25944137573242,356.7261047363281,1.7288504838943481
2023-05-09,1923.658203125,28.571449279785156,67.97180938720703,1.38746178150177,32.927833557128906,0.44699999690055847,,81.78821563720703,29.57990264892578,12.11569595336914,96.26870727539062,18.51004409790039,18.149999618530273,89.33560943603516,3.4700000286102295,172.43466186523438,333.9404296875,117.55607604980469,3.0077834129333496,65.08976745605469,1.0153547525405884,378.95501708984375,15.582575798034668,43.96737289428711,55.750946044921875,348.4223937988281,1.690000057220459
2023-05-10,1915.665771484375,27.920156478881836,67.62751007080078,1.4464062452316284,32.73583221435547,0.4490000009536743,,82.05382537841797,29.625507354736328,11.919073104858398,95.56977081298828,18.41338539123535,18.280000686645508,87.859375,3.490000009536743,172.47984313964844,335.86297607421875,115.7469711303711,2.9552228450775146,65.10575866699219,1.0070322751998901,376.9879150390625,15.84472942352295,42.580448150634766,55.04922866821289,347.75811767578125,1.690000057220459
2023-05-11,1906.1749267578125,27.861766815185547,67.86309051513672,1.4101327657699585,32.63983154296875,0.4449999928474426,,82.40187072753906,29.8900203704834,12.096969604492188,96.68807220458984,18.36505699157715,17.239999771118164,89.09751892089844,3.4200000762939453,174.10487365722656,342.30340576171875,116.03498840332031,2.9250004291534424,64.99378967285156,0.9987096786499023,401.3621826171875,15.223367691040039,44.43568420410156,55.2017822265625,345.7652587890625,1.7191379070281982
2023-05-12,1913.667724609375,27.87074851989746,68.2979736328125,1.4055986404418945,32.591835021972656,0.44600000977516174,,82.7041015625,29.871780395507812,12.087606430053711,96.59489440917969,18.26839828491211,17.309999465942383,89.1451416015625,3.4100000858306885,172.79580688476562,342.4956359863281,115.4409408569336,2.9499669075012207,64.94580078125,1.0070322751998901,394.6913146972656,15.623485565185547,44.01240539550781,55.13058853149414,348.837646484375,1.7482757568359375
2023-05-15,1903.67724609375,27.875244140625,68.91410064697266,1.4101327657699585,32.06383514404297,0.4480000138282776,,84.25194549560547,30.3825626373291,12.068881034851074,97.75981140136719,17.205158233642578,17.399999618530273,90.47850036621094,3.450000047683716,173.60833740234375,350.5701904296875,115.45894622802734,3.005155563354492,65.2497329711914,1.0070322751998901,401.9608154296875,15.71292495727539,44.55276870727539,55.19160842895508,350.7474670410156,1.7191379070281982
2023-05-16,1901.6793212890625,28.001005172729492,66.67195892333984,1.414667010307312,32.44783401489258,0.44200000166893005,,81.61419677734375,30.15453338623047,12.031429290771484,97.20065307617188,17.736780166625977,15.800000190734863,90.09752655029297,3.450000047683716,169.22975158691406,346.4367980957031,114.80191040039062,3.0025277137756348,65.34571075439453,0.9987096786499023,392.21112060546875,15.599949836730957,44.30960464477539,54.85600280761719,350.4153137207031,1.7191379070281982
2023-05-17,1882.6973876953125,27.758459091186523,66.580810546875,1.414667010307312,32.06383514404297,0.44699999690055847,,82.14542388916016,29.871780395507812,11.956525802612305,94.73101806640625,17.5434627532959,15.6899995803833,90.95470428466797,3.450000047683716,,343.55303955078125,113.62283325195312,2.984131097793579,,0.9570966958999634,,15.783533096313477,45.138160705566406,54.79498291015625,,1.6997126340866089
2023-05-18,1903.67724609375,27.7000675201416,66.34383392333984,,32.15983963012695,,,81.91944885253906,29.671112060546875,11.816080093383789,94.6378402709961,17.495134353637695,15.600000381469727,93.47856903076172,3.5,,,113.54183197021484,3.041948080062866,,,,15.727046012878418,45.00306701660156,54.19994354248047,,
2023-05-19,1893.1873779296875,27.614727020263672,66.744873046875,1.4101327657699585,31.871837615966797,0.4410000145435333,,83.42281341552734,29.962987899780273,11.900346755981445,94.31165313720703,17.640119552612305,15.430000305175781,89.09751892089844,3.75,170.96359252929688,,113.96485900878906,3.0340638160705566,66.28949737548828,0.9737418293952942,401.9608154296875,15.670559883117676,44.99406814575195,54.64109802246094,351.0796203613281,1.6997126340866089
2023-05-22,1897.68310546875,27.551843643188477,66.936279296875,1.4101327657699585,30.86384391784668,0.4410000145435333,,83.4412612915039,30.12717056274414,11.825443267822266,94.96400451660156,17.398475646972656,15.010000228881836,89.09751892089844,3.6600000858306885,170.55291748046875,347.4941711425781,112.83079528808594,3.032749891281128,65.64965057373047,0.9737418293952942,396.2307434082031,15.557583808898926,45.12915802001953,53.69723892211914,351.57781982421875,1.7191379070281982
2023-05-23,1866.7125244140625,27.56981086730957,68.40370178222656,1.401064395904541,31.15184211730957,0.4399999976158142,,84.6771469116211,29.40660285949707,11.750539779663086,94.6378402709961,17.640119552612305,15.399999618530273,90.0022964477539,3.740000009536743,169.64039611816406,343.7452697753906,112.10175323486328,3.03143572807312,64.977783203125,0.9570966958999634,396.2307434082031,15.623485565185547,46.53408432006836,53.47153854370117,354.31805419921875,1.7191379070281982
2023-05-24,1847.2314453125,27.55633544921875,66.39852905273438,1.401064395904541,31.631839752197266,0.44200000166893005,,83.43204498291016,28.603939056396484,11.628820419311523,93.6593017578125,16.77019691467285,15.300000190734863,89.1451416015625,3.6700000762939453,169.27537536621094,339.99639892578125,111.30970001220703,3.032749891281128,65.36170959472656,0.9654192924499512,399.566162109375,15.317512512207031,46.624141693115234,52.948307037353516,352.4081726074219,1.7288504838943481
2023-05-25,1835.7425537109375,27.286834716796875,67.19147491455078,1.396530270576477,31.487836837768555,0.44200000166893005,,86.33729553222656,28.4215145111084,11.516465187072754,92.70873260498047,16.141918182373047,15.220000267028809,89.24037170410156,3.700000047683716,179.9064178466797,334.99786376953125,110.9136734008789,2.9250004291534424,64.80182647705078,0.9487740993499756,443.01214599609375,15.185708045959473,46.61513900756836,52.65079116821289,351.743896484375,1.7191379070281982
2023-05-26,1859.2198486328125,27.331750869750977,66.28915405273438,1.401064395904541,31.631839752197266,0.43799999356269836,,86.97370910644531,28.467121124267578,11.469650268554688,92.78327941894531,16.238576889038086,16.100000381469727,89.7165756225586,3.7899999618530273,172.87989807128906,337.59326171875,111.57071685791016,2.936826705932617,65.07376861572266,0.9570966958999634,419.3221130371094,15.209245681762695,46.84028625488281,52.68156433105469,352.98944091796875,1.7191379070281982
2023-05-29,,27.385650634765625,,1.396530270576477,31.58384132385254,0.4350000023841858,,,,,92.820556640625,16.190248489379883,15.84000015258789,,,,,,2.9473390579223633,,0.9903870820999146,,15.397536277770996,,,,1.7288504838943481
2023-05-30,1828.7491455078125,26.84665298461914,65.1042709350586,1.396530270576477,32.15983963012695,0.4309999942779541,,86.64167022705078,28.102275848388672,11.226212501525879,90.0247573852539,15.755284309387207,16.059999465942383,89.76419067382812,3.7100000381469727,174.15745544433594,331.72955322265625,107.781494140625,2.716071844100952,64.33793640136719,0.9737418293952942,420.348388671875,14.338396072387695,47.173519134521484,51.265785217285156,354.2350158691406,1.7288504838943481
2023-05-31,1823.7537841796875,26.644527435302734,64.39335632324219,1.401064395904541,31.3918399810791,0.43299999833106995,,85.44266510009766,27.509401321411133,11.123220443725586,88.04906463623047,15.755284309387207,16.299999237060547,86.52600860595703,3.690000057220459,173.83804321289062,322.6937561035156,106.86343383789062,2.731840133666992,63.8740348815918,0.9570966958999634,418.2103271484375,14.16893482208252,46.028263092041016,51.23500061035156,343.9384460449219,1.7482757568359375
2023-06-01,1825.89404296875,26.406471252441406,64.30220794677734,1.2786414623260498,31.63556480407715,0.41600000858306885,,83.94853973388672,27.728307723999023,11.198123931884766,88.06770324707031,15.465311050415039,15.960000038146973,87.81175994873047,3.740000009536743,174.7962188720703,324.71240234375,108.11450958251953,2.6976757049560547,64.2099609375,0.9695805311203003,415.8157043457031,14.098325729370117,46.00099182128906,51.4196662902832,342.6929016113281,1.7385631799697876
2023-06-02,1867.85693359375,26.37053680419922,65.59645080566406,1.2423677444458008,31.733051300048828,0.41499999165534973,,85.11064147949219,27.463794708251953,11.301115989685059,87.89994812011719,15.948601722717285,16.450000762939453,88.04986572265625,3.740000009536743,173.3817901611328,328.5574035644531,108.60953521728516,2.759434700012207,63.34614944458008,0.9612579941749573,408.46063232421875,14.437249183654785,46.66451644897461,51.942901611328125,350.9135437011719,1.7385631799697876
2023-06-05,1840.38134765625,26.54570960998535,64.95844268798828,1.2423677444458008,31.343095779418945,0.4129999876022339,,84.61258697509766,27.2175235748291,11.254302024841309,88.42183685302734,15.803614616394043,16.1299991607666,88.28794860839844,3.740000009536743,176.66693115234375,,107.6374740600586,2.7830867767333984,63.66607666015625,0.9612579941749573,419.0655517578125,14.578468322753906,45.910099029541016,51.69667434692383,349.5849609375,1.7385631799697876
2023-06-06,1838.3829345703125,26.53223419189453,65.979248046875,1.2423677444458008,31.53807258605957,0.4099999964237213,,85.24897766113281,27.655338287353516,11.301115989685059,88.8691635131836,16.190248489379883,16.149999618530273,88.52606201171875,3.700000047683716,171.32858276367188,335.5745849609375,107.97049713134766,2.7673184871673584,63.234169006347656,0.9446128606796265,406.66461181640625,14.201885223388672,45.846473693847656,51.59408187866211,348.3393859863281,1.7385631799697876
2023-06-07,1894.833251953125,26.437910079956055,66.86335754394531,1.2332994937896729,31.684309005737305,0.4090000092983246,,86.87224578857422,27.62797737121582,11.11385726928711,88.79460906982422,15.948601722717285,16.149999618530273,88.43082427978516,3.700000047683716,171.10044860839844,326.1542663574219,106.30540466308594,2.801483154296875,62.7062873840332,0.9446128606796265,407.9474792480469,14.682028770446777,46.65542984008789,51.22474670410156,351.4947814941406,1.7385631799697876
2023-06-08,1873.851806640625,26.45587921142578,65.80607604980469,1.2378337383270264,,0.4000000059604645,,84.09610748291016,27.883365631103516,11.076404571533203,87.6949234008789,,,87.47842407226562,3.75,169.22975158691406,328.0767822265625,107.28645324707031,2.8409037590026855,62.19440460205078,0.9529353976249695,388.27703857421875,14.771467208862305,46.22822952270508,51.47096633911133,353.40460205078125,1.7385631799697876
2023-06-09,1857.865966796875,26.19536018371582,66.11597442626953,1.2469019889831543,31.343095779418945,0.4000000059604645,,86.34654235839844,27.53676414489746,10.842330932617188,86.76300048828125,16.190248489379883,16.149999618530273,87.47842407226562,3.75,166.7202606201172,318.656494140625,106.87242889404297,2.842217206954956,62.22639465332031,0.9446128606796265,406.16998291015625,14.545516967773438,45.78285217285156,51.13241195678711,354.73321533203125,1.7385631799697876
2023-06-12,1873.3521728515625,26.23578643798828,66.69019317626953,1.2650387287139893,31.440584182739258,0.38999998569488525,,86.50332641601562,27.746549606323242,10.851694107055664,86.6138916015625,16.238576889038086,16.299999237060547,83.33544921875,3.7899999618530273,164.43896484375,322.0209045410156,106.26939392089844,2.806739091873169,62.14640808105469,0.9446128606796265,407.6014404296875,14.809124946594238,46.037357330322266,51.1734504699707,313.87908935546875,1.7288504838943481
2023-06-13,1867.3575439453125,26.48282814025879,67.7018814086914,1.2695729732513428,30.41693687438965,0.39399999380111694,,88.69841766357422,28.0657901763916,10.90787124633789,87.58309936523438,16.238576889038086,16.1299991607666,83.33544921875,3.799999952316284,167.90658569335938,324.80853271484375,105.97238159179688,2.868497848510742,61.826480865478516,0.9404515624046326,411.8062744140625,14.96446704864502,45.682865142822266,51.30681610107422,368.1033935546875,1.7288504838943481
2023-06-14,1877.84814453125,26.662494659423828,66.67195892333984,1.2469019889831543,30.41693687438965,0.39500001072883606,,87.9144515991211,28.211729049682617,10.93596076965332,87.54580688476562,15.755284309387207,16.030000686645508,85.78789520263672,3.7799999713897705,170.1879119873047,325.00079345703125,106.21540069580078,2.7817723751068115,61.53854751586914,0.9404515624046326,418.51611328125,14.253665924072266,45.2284049987793,51.52226257324219,356.4422607421875,1.7288504838943481
2023-06-15,1896.83154296875,26.599611282348633,67.95707702636719,1.2469019889831543,30.319448471069336,0.39899998903274536,,86.88146209716797,28.92317771911621,11.226212501525879,88.21681213378906,15.996931076049805,15.729999542236328,86.002197265625,3.7699999809265137,164.4845733642578,325.4814147949219,109.01456451416016,2.9236862659454346,62.0344352722168,0.9487740993499756,403.30712890625,14.644371032714844,45.63742446899414,52.71234130859375,357.9971008300781,1.7288504838943481
2023-06-16,1923.807861328125,27.02631950378418,68.79560852050781,1.2695729732513428,30.075721740722656,0.4000000059604645,,88.93822479248047,28.73163414001465,11.329205513000488,88.9996337890625,16.238576889038086,15.069999694824219,84.81169128417969,3.7699999809265137,168.7278594970703,325.86590576171875,108.78055572509766,2.8816378116607666,63.0901985168457,0.9654192924499512,413.86395263671875,14.762053489685059,45.801029205322266,53.276607513427734,365.8683776855469,1.7288504838943481
2023-06-19,1943.790283203125,26.76580047607422,,1.2605044841766357,28.515878677368164,0.39800000190734863,,,,,87.71356201171875,15.755284309387207,15.149999618530273,84.24024200439453,3.799999952316284,163.16139221191406,322.30926513671875,,2.8395895957946777,62.162410736083984,0.9570966958999634,400.712646484375,14.554932594299316,,,362.1756591796875,1.6997126340866089
2023-06-20,1950.7840576171875,26.909536361694336,67.51959991455078,1.2650387287139893,28.272151947021484,0.3970000147819519,,86.24507904052734,29.02351188659668,11.282390594482422,87.73220825195312,15.755284309387207,15.25,83.24021911621094,3.740000009536743,161.1082000732422,320.2906494140625,107.43046569824219,2.779144763946533,61.76249694824219,0.9487740993499756,397.2235412597656,14.413714408874512,45.292030334472656,52.85597229003906,357.6083984375,1.6997126340866089
2023-06-21,1957.77783203125,26.783769607543945,66.95450592041016,1.2559704780578613,28.22340965270996,0.3919999897480011,,84.68638610839844,28.494483947753906,11.572643280029297,87.62036895751953,15.70695686340332,15.199999809265137,83.24021911621094,3.7799999713897705,157.64056396484375,310.19744873046875,108.79854583740234,2.863241672515869,62.01844024658203,0.9487740993499756,386.93505859375,14.795003890991211,45.873748779296875,53.17401885986328,362.1756591796875,1.7094252109527588
2023-06-22,1934.7982177734375,26.7747859954834,66.58992004394531,1.2332994937896729,28.954586029052734,0.38999998569488525,,86.02372741699219,28.166122436523438,11.48837661743164,88.62684631347656,15.70695686340332,14.9399995803833,81.66874694824219,3.7200000286102295,158.59873962402344,303.1802673339844,109.06856536865234,2.9092323780059814,61.50655746459961,0.9487740993499756,387.740234375,14.98800277709961,45.81920623779297,53.02012252807617,361.4954528808594,1.7094252109527588
2023-06-23,1951.2835693359375,27.16556167602539,66.444091796875,1.2559704780578613,28.36964225769043,0.38499999046325684,,86.73389434814453,28.394153594970703,11.441561698913574,88.96235656738281,15.465311050415039,14.859999656677246,81.38301849365234,3.75,155.26795959472656,306.5446472167969,108.90655517578125,2.936826705932617,61.794490814208984,0.9529353976249695,378.7937927246094,14.922101020812988,44.99208068847656,53.102195739746094,366.257080078125,1.690000057220459
2023-06-26,1935.2977294921875,27.161067962646484,67.11856079101562,1.2378337383270264,28.272151947021484,0.38499999046325684,,85.66401672363281,28.33942413330078,11.413472175598145,87.60173797607422,13.967108726501465,14.979999542236328,82.90687561035156,3.75,155.03981018066406,302.988037109375,108.81654357910156,2.9512805938720703,61.04265213012695,0.9404515624046326,379.1516418457031,15.006831169128418,45.65560531616211,52.989349365234375,366.7429504394531,1.6997126340866089
2023-06-27,1948.7860107421875,27.538366317749023,67.346435546875,1.2423677444458008,29.83199691772461,0.38199999928474426,,85.23054504394531,28.503604888916016,11.319843292236328,86.40885925292969,14.692045211791992,14.8100004196167,83.4068832397461,3.75,153.5341339111328,303.2763671875,108.81654357910156,2.896092414855957,61.20261764526367,0.9362902641296387,371.18927001953125,14.630248069763184,45.41019058227539,53.245826721191406,356.6366271972656,1.6997126340866089
2023-06-28,1971.765625,27.839309692382812,67.3919906616211,1.2423677444458008,29.344545364379883,0.382999986410141,,84.6771469116211,29.05999755859375,11.282390594482422,86.6697998046875,14.982020378112793,14.880000114440918,83.16877746582031,3.7300000190734863,154.6748046875,305.2950439453125,107.33146667480469,2.854043483734131,61.44256591796875,0.9321289658546448,379.5989685058594,14.682028770446777,45.292030334472656,52.948307037353516,359.74627685546875,1.6997126340866089
2023-06-29,1981.7568359375,27.83481788635254,68.01177978515625,1.2423677444458008,29.14956283569336,0.382999986410141,,85.5994644165039,28.977907180786133,11.273027420043945,86.94937896728516,14.788703918457031,14.739999771118164,82.09732818603516,3.7200000286102295,155.45045471191406,302.6034851074219,107.1694564819336,2.905290365219116,61.346580505371094,0.9446128606796265,386.8456115722656,14.649078369140625,46.07370376586914,52.85597229003906,365.9655456542969,1.6997126340866089
2023-06-30,1989.2503662109375,28.081859588623047,68.86852264404297,1.2423677444458008,29.247055053710938,0.3840000033378601,,87.01982116699219,29.215055465698242,11.507102012634277,87.76947021484375,14.692045211791992,14.199999809265137,84.33547973632812,3.75,155.31356811523438,305.5834045410156,108.32152557373047,2.8868939876556396,61.666507720947266,0.9487740993499756,387.2929382324219,15.020953178405762,46.391841888427734,53.481788635253906,368.2977600097656,1.6802873611450195
2023-07-03,2016.2265625,28.37381362915039,69.9349136352539,1.2423677444458008,29.734506607055664,0.37700000405311584,,89.57462310791016,28.904937744140625,11.56328010559082,89.50287628173828,15.078678131103516,14.25,84.57359313964844,3.75,157.36679077148438,305.6795654296875,108.39352416992188,2.889522075653076,62.01844024658203,0.9654192924499512,387.2929382324219,15.228073120117188,47.09170913696289,53.635684967041016,370.7271728515625,1.6802873611450195
2023-07-04,2015.2274169921875,28.261524200439453,,1.2423677444458008,30.904388427734375,0.37700000405311584,,,,,89.55879974365234,14.643715858459473,14.069999694824219,83.95452880859375,3.75,158.50746154785156,308.7555847167969,,2.9079184532165527,62.51433563232422,0.9446128606796265,391.5872497558594,15.308098793029785,,,373.5452575683594,1.6802873611450195
2023-07-05,2004.2371826171875,28.32440948486328,70.56379699707031,1.2423677444458008,30.368192672729492,0.375,,90.81050109863281,28.366790771484375,11.48837661743164,88.85051727294922,14.837034225463867,14.09000015258789,82.8592529296875,3.75,156.18048095703125,308.56329345703125,107.15145874023438,2.880324125289917,62.29037857055664,0.9487740993499756,389.70849609375,15.157464981079102,47.155338287353516,53.040653228759766,371.60174560546875,1.6705747842788696
2023-07-06,1971.765625,28.23906707763672,70.21746063232422,,30.61191749572754,,,90.65372467041016,27.700946807861328,11.347930908203125,87.9185791015625,14.402070045471191,14.050000190734863,83.19259643554688,3.759999990463257,154.76608276367188,307.3136291503906,106.4764175415039,2.836961269378662,62.0344352722168,,389.17169189453125,14.705565452575684,47.35530090332031,52.64052200317383,370.9215393066406,
2023-07-07,1989.749755859375,28.03693962097168,71.1015625,1.2469019889831543,30.904388427734375,0.3720000088214874,,93.14392852783203,27.856006622314453,11.347930908203125,88.21681213378906,14.54705810546875,14.0600004196167,86.52600860595703,3.75,153.39727783203125,308.4671630859375,105.71136474609375,2.9289426803588867,61.44256591796875,0.9446128606796265,381.1198425292969,15.284562110900879,47.046260833740234,52.38405227661133,371.4074401855469,1.6705747842788696
2023-07-10,2008.2335205078125,28.05940055847168,71.5846176147461,1.2423677444458008,31.928035736083984,0.36899998784065247,,92.39688110351562,27.755672454833984,11.357294082641602,87.60173797607422,14.643715858459473,14.050000190734863,83.52593994140625,3.7300000190734863,154.0816650390625,305.8717956542969,106.94444274902344,3.0090975761413574,61.890464782714844,0.9446128606796265,382.1934509277344,15.557583808898926,46.26458740234375,52.476383209228516,378.1125793457031,1.6802873611450195
2023-07-11,2048.1982421875,27.659643173217773,73.34370422363281,1.2378337383270264,32.95167922973633,0.3630000054836273,,94.17692565917969,27.637096405029297,11.385383605957031,87.35941314697266,16.576879501342773,13.5,82.8592529296875,3.75,156.13487243652344,310.9664306640625,107.39447021484375,3.1076486110687256,61.682518005371094,0.9446128606796265,383.4459533691406,15.759997367858887,46.96445846557617,52.39430618286133,378.9871520996094,1.6802873611450195
2023-07-12,2064.184326171875,27.51141929626465,71.75779724121094,1.2332994937896729,32.854190826416016,0.36399999260902405,,92.83958435058594,27.773914337158203,11.53519058227539,88.42183685302734,15.996931076049805,13.699999809265137,86.0974349975586,3.75,158.32498168945312,314.1385498046875,108.46553039550781,3.141813278198242,61.53854751586914,0.9446128606796265,394.9869079589844,15.618779182434082,47.42801284790039,53.02012252807617,380.4447937011719,1.6802873611450195
2023-07-13,2049.19775390625,27.30480194091797,72.15882873535156,1.2242310047149658,32.95167922973633,0.3659999966621399,,92.7381362915039,28.394153594970703,11.731813430786133,89.20465087890625,16.335235595703125,13.920000076293945,85.95457458496094,3.75,158.78121948242188,317.2146301269531,110.31964111328125,3.1181609630584717,61.39457702636719,0.9404515624046326,399.46014404296875,15.60936450958252,48.14607238769531,53.49205017089844,378.9871520996094,1.6802873611450195
2023-07-14,2053.19384765625,27.56981086730957,71.27473449707031,1.2196968793869019,36.55881881713867,0.36500000953674316,,91.92650604248047,28.476242065429688,11.722451210021973,90.60255432128906,16.963512420654297,13.640000343322754,83.47831726074219,3.75,157.2299041748047,318.1759033203125,109.99561309814453,3.064286231994629,64.56188201904297,0.9362902641296387,398.0287170410156,15.378706932067871,47.56436538696289,53.7280158996582,377.33514404296875,1.6705747842788696
2023-07-17,2065.183349609375,27.736000061035156,72.51429748535156,1.215162754058838,35.68140411376953,0.36500000953674316,,93.8080062866211,28.001943588256836,11.684998512268066,90.0061264038086,16.141918182373047,13.65999984741211,84.0973892211914,3.700000047683716,154.21853637695312,317.6952819824219,109.38358306884766,3.001213312149048,63.33015060424805,0.9321289658546448,380.4936218261719,15.491682052612305,47.155338287353516,53.789573669433594,370.0469055175781,1.6705747842788696
2023-07-18,2101.151611328125,27.601253509521484,73.59890747070312,1.2106285095214844,35.58391571044922,0.3630000054836273,,94.97933959960938,27.938093185424805,11.628820419311523,90.73303985595703,16.190248489379883,13.430000305175781,82.8592529296875,3.630000114440918,155.22232055664062,320.098388671875,109.38358306884766,3.1181609630584717,63.8580322265625,0.9487740993499756,385.5036315917969,15.94828987121582,46.80085372924805,53.65620803833008,383.845947265625,1.6997126340866089
2023-07-19,2101.151611328125,27.691083908081055,73.8267822265625,1.2196968793869019,36.80254364013672,0.3619999885559082,,95.85552978515625,27.755672454833984,11.722451210021973,91.08716583251953,15.996931076049805,12.600000381469727,84.90692901611328,3.5899999141693115,160.24130249023438,325.0969543457031,110.00462341308594,3.190431833267212,64.01799774169922,0.9446128606796265,398.8338928222656,16.386066436767578,47.50981521606445,54.18968200683594,378.1125793457031,1.7094252109527588
2023-07-20,2112.142333984375,28.203134536743164,75.31240844726562,1.2242310047149658,35.58391571044922,0.3630000054836273,,97.3865737915039,27.637096405029297,11.74117660522461,90.82621765136719,15.803614616394043,12.569999694824219,85.38311767578125,3.5799999237060547,161.70135498046875,322.9821472167969,108.27651977539062,3.3284037113189697,64.54588317871094,0.9404515624046326,405.8121643066406,16.936819076538086,47.718875885009766,53.54335021972656,391.9115905761719,1.7094252109527588
2023-07-21,2106.147216796875,28.319917678833008,74.86579895019531,1.2242310047149658,34.4627799987793,0.3619999885559082,,96.69483947753906,28.202608108520508,11.862895965576172,92.14956665039062,15.851943969726562,12.779999732971191,86.52600860595703,3.5999999046325684,162.79637145996094,320.86737060546875,108.63653564453125,3.3086934089660645,64.92980194091797,0.9446128606796265,409.03289794921875,16.692039489746094,47.86430358886719,53.73827362060547,392.1059265136719,1.7288504838943481
2023-07-24,2089.162353515625,28.261524200439453,75.74990844726562,1.2242310047149658,33.78034973144531,0.3619999885559082,,97.8385009765625,27.947216033935547,11.694360733032227,91.51585388183594,15.658628463745117,12.800000190734863,85.9069595336914,3.6600000858306885,161.4732208251953,319.3293762207031,108.42952728271484,3.3441717624664307,64.25794982910156,0.9362902641296387,403.5755310058594,16.885038375854492,48.60054397583008,52.82520294189453,396.2845153808594,1.7288504838943481
2023-07-25,2036.208984375,28.167200088500977,78.42955780029297,1.215162754058838,33.146663665771484,0.3619999885559082,,99.60932922363281,28.074913024902344,11.806716918945312,91.42265319824219,15.561969757080078,12.770000457763672,85.5260009765625,3.6500000953674316,160.8344268798828,325.00079345703125,108.87956237792969,3.3770220279693604,64.33793640136719,0.9487740993499756,400.0863952636719,17.07803726196289,49.291324615478516,55.297691345214844,406.2936706542969,1.7288504838943481
2023-07-26,2064.184326171875,28.257034301757812,79.20427703857422,1.2196968793869019,33.195404052734375,0.36899998784065247,,100.30107116699219,28.44887924194336,11.628820419311523,91.4413070678711,15.610298156738281,13.210000038146973,84.95453643798828,3.6500000953674316,160.15000915527344,324.42401123046875,109.77961730957031,3.425640821456909,64.1299819946289,0.9529353976249695,401.2494201660156,16.7908935546875,50.027557373046875,55.431060791015625,399.0054626464844,1.7288504838943481
2023-07-27,2083.167724609375,28.513057708740234,78.19257354736328,1.2106285095214844,33.29289627075195,0.36899998784065247,,99.4709701538086,27.883365631103516,11.553916931152344,91.3294677734375,15.368653297424316,13.600000381469727,84.14500427246094,3.6500000953674316,163.34390258789062,329.6147766113281,111.17469024658203,3.3993606567382812,64.8978042602539,0.9487740993499756,412.8798522949219,16.277799606323242,50.36386489868164,54.83602523803711,401.9207458496094,1.7094252109527588
2023-07-28,2073.176513671875,28.575939178466797,78.73944091796875,1.215162754058838,32.269248962402344,0.36899998784065247,,99.94135284423828,28.074913024902344,11.684998512268066,90.26705169677734,15.803614616394043,13.550000190734863,87.62129211425781,3.5999999046325684,160.42379760742188,325.4814147949219,110.88667297363281,3.416442632675171,64.27394104003906,0.9446128606796265,410.1064453125,16.211896896362305,51.21825408935547,55.59521484375,402.6981506347656,1.690000057220459
2023-07-31,2048.1982421875,28.194149017333984,77.43607330322266,1.2196968793869019,31.684309005737305,0.36899998784065247,,100.22727966308594,27.299612045288086,11.469650268554688,83.07254028320312,15.755284309387207,13.600000381469727,84.19261932373047,3.5899999141693115,162.65948486328125,326.8271484375,110.61666870117188,3.4006741046905518,64.04999542236328,0.9529353976249695,418.9634704589844,16.31075096130371,50.645633697509766,55.12328338623047,402.6981506347656,1.6511495113372803
2023-08-01,2028.2159423828125,28.270505905151367,77.45431518554688,1.2196968793869019,31.001876831054688,0.36800000071525574,,99.99669647216797,27.2175235748291,11.385383605957031,83.01661682128906,15.41698169708252,13.699999809265137,86.38314819335938,3.6700000762939453,164.9408416748047,323.55889892578125,109.70760345458984,3.2719006538391113,64.32192993164062,0.9487740993499756,420.2159729003906,16.235435485839844,50.28205871582031,54.92835235595703,400.6574401855469,1.622011423110962
2023-08-02,2004.2371826171875,28.14025115966797,77.28113555908203,1.2242310047149658,31.684309005737305,0.3799999952316284,,104.11941528320312,27.135433197021484,11.338567733764648,83.8713150024414,15.465311050415039,13.649999618530273,87.09745788574219,3.690000057220459,162.43136596679688,319.4254455566406,109.96862030029297,3.348114013671875,64.41791534423828,1.0444837808609009,413.23773193359375,16.136579513549805,50.36386489868164,54.34358215332031,397.3534240722656,1.6414368152618408
2023-08-03,1991.2484130859375,27.574298858642578,77.4451904296875,1.2242310047149658,31.879289627075195,0.3799999952316284,,105.50288391113281,27.053340911865234,11.170035362243652,84.15306854248047,15.078678131103516,13.899999618530273,87.66890716552734,3.609999895095825,162.43136596679688,316.3494873046875,108.47452545166016,3.353369951248169,63.778053283691406,1.0528063774108887,411.895751953125,16.517871856689453,51.145545959472656,54.0899543762207,396.09014892578125,1.7094252109527588
2023-08-04,2008.2335205078125,27.605741500854492,77.97383880615234,1.215162754058838,32.51297378540039,0.38199999928474426,,105.79802703857422,26.816192626953125,11.123220443725586,84.26577758789062,15.223665237426758,14.170000076293945,85.24026489257812,3.619999885559082,162.0663299560547,313.6579284667969,107.06143951416016,3.416442632675171,63.202178955078125,1.0153547525405884,412.5220031738281,16.692039489746094,51.318241119384766,53.7172737121582,400.26873779296875,1.7094252109527588
2023-08-07,1999.2415771484375,27.920156478881836,79.48682403564453,1.2106285095214844,31.879289627075195,0.38999998569488525,,106.96935272216797,27.326974868774414,11.226212501525879,84.05914306640625,15.175336837768555,14.270000457763672,84.52596282958984,3.7100000381469727,161.61007690429688,311.8315734863281,107.52947235107422,3.4282689094543457,63.186180114746094,1.031999945640564,410.1959228515625,17.026256561279297,49.35495376586914,54.04854202270508,400.560302734375,1.6997126340866089
2023-08-08,1974.762939453125,28.18516731262207,78.78501892089844,1.2106285095214844,31.733051300048828,0.3889999985694885,,105.22618865966797,27.363462448120117,11.188760757446289,84.05914306640625,14.643715858459473,14.09000015258789,83.6688003540039,3.7100000381469727,162.29446411132812,315.0037536621094,106.95343780517578,3.3757083415985107,63.44212341308594,1.0153547525405884,410.2853698730469,16.81443214416504,50.036643981933594,53.913963317871094,397.9365234375,1.690000057220459
2023-08-09,1983.755126953125,27.992023468017578,78.24726104736328,1.2106285095214844,31.684309005737305,0.38999998569488525,,103.94417572021484,27.062463760375977,11.282390594482422,84.3221206665039,14.692045211791992,14.0,87.71652221679688,3.740000009536743,164.3477020263672,315.0037536621094,106.95343780517578,3.426954507827759,63.31415557861328,0.9987096786499023,414.2218322753906,16.852087020874023,48.918663024902344,53.95537567138672,395.4099426269531,1.690000057220459
2023-08-10,2003.23779296875,28.095333099365234,78.29283142089844,1.2060943841934204,31.586822509765625,0.38999998569488525,,103.42768096923828,27.117191314697266,11.273027420043945,85.09226989746094,14.788703918457031,14.029999732971191,85.40694427490234,3.6500000953674316,163.3895263671875,322.88604736328125,107.79048919677734,3.3651959896087646,64.01799774169922,0.9737418293952942,414.2218322753906,17.021549224853516,48.85504150390625,54.10029983520508,394.1466369628906,1.6997126340866089
2023-08-11,1970.7666015625,28.058828353881836,77.30848693847656,1.215162754058838,31.830547332763672,0.38999998569488525,,103.51068878173828,26.60640525817871,11.188760757446289,84.56631469726562,14.498729705810547,14.1899995803833,84.14500427246094,3.7300000190734863,164.30206298828125,311.44708251953125,107.23246002197266,3.2443065643310547,63.746055603027344,0.982064425945282,417.8004150390625,16.837966918945312,50.209346771240234,53.7586784362793,389.482177734375,1.7385631799697876
2023-08-14,1980.2581787109375,27.981252670288086,77.41785430908203,1.2060943841934204,32.61046600341797,0.38999998569488525,,104.11018371582031,26.734102249145508,11.170035362243652,85.43038940429688,14.498729705810547,14.109999656677246,84.62120056152344,3.6500000953674316,165.89901733398438,308.7555847167969,106.65641784667969,3.179919719696045,63.730064392089844,1.0403225421905518,423.1683044433594,16.852087020874023,49.45493698120117,53.6551628112793,387.14996337890625,1.7191379070281982
2023-08-15,1965.7708740234375,27.935623168945312,75.5302734375,,,,,102.92964935302734,27.144554138183594,11.001501083374023,84.84807586669922,,,81.43064880371094,3.630000114440918,165.8533477783203,302.31512451171875,105.3513412475586,3.126044988632202,64.01799774169922,,423.1683044433594,16.513164520263672,48.836856842041016,53.14789962768555,381.80523681640625,
2023-08-16,1989.2503662109375,27.725719451904297,75.29203033447266,1.2015600204467773,32.0255241394043,0.3889999985694885,,102.61605072021484,26.469589233398438,10.926597595214844,84.84807586669922,14.112096786499023,14.180000305175781,80.85920715332031,3.7100000381469727,168.54537963867188,299.7197570800781,106.03538513183594,3.162837266921997,64.44990539550781,1.0278387069702148,433.9935302734375,16.724990844726562,48.53691101074219,52.961570739746094,382.77703857421875,1.7191379070281982
2023-08-17,1964.2720947265625,27.74397087097168,75.63107299804688,1.2060943841934204,31.343095779418945,0.39100000262260437,,103.05492401123047,26.39661979675293,10.832967758178711,83.8713150024414,14.112096786499023,13.90999984741211,82.78783416748047,3.7300000190734863,170.09666442871094,292.4142150878906,105.60335540771484,3.1562674045562744,64.54588317871094,1.0278387069702148,433.0094299316406,16.654382705688477,49.17316436767578,52.744171142578125,383.1657409667969,1.7094252109527588
2023-08-18,1958.277587890625,27.86717414855957,75.89681243896484,1.2060943841934204,30.124465942382812,0.39100000262260437,,104.4095687866211,26.816192626953125,10.870418548583984,83.7022476196289,14.54705810546875,13.739999771118164,78.47819519042969,3.7100000381469727,165.76210021972656,288.37689208984375,105.87337493896484,3.0813684463500977,64.14596557617188,1.0111935138702393,424.0629577636719,16.494335174560547,49.6548957824707,52.402549743652344,378.8899841308594,1.7094252109527588
2023-08-21,1953.2818603515625,27.935623168945312,75.60357666015625,1.2060943841934204,30.319448471069336,0.3919999897480011,,104.83636474609375,26.734102249145508,10.851694107055664,83.43926239013672,14.257083892822266,13.739999771118164,80.47824096679688,3.7100000381469727,166.40090942382812,286.1660461425781,106.81842803955078,3.0340638160705566,63.97001266479492,1.0070322751998901,429.7886657714844,16.536701202392578,49.818504333496094,52.30938720703125,377.626708984375,1.7094252109527588
2023-08-22,1935.2977294921875,27.62989044189453,74.00921630859375,1.2106285095214844,29.442035675048828,0.3930000066757202,,103.3518295288086,26.38749885559082,10.692522048950195,83.8713150024414,13.870450973510742,12.800000190734863,77.5257797241211,3.7100000381469727,163.9370574951172,285.2047424316406,106.40441131591797,3.062972068786621,63.570098876953125,0.9987096786499023,422.8104553222656,16.47550392150879,49.11862564086914,52.371490478515625,378.1125793457031,1.7094252109527588
2023-08-23,1938.295166015625,27.13250732421875,74.33909606933594,1.2060943841934204,29.39328956604004,0.3919999897480011,,104.0291519165039,26.734102249145508,10.758063316345215,83.53318786621094,14.208754539489746,12.1899995803833,81.62112426757812,3.740000009536743,168.7278594970703,285.9737854003906,107.4844741821289,2.9723052978515625,64.35392761230469,0.9903870820999146,429.1624755859375,16.287214279174805,48.60054397583008,52.63029098510742,372.2820129394531,1.690000057220459
2023-08-24,1941.2926025390625,27.310468673706055,73.60604858398438,1.2015600204467773,30.95313262939453,0.38999998569488525,,104.00130462646484,26.496952056884766,10.720611572265625,83.43926239013672,14.305413246154785,12.199999809265137,81.24016571044922,3.75,171.32858276367188,290.3955078125,107.28645324707031,2.900034189224243,64.6578598022461,0.9903870820999146,444.63983154296875,16.089508056640625,49.245880126953125,52.34043502807617,369.85260009765625,1.7191379070281982
2023-08-25,1951.2835693359375,27.433673858642578,74.06421661376953,1.1924917697906494,30.855642318725586,0.3919999897480011,,104.57656860351562,26.90740203857422,10.832967758178711,84.07792663574219,13.918780326843262,11.75,82.04972076416016,3.75,171.87611389160156,292.4142150878906,108.28551483154297,2.936826705932617,64.41791534423828,0.9987096786499023,447.32379150390625,16.136579513549805,49.09136199951172,52.70276641845703,370.8243408203125,1.7191379070281982
2023-08-28,,27.661832809448242,74.10086059570312,1.1924917697906494,32.07427215576172,0.38600000739097595,,105.365234375,27.062463760375977,10.898508071899414,84.43482971191406,14.112096786499023,11.0,,,176.07379150390625,293.663818359375,108.72654724121094,2.9394547939300537,64.91381072998047,1.0403225421905518,451.9759826660156,16.2636775970459,49.34585189819336,52.899444580078125,373.2537536621094,1.6802873611450195
2023-08-29,1995.2449951171875,27.716590881347656,74.77892303466797,1.1924917697906494,32.17176055908203,0.38499999046325684,,105.66215515136719,27.062463760375977,10.954686164855957,85.0547103881836,13.725462913513184,11.0,83.85929107666016,3.75,174.0662078857422,293.27935791015625,109.84262084960938,2.994643449783325,64.43390655517578,1.0403225421905518,457.1649169921875,16.400190353393555,49.691253662109375,53.11684036254883,375.4888000488281,1.7191379070281982
2023-08-30,1990.2493896484375,27.506685256958008,73.99090576171875,1.1924917697906494,33.63411331176758,0.382999986410141,,106.2374038696289,27.089828491210938,11.0108642578125,85.14862823486328,13.725462913513184,10.989999771118164,81.90685272216797,3.7200000286102295,174.02056884765625,288.4730529785156,108.96056365966797,3.0182955265045166,64.80182647705078,1.0070322751998901,462.3538513183594,16.371944427490234,49.41857147216797,53.3445930480957,378.59844970703125,1.7191379070281982
2023-08-31,1990.7490234375,27.538625717163086,72.66227722167969,1.1834232807159424,33.146663665771484,0.3799999952316284,,106.07039642333984,26.423982620239258,10.93596076965332,84.35968780517578,13.4354887008667,11.0,83.85929107666016,3.7100000381469727,174.29429626464844,286.9350280761719,108.12350463867188,3.069542407989502,65.0097885131836,1.0070322751998901,465.2167663574219,16.334285736083984,48.85002517700195,52.81663513183594,377.918212890625,1.6802873611450195
2023-09-01,1983.2554931640625,27.734844207763672,73.11125946044922,1.1471498012542725,32.61046600341797,0.3840000033378601,,106.71987915039062,26.022653579711914,10.832967758178711,84.11548614501953,13.628806114196777,11.020000457763672,81.52587890625,3.75,177.06089782714844,285.877685546875,107.0074462890625,3.0787405967712402,64.14596557617188,0.9987096786499023,468.79534912109375,16.480213165283203,48.226444244384766,52.48536682128906,376.6549377441406,1.7191379070281982
2023-09-04,1987.7515869140625,27.716590881347656,,1.124478816986084,32.90293884277344,0.382999986410141,,,,,83.42047882080078,13.193842887878418,8.954999923706055,81.43064880371094,3.6500000953674316,177.06089782714844,289.0498046875,,3.1654655933380127,63.76205825805664,1.0070322751998901,467.00604248046875,16.456676483154297,,,393.5635986328125,1.6997126340866089
2023-09-05,1992.24755859375,26.032785415649414,72.27742004394531,1.115410566329956,31.63556480407715,0.3799999952316284,,104.92916107177734,25.66692543029785,10.561441421508789,82.91331481933594,12.565566062927246,8.770000457763672,80.9544448852539,3.640000104904175,177.42977905273438,293.7599792480469,104.83831024169922,3.206200122833252,63.26616287231445,1.0070322751998901,467.3639221191406,16.513164520263672,47.82295227050781,51.760719299316406,399.2969665527344,1.6997126340866089
2023-09-06,1955.7796630859375,26.210750579833984,70.97628784179688,1.115410566329956,30.563173294067383,0.38199999928474426,,102.81367492675781,25.803747177124023,10.570804595947266,82.59398651123047,12.51723575592041,8.029999732971191,82.90687561035156,3.559999942779541,176.23094177246094,294.43280029296875,105.01831817626953,3.24824857711792,63.21818161010742,1.0153547525405884,472.1949768066406,16.62143325805664,47.24522399902344,51.522621154785156,396.8675537109375,1.6997126340866089
2023-09-07,1965.7708740234375,26.35677146911621,71.95671844482422,1.129013180732727,29.442035675048828,0.3790000081062317,,104.34461212158203,25.43889808654785,10.664434432983398,81.26029205322266,11.69564151763916,7.5,81.12112426757812,3.5999999046325684,175.5854034423828,295.3940734863281,105.8013687133789,3.288983106613159,63.8740348815918,1.0070322751998901,470.0478515625,16.5225772857666,47.07099151611328,51.936702728271484,400.6574401855469,1.6997126340866089
2023-09-08,1982.2564697265625,26.393278121948242,72.21330261230469,1.129013180732727,30.75815200805664,0.37700000405311584,,104.27040100097656,25.365928649902344,10.720611572265625,81.71111297607422,11.888958930969238,7.474999904632568,80.33538055419922,3.619999885559082,176.50759887695312,297.60498046875,106.11638641357422,3.3297176361083984,64.43390655517578,1.0153547525405884,470.7635498046875,16.334285736083984,47.73124694824219,52.2265625,397.9365234375,1.6511495113372803
2023-09-11,1999.2415771484375,26.375024795532227,72.14913940429688,1.11994469165802,30.075721740722656,0.3700000047683716,,106.5807113647461,25.329442977905273,10.926597595214844,81.42935180664062,11.7923002243042,7.284999847412109,79.2401123046875,3.5999999046325684,178.3519744873047,299.33526611328125,107.32246398925781,3.373080253601074,65.34571075439453,1.0111935138702393,477.9207458496094,16.56023597717285,48.19893264770508,52.50606918334961,401.3376770019531,1.6511495113372803
2023-09-12,2106.147216796875,26.448036193847656,73.02879333496094,1.11994469165802,29.880741119384766,0.36500000953674316,,106.1539077758789,25.26559829711914,10.739337921142578,80.58407592773438,11.985615730285645,7.199999809265137,77.66864776611328,3.130000114440918,177.61424255371094,292.12579345703125,105.81936645507812,3.2824127674102783,65.3297119140625,0.9903870820999146,483.28863525390625,16.051849365234375,48.50154495239258,52.123043060302734,397.9365234375,1.6511495113372803
2023-09-13,2083.167724609375,26.260942459106445,72.97381591796875,1.115410566329956,30.61191749572754,0.3659999966621399,,104.98482513427734,25.019325256347656,10.701886177062988,80.13325500488281,11.74397087097168,6.804999828338623,77.43054962158203,3.319999933242798,177.2914581298828,287.2234191894531,104.91031646728516,3.331031560897827,65.681640625,0.9903870820999146,488.6565246582031,16.1883602142334,48.45570373535156,52.2265625,399.7828674316406,1.6705747842788696
2023-09-14,2083.167724609375,26.292884826660156,73.89927673339844,1.129013180732727,30.563173294067383,0.367000013589859,,106.97967529296875,24.891630172729492,10.701886177062988,80.11447143554688,11.937287330627441,6.699999809265137,79.50202178955078,3.430000066757202,181.67189025878906,288.5691833496094,105.4863510131836,3.447978973388672,65.6976318359375,1.0070322751998901,496.70831298828125,16.484920501708984,49.48276138305664,52.44395065307617,403.5727233886719,1.6511495113372803
2023-09-15,2079.1708984375,26.571239471435547,72.70808410644531,1.11994469165802,31.001876831054688,0.367000013589859,,104.29822540283203,24.773054122924805,10.711248397827148,79.83271026611328,12.082274436950684,6.340000152587891,77.3353042602539,3.490000009536743,180.15025329589844,286.7427673339844,105.65735626220703,3.430896759033203,66.17752838134766,1.0070322751998901,496.5293884277344,16.55082130432129,50.014644622802734,52.52677917480469,395.118408203125,1.6317241191864014
2023-09-18,2056.19140625,26.64881134033203,72.56147766113281,1.11994469165802,31.684309005737305,0.36000001430511475,,105.70854187011719,24.709205627441406,10.767427444458008,80.41502380371094,12.082274436950684,7.414999961853027,78.93058776855469,3.549999952316284,180.8419189453125,285.0125427246094,105.95438385009766,3.367824077606201,66.62543487548828,0.9903870820999146,503.1498107910156,16.536701202392578,49.42774963378906,52.57854080200195,393.8551025390625,1.6414368152618408
2023-09-19,2083.167724609375,26.74920082092285,72.47901153564453,1.124478816986084,30.806900024414062,0.35499998927116394,,104.72504425048828,24.65447998046875,10.720611572265625,80.88461303710938,11.598982810974121,7.21999979019165,79.66869354248047,3.549999952316284,180.334716796875,280.5906982421875,105.93637084960938,3.3415439128875732,66.32149505615234,0.9945483803749084,504.0444641113281,16.583772659301758,49.35438919067383,52.26797103881836,389.6765441894531,1.6414368152618408
2023-09-20,2084.16650390625,26.758329391479492,72.73558807373047,1.129013180732727,29.978229522705078,0.3499999940395355,,104.46522521972656,24.663599014282227,10.795515060424805,81.955322265625,11.550654411315918,7.019999980926514,77.83531951904297,3.430000066757202,181.2568817138672,283.5706481933594,106.89942932128906,3.3651959896087646,66.54544830322266,0.9987096786499023,503.6866149902344,16.729700088500977,48.895870208740234,52.454307556152344,394.9240417480469,1.6608620882034302
2023-09-21,2088.163330078125,26.73551368713379,72.27742004394531,1.124478816986084,30.41693687438965,0.3499999940395355,,105.0590591430664,24.31699562072754,10.655071258544922,81.955322265625,11.067362785339355,6.809999942779541,77.21623992919922,3.309999942779541,179.3664093017578,277.3224792480469,106.89942932128906,3.295552968978882,66.59343719482422,0.982064425945282,501.18157958984375,16.574357986450195,48.648277282714844,52.371490478515625,393.6607666015625,1.6317241191864014
2023-09-22,2067.181884765625,26.65793800354004,70.53646850585938,1.11994469165802,30.709407806396484,0.3400000035762787,,102.43328094482422,23.99775505065918,10.561441421508789,81.35424041748047,11.405667304992676,6.889999866485596,77.43054962158203,3.4800000190734863,177.3375701904297,283.8590087890625,106.00838470458984,3.332345485687256,66.32149505615234,0.982064425945282,495.634765625,16.423723220825195,46.878414154052734,52.164451599121094,395.99298095703125,1.6511495113372803
2023-09-25,2057.1904296875,26.45716094970703,70.82968139648438,1.115410566329956,29.442035675048828,0.33500000834465027,,102.70234680175781,23.842695236206055,10.430359840393066,80.28352355957031,10.922375679016113,7.03000020980835,76.78766632080078,3.569999933242798,172.91104125976562,285.1086730957031,105.53135681152344,3.311321496963501,65.98556518554688,0.9903870820999146,484.00433349609375,16.0706787109375,46.41989517211914,51.501914978027344,394.43817138671875,1.6511495113372803
2023-09-26,2087.1640625,26.311140060424805,69.70262908935547,1.110876441001892,29.490781784057617,0.33399999141693115,,101.09718322753906,23.496091842651367,10.364818572998047,79.49459075927734,10.97070598602295,6.880000114440918,77.26387023925781,3.5399999618530273,172.35772705078125,277.7070007324219,103.73124694824219,3.3086934089660645,64.38592529296875,0.982064425945282,481.1414489746094,15.868266105651855,47.01596450805664,51.046417236328125,390.9397888183594,1.6317241191864014
2023-09-27,2072.17724609375,25.964338302612305,69.96835327148438,1.115410566329956,29.78325080871582,0.33399999141693115,,101.66317749023438,23.140369415283203,10.177558898925781,78.38632202148438,10.729060173034668,6.960000038146973,78.09722900390625,3.549999952316284,175.17042541503906,273.5735778808594,100.94107818603516,3.3336598873138428,64.17796325683594,0.9903870820999146,490.08795166015625,15.915338516235352,45.952213287353516,50.518463134765625,393.07769775390625,1.6511495113372803
2023-09-28,2056.19140625,26.073856353759766,69.67515563964844,1.115410566329956,29.39328956604004,0.335999995470047,,102.62811279296875,23.067399978637695,10.224374771118164,77.67253112792969,11.115693092346191,6.929999828338623,73.95426177978516,3.309999942779541,173.5104522705078,269.8246765136719,101.03107452392578,3.2548186779022217,63.63408279418945,0.982064425945282,479.1732177734375,15.985947608947754,45.787147521972656,50.93254470825195,390.3567810058594,1.6511495113372803
2023-09-29,2066.1826171875,26.02822494506836,69.10704040527344,1.115410566329956,29.539525985717773,0.33500000834465027,,100.43841552734375,22.948823928833008,10.364818572998047,78.38632202148438,11.115693092346191,6.980000019073486,73.88284301757812,3.390000104904175,174.80157470703125,273.6697082519531,101.859130859375,3.467689037322998,63.97001266479492,0.9903870820999146,486.1515197753906,16.174238204956055,46.30068588256836,51.139583587646484,393.8551025390625,1.6414368152618408
2023-10-02,2055.1923828125,25.75899887084961,67.98915100097656,1.110876441001892,28.808347702026367,0.33399999141693115,,98.99100494384766,22.374191284179688,10.149469375610352,77.25927734375,11.598982810974121,6.90500020980835,72.57327270507812,3.430000066757202,174.98597717285156,265.8835144042969,100.6080551147461,3.421699047088623,63.66607666015625,0.9945483803749084,489.9089660644531,15.792948722839355,45.15440368652344,50.45634460449219,388.8991394042969,1.6705747842788696
2023-10-03,2025.2186279296875,25.772689819335938,67.63179016113281,1.097273826599121,28.41838836669922,0.33500000834465027,,98.10027313232422,23.094762802124023,10.233736991882324,77.18413543701172,11.405667304992676,6.860000133514404,74.43046569824219,3.4000000953674316,172.9571533203125,271.65106201171875,100.02301788330078,3.227224111557007,63.76205825805664,0.9862257242202759,480.6047058105469,15.218660354614258,45.00767517089844,50.50811004638672,383.748779296875,1.6802873611450195
2023-10-04,1975.262451171875,25.99628448486328,67.32026672363281,1.101807951927185,28.808347702026367,0.32899999618530273,,96.97758483886719,23.569061279296875,10.252462387084961,77.71009063720703,11.357337951660156,6.889999866485596,74.2637939453125,3.430000066757202,169.86781311035156,276.84185791015625,101.16609191894531,3.2075138092041016,64.01799774169922,0.9862257242202759,468.79534912109375,15.251611709594727,44.33824157714844,50.653038024902344,381.41656494140625,1.6705747842788696
2023-10-05,1988.2510986328125,26.201622009277344,67.00872802734375,1.1063421964645386,28.954586029052734,0.33000001311302185,,96.34664916992188,23.760604858398438,10.280550956726074,78.59294891357422,11.115693092346191,6.809999942779541,74.12093353271484,3.4100000858306885,171.4816436767578,279.341064453125,101.09408569335938,3.19963002204895,64.62586975097656,0.9903870820999146,476.4892883300781,15.237488746643066,44.173179626464844,50.66338348388672,383.06854248046875,1.6705747842788696
2023-10-06,1982.755859375,25.658607482910156,66.7613296508789,1.115410566329956,29.539525985717773,0.33000001311302185,,95.6786117553711,23.48697280883789,10.243099212646484,77.31562805175781,11.115693092346191,6.849999904632568,70.90656280517578,3.369999885559082,169.63726806640625,282.4171447753906,99.8070068359375,3.2140839099884033,63.63408279418945,0.9903870820999146,474.8789367675781,15.242197036743164,43.49458312988281,49.91802978515625,378.9871520996094,1.6705747842788696
2023-10-09,1948.7860107421875,25.690549850463867,67.71427154541016,1.101807951927185,29.14956283569336,0.32899999618530273,,97.8775863647461,23.140369415283203,10.514625549316406,77.29684448242188,11.21235179901123,6.809999942779541,72.8590087890625,3.2100000381469727,169.4528350830078,279.14886474609375,101.3551025390625,3.283726930618286,63.906028747558594,0.9903870820999146,474.6999816894531,15.48697566986084,43.302005767822266,49.710994720458984,383.3600769042969,1.6705747842788696
2023-10-10,1987.2520751953125,26.19706153869629,67.94335174560547,1.101807951927185,29.295799255371094,0.32499998807907104,,96.94974517822266,23.37751579284668,10.767427444458008,79.43824768066406,10.729060173034668,6.78000020980835,72.90662384033203,3.3399999141693115,171.34332275390625,281.84039306640625,102.4981689453125,3.447978973388672,63.76205825805664,0.982064425945282,480.4257507324219,15.792948722839355,44.33824157714844,50.20789337158203,390.2596130371094,1.6705747842788696
2023-10-11,1965.2713623046875,26.347644805908203,67.53101348876953,1.101807951927185,29.442035675048828,0.328000009059906,,94.6301498413086,23.5599422454834,10.898508071899414,79.64486694335938,11.21235179901123,6.775000095367432,71.23992156982422,3.3399999141693115,173.18771362304688,284.3759765625,104.81130981445312,3.4558629989624023,64.22595977783203,0.982064425945282,486.8672180175781,15.684680938720703,44.20986557006836,50.04226303100586,386.5668640136719,1.6705747842788696
2023-10-12,1969.7674560546875,25.302682876586914,66.67884063720703,1.1063421964645386,30.75815200805664,0.328000009059906,,93.97138977050781,23.21333885192871,10.701886177062988,79.06256103515625,11.840628623962402,6.760000228881836,72.76702117919922,3.3399999141693115,173.833251953125,286.71649169921875,102.31816864013672,3.4282689094543457,64.73784637451172,0.982064425945282,488.1196594238281,15.49638843536377,43.201133728027344,49.452186584472656,387.44146728515625,1.6608620882034302
2023-10-13,1939.7938232421875,25.215984344482422,67.18282318115234,1.124478816986084,30.855642318725586,0.32899999618530273,,94.79715728759766,22.985307693481445,10.692522048950195,78.06700134277344,11.598982810974121,7.0,71.52313232421875,3.3499999046325684,172.12718200683594,280.1824645996094,102.84019470214844,3.478201389312744,64.75383758544922,0.982064425945282,485.61468505859375,15.868266105651855,42.660091400146484,49.483245849609375,388.6075744628906,1.6608620882034302
2023-10-16,1969.267822265625,25.348312377929688,68.2823715209961,1.124478816986084,31.099369049072266,0.33000001311302185,,95.87346649169922,22.912338256835938,10.767427444458008,77.97306823730469,11.647313117980957,7.059999942779541,72.33644104003906,3.309999942779541,173.69493103027344,281.3527526855469,102.5701675415039,3.3665101528167725,64.38592529296875,0.982064425945282,482.57293701171875,15.727046012878418,43.43955993652344,49.70064163208008,383.3600769042969,1.6608620882034302
2023-10-17,1990.7490234375,25.211421966552734,68.90547180175781,1.124478816986084,31.343095779418945,0.33000001311302185,,97.5342788696289,22.474523544311523,10.786152839660645,77.59739685058594,11.309008598327637,7.199999809265137,73.580322265625,3.3499999046325684,173.14158630371094,278.0369873046875,102.6061782836914,3.3441717624664307,65.3297119140625,0.982064425945282,485.4357604980469,15.821192741394043,43.283668518066406,50.08366775512695,380.9306640625,1.6802873611450195
2023-10-18,1966.2703857421875,25.170351028442383,68.2823715209961,1.124478816986084,30.61191749572754,0.33000001311302185,,97.7105712890625,22.374191284179688,10.767427444458008,78.08577728271484,11.598982810974121,7.130000114440918,71.18824005126953,3.2200000286102295,170.42112731933594,278.134521484375,101.76012420654297,3.3651959896087646,65.10575866699219,0.982064425945282,479.5311279296875,15.849434852600098,43.036067962646484,50.062957763671875,376.9464416503906,1.7094252109527588
2023-10-19,1939.294189453125,25.11102867126465,67.6593017578125,1.142615556716919,29.295799255371094,0.33000001311302185,,96.17036437988281,22.60222053527832,10.673796653747559,78.40511322021484,10.922375679016113,7.039999961853027,71.18824005126953,3.1600000858306885,167.97732543945312,277.25677490234375,98.87995147705078,3.242992401123047,64.52989196777344,1.0403225421905518,473.6264343261719,15.665851593017578,42.724281311035156,50.09402084350586,375.10009765625,1.7094252109527588
2023-10-20,1927.8043212890625,24.84180450439453,66.7521743774414,1.133547306060791,29.344545364379883,0.32899999618530273,,94.26830291748047,22.511009216308594,10.683159828186035,77.61617279052734,10.680730819702148,7.300000190734863,69.32242584228516,3.1500000953674316,162.39805603027344,275.59893798828125,98.83494567871094,3.116847038269043,64.2099609375,1.031999945640564,457.70172119140625,15.477560997009277,42.44916915893555,49.89733123779297,351.38909912109375,1.7094252109527588
2023-10-23,1947.287109375,25.038021087646484,66.33982849121094,1.11994469165802,29.295799255371094,0.3269999921321869,,94.11984252929688,22.438039779663086,10.748700141906738,77.91671752929688,10.87404727935791,7.139999866485596,69.80083465576172,3.109999895095825,160.8764190673828,272.1855773925781,97.9259033203125,3.0669143199920654,63.61808776855469,1.0236773490905762,451.6180725097656,15.31280517578125,41.422096252441406,50.2700080871582,351.19476318359375,1.6802873611450195
2023-10-24,1950.2845458984375,25.330060958862305,63.65509033203125,1.124478816986084,28.75960350036621,0.3269999921321869,,93.45179748535156,22.529251098632812,10.786152839660645,79.2503890991211,10.97070598602295,7.130000114440918,69.75299835205078,3.200000047683716,161.7525177001953,273.35589599609375,98.69994354248047,2.9867591857910156,64.1299819946289,1.0236773490905762,456.62811279296875,15.119806289672852,41.69721221923828,50.24930191040039,351.4862976074219,1.7094252109527588
2023-10-25,1964.77197265625,25.416759490966797,65.10283660888672,1.11994469165802,28.61336898803711,0.3269999921321869,,94.80644226074219,22.365070343017578,10.889144897460938,80.32109069824219,10.82571792602539,7.355000019073486,72.36036682128906,3.0299999713897705,163.1819305419922,270.9178466796875,98.78095245361328,2.938140630722046,64.91381072998047,1.0236773490905762,453.4073791503906,15.03036880493164,41.60550308227539,50.23895263671875,350.0286560058594,1.7094252109527588
2023-10-26,1954.7806396484375,25.476085662841797,65.83586120605469,1.115410566329956,28.6621150970459,0.32499998807907104,,98.70335388183594,22.182645797729492,11.11385726928711,79.23162078857422,10.390755653381348,7.15500020980835,69.84867858886719,3.2200000286102295,163.27415466308594,292.4703674316406,98.70894622802734,2.947702169418335,59.81092071533203,1.0153547525405884,458.41741943359375,15.284562110900879,42.10987091064453,48.92422866821289,346.62750244140625,1.7094252109527588
2023-10-27,1948.2862548828125,25.635793685913086,64.1773681640625,1.110876441001892,28.954586029052734,0.3240000009536743,,97.8126449584961,22.027585983276367,10.879781723022461,78.36753845214844,11.019033432006836,7.164999961853027,69.3702621459961,3.0799999237060547,164.1963348388672,299.2969055175781,96.44080352783203,2.9326767921447754,59.506988525390625,1.0070322751998901,462.1749267578125,15.157464981079102,41.83475875854492,47.889015197753906,349.056884765625,1.7191379070281982
2023-10-30,1984.754150390625,25.83201026916504,65.44185638427734,1.110876441001892,28.6621150970459,0.3240000009536743,,98.777587890625,22.027585983276367,11.123220443725586,79.2503890991211,11.019033432006836,7.164999961853027,68.891845703125,3.200000047683716,164.28855895996094,304.9532165527344,97.619873046875,3.0064375400543213,60.45078659057617,1.0070322751998901,465.7535095214844,15.176294326782227,42.43083190917969,48.61366271972656,354.20721435546875,1.7191379070281982
2023-10-31,2024.219482421875,25.55365562438965,65.57930755615234,1.110876441001892,29.100820541381836,0.3240000009536743,,98.33223724365234,21.66274070739746,11.170035362243652,79.58850860595703,10.632401466369629,7.164999961853027,71.04471588134766,3.0899999141693115,167.19346618652344,308.7566223144531,96.98983764648438,3.0064375400543213,61.53854751586914,1.0070322751998901,473.0896301269531,14.940929412841797,42.50419235229492,49.01739501953125,354.693115234375,1.7191379070281982
2023-11-01,2076.174072265625,25.9187068939209,65.39603424072266,,,,,98.40646362304688,21.680984497070312,11.357294082641602,79.58850860595703,,,70.61415100097656,3.109999895095825,165.76406860351562,308.5615234375,98.4029312133789,2.9326767921447754,61.97045135498047,,476.8471374511719,14.710272789001465,42.614234924316406,48.87247085571289,352.9439392089844,
2023-11-02,2103.150146484375,25.98715591430664,66.358154296875,,29.247055053710938,,,97.8590316772461,21.890769958496094,11.404109954833984,80.50894165039062,10.729060173034668,7.239999771118164,72.81485748291016,3.3299999237060547,167.51622009277344,320.3617858886719,99.87902069091797,3.0255608558654785,62.53032684326172,,482.2150573730469,14.98800277709961,43.61379623413086,49.348663330078125,357.3168640136719,
2023-11-03,2122.13330078125,25.850261688232422,66.80714416503906,1.0927397012710571,28.954586029052734,0.32600000500679016,,98.40646362304688,21.854286193847656,11.460287094116211,81.63599395751953,10.439085960388184,7.085000038146973,71.1404037475586,3.5,166.50181579589844,329.1388244628906,99.59099578857422,3.0351223945617676,62.178401947021484,1.0111935138702393,479.1732177734375,14.86561393737793,43.15528106689453,49.31760025024414,357.802734375,1.7191379070281982
2023-11-06,2104.149169921875,25.86395263671875,66.4864273071289,1.097273826599121,29.19831085205078,0.32499998807907104,,97.8126449584961,21.589771270751953,11.432197570800781,81.37300109863281,10.632401466369629,7.150000095367432,73.19759368896484,3.5,165.44126892089844,329.7239685058594,99.79800415039062,3.0446841716766357,62.46634292602539,1.0236773490905762,477.026123046875,13.862961769104004,42.715110778808594,49.41077423095703,356.6366271972656,1.6511495113372803
2023-11-07,2248.0224609375,26.09210777282715,66.07410430908203,1.0927397012710571,29.295799255371094,0.32499998807907104,,97.07038116455078,21.799556732177734,11.404109954833984,81.50448608398438,10.680730819702148,7.099999904632568,70.80551147460938,3.490000009536743,161.8447265625,336.6480712890625,99.3299789428711,2.8998939990997314,62.89824676513672,1.0153547525405884,465.2167663574219,13.688791275024414,42.84349822998047,49.483245849609375,349.5427551269531,1.7288504838943481
2023-11-08,2304.97265625,24.21208953857422,66.00080871582031,1.0927397012710571,29.247055053710938,0.32499998807907104,,95.34459686279297,21.553285598754883,11.432197570800781,81.05368041992188,10.680730819702148,7.065000057220459,71.23606872558594,3.450000047683716,171.066650390625,335.0877380371094,98.83494567871094,2.8903326988220215,63.21818161010742,1.0111935138702393,481.49932861328125,13.505208015441895,42.495018005371094,49.49359893798828,358.48297119140625,1.7288504838943481
2023-11-09,2332.94775390625,24.536073684692383,66.11992645263672,1.0927397012710571,29.052074432373047,0.32499998807907104,,96.37450408935547,21.544166564941406,11.450923919677734,81.26029205322266,10.680730819702148,7.099999904632568,70.80551147460938,3.4000000953674316,174.98597717285156,339.768798828125,99.24897003173828,2.966825246810913,62.97822570800781,1.019516110420227,516.3905639648438,13.669962882995605,42.55004119873047,50.24930191040039,360.912353515625,1.690000057220459
2023-11-10,2327.952392578125,24.41286849975586,66.43146514892578,1.097273826599121,28.6621150970459,0.32499998807907104,,96.98686981201172,21.544166564941406,11.507102012634277,79.5697250366211,10.390755653381348,7.119999885559082,69.3702621459961,3.359999895095825,173.46438598632812,334.6001281738281,99.21297454833984,2.8985283374786377,62.642303466796875,1.0236773490905762,508.6966247558594,13.382818222045898,43.05440902709961,50.145782470703125,354.01287841796875,1.6705747842788696
2023-11-13,2340.94091796875,24.641027450561523,66.92625427246094,1.1074680089950562,27.297252655029297,0.3240000009536743,,96.5693359375,21.65361785888672,11.647546768188477,80.09567260742188,10.487414360046387,7.079999923706055,70.0400390625,3.3499999046325684,172.8649444580078,339.5737609863281,98.51092529296875,2.894430637359619,62.642303466796875,1.0278387069702148,512.9909057617188,13.283965110778809,41.83475875854492,50.0008544921875,353.04107666015625,1.6705747842788696
2023-11-14,2333.947021484375,24.7459774017334,68.09716796875,1.0935667753219604,27.54097557067871,0.32199999690055847,,98.53634643554688,22.565732955932617,11.844169616699219,80.47137451171875,10.632401466369629,7.175000190734863,70.44669342041016,3.299999952316284,173.787109375,344.44989013671875,100.39204406738281,2.959995746612549,62.67429733276367,1.0236773490905762,523.3688354492188,14.1736421585083,43.77885818481445,50.518463134765625,360.232177734375,1.6802873611450195
2023-11-15,2353.9296875,24.522384643554688,68.44752502441406,1.088932991027832,27.443485260009766,0.32199999690055847,,99.08378601074219,22.55661392211914,11.713088035583496,80.18960571289062,10.82571792602539,7.139999866485596,71.1404037475586,3.25,174.66319274902344,346.9854736328125,100.57205200195312,3.018731117248535,60.818702697753906,1.019516110420227,518.7166748046875,14.540809631347656,44.301570892333984,50.052616119384766,367.03448486328125,1.6802873611450195
2023-11-16,2351.931396484375,24.43568229675293,68.15249633789062,1.1028342247009277,27.248506546020508,0.32100000977516174,,98.89985656738281,22.27385711669922,11.769265174865723,78.38632202148438,11.405667304992676,7.110000133514404,70.7576675415039,3.2899999618530273,171.61997985839844,344.8399963378906,99.78901672363281,2.8780391216278076,60.24282455444336,1.0236773490905762,515.3170166015625,13.778229713439941,44.319908142089844,49.85823440551758,360.3293151855469,1.6802873611450195
2023-11-17,2377.908447265625,24.298791885375977,68.18936157226562,1.1028342247009277,27.833446502685547,0.3230000138282776,,99.71211242675781,22.57485580444336,11.769265174865723,78.16091918945312,10.97070598602295,7.239999771118164,70.27925872802734,3.3299999237060547,173.24691772460938,351.0814208984375,100.22103881835938,2.8998939990997314,62.274383544921875,1.0153547525405884,515.3170166015625,13.806473731994629,44.69588851928711,49.471580505371094,362.5643615722656,1.6802873611450195
2023-11-20,2341.940185546875,24.14364242553711,67.86668395996094,1.0935667753219604,28.467134475708008,0.3199999928474426,,100.55237579345703,22.492765426635742,11.806716918945312,77.82279968261719,10.729060173034668,7.099999904632568,69.08321380615234,3.309999942779541,173.61878967285156,352.056640625,99.58199310302734,2.8261334896087646,62.59431838989258,1.036161184310913,518.0009155273438,13.754693031311035,44.39326858520508,49.095359802246094,359.94061279296875,1.6705747842788696
2023-11-21,2357.92578125,24.221216201782227,67.9773178100586,1.088932991027832,28.710859298706055,0.3190000057220459,,101.01920318603516,22.492765426635742,11.937799453735352,77.91671752929688,10.729060173034668,7.199999809265137,68.60479736328125,3.299999952316284,173.20042419433594,353.0318603515625,101.39110565185547,2.7551043033599854,62.43434143066406,1.036161184310913,519.0745239257812,13.566401481628418,43.998939514160156,49.80598449707031,356.5394287109375,1.6511495113372803
2023-11-22,2367.9169921875,24.390052795410156,68.53050994873047,1.0935667753219604,28.41838836669922,0.3179999887943268,,102.27027130126953,22.729915618896484,11.993977546691895,79.08133697509766,10.487414360046387,7.235000133514404,70.42278289794922,3.3299999237060547,175.19924926757812,351.86163330078125,101.92213439941406,2.7414450645446777,63.28216552734375,1.0486451387405396,526.0527954101562,13.50991439819336,44.02645492553711,49.93138885498047,352.36090087890625,1.6705747842788696
2023-11-23,2369.91552734375,24.444808959960938,,1.0982004404067993,28.467134475708008,0.3149999976158142,,,,,78.57416534423828,10.58407211303711,7.110000133514404,70.66197967529297,3.3299999237060547,177.43051147460938,357.6154479980469,,2.7537386417388916,63.28216552734375,1.0444837808609009,524.621337890625,13.745279312133789,,,356.3451232910156,1.6705747842788696
2023-11-24,2369.91552734375,24.54520034790039,68.50283813476562,1.0935667753219604,28.22340965270996,0.3149999976158142,,100.84180450439453,22.57485580444336,12.153146743774414,78.89350128173828,10.922375679016113,7.15500020980835,71.23606872558594,3.3299999237060547,179.05746459960938,354.2996826171875,102.55216979980469,2.832962989807129,63.5061149597168,1.0444837808609009,528.9156494140625,13.844131469726562,44.29240036010742,50.08814239501953,360.3293151855469,1.6705747842788696
2023-11-27,2375.910400390625,24.37179946899414,67.47943878173828,1.0935667753219604,27.735958099365234,0.31299999356269836,,100.40300750732422,22.410675048828125,12.134422302246094,78.3487548828125,10.87404727935791,7.125,71.23606872558594,3.3399999141693115,179.24342346191406,351.0814208984375,102.44416809082031,2.8384270668029785,63.97001266479492,1.0444837808609009,529.0946044921875,13.702913284301758,43.64130783081055,49.983642578125,359.94061279296875,1.6414368152618408
2023-11-28,2370.91455078125,24.16645622253418,68.27235412597656,1.088932991027832,27.97968292236328,0.3149999976158142,,101.21525573730469,22.337705612182617,12.16250991821289,78.16091918945312,10.87404727935791,7.139999866485596,72.19290924072266,3.3499999046325684,177.80235290527344,341.52423095703125,101.859130859375,2.8466227054595947,64.25794982910156,1.0444837808609009,522.6531372070312,13.585230827331543,44.00811767578125,50.05678939819336,352.9439392089844,1.6608620882034302
2023-11-29,2385.901611328125,24.03868865966797,67.47943878173828,1.0982004404067993,27.930936813354492,0.3149999976158142,,100.92583465576172,22.118797302246094,12.171873092651367,77.69131469726562,10.632401466369629,7.215000152587891,71.09256744384766,3.309999942779541,178.73207092285156,340.8415222167969,102.11113739013672,2.8616480827331543,63.92201614379883,1.0444837808609009,523.0109252929688,13.481670379638672,43.182796478271484,49.670127868652344,351.6806335449219,1.6511495113372803
2023-11-30,2375.910400390625,24.23946762084961,67.9773178100586,1.0982004404067993,28.125919342041016,0.3190000057220459,,102.578369140625,22.611339569091797,12.096969604492188,78.79957580566406,9.955794334411621,7.269999980926514,71.66665649414062,3.25,178.778564453125,346.3028259277344,102.53417205810547,2.69636869430542,63.69807434082031,1.0403225421905518,530.3471069335938,12.80382251739502,43.40519332885742,49.8477897644043,355.9563903808594,1.6511495113372803
2023-12-01,2382.904052734375,24.171022415161133,69.22198486328125,1.0982004404067993,28.32089614868164,0.3199999928474426,,101.96216583251953,22.46540069580078,11.993977546691895,78.3299789428711,10.342426300048828,7.300000190734863,70.70983123779297,3.240000009536743,178.03480529785156,347.2780456542969,102.51617431640625,2.674513578414917,64.24195098876953,1.0569676160812378,530.8839111328125,12.916796684265137,44.665462493896484,50.067237854003906,352.36090087890625,1.6705747842788696
2023-12-04,2389.897705078125,24.367237091064453,68.80708312988281,1.0982004404067993,27.930936813354492,0.3149999976158142,,100.58972930908203,22.27385711669922,11.975250244140625,79.23162078857422,10.052452087402344,7.244999885559082,70.94903564453125,3.299999952316284,177.05865478515625,348.83837890625,103.28121948242188,2.6499269008636475,65.21774291992188,1.0569676160812378,527.842041015625,12.634358406066895,46.16666793823242,50.26579666137695,351.6806335449219,1.612298846244812
2023-12-05,2401.88720703125,24.755107879638672,68.35531616210938,1.0842992067337036,27.97968292236328,0.31700000166893005,,99.05856323242188,21.854286193847656,11.787991523742676,79.23162078857422,10.052452087402344,7.210000038146973,71.42745208740234,3.309999942779541,177.19808959960938,344.9375,102.13815307617188,2.551579236984253,65.48967742919922,1.0528063774108887,529.9892578125,12.737918853759766,46.27786636352539,49.88958740234375,349.3484191894531,1.6511495113372803
2023-12-06,2422.869140625,24.531511306762695,67.47943878173828,1.0796655416488647,28.125919342041016,0.3149999976158142,,97.29399871826172,21.69922637939453,11.834806442260742,80.49014282226562,10.052452087402344,7.25,73.580322265625,3.0999999046325684,173.38636779785156,349.5210876464844,102.26416015625,2.5044541358947754,65.2977294921875,1.0528063774108887,528.7367553710938,12.926209449768066,46.50953674316406,49.92094039916992,347.3077087402344,1.6025861501693726
2023-12-07,2426.865478515625,24.714033126831055,68.06951141357422,1.0842992067337036,28.028427124023438,0.3149999976158142,,97.19129180908203,21.872526168823242,11.937799453735352,81.61720275878906,10.00412368774414,7.090000152587891,72.14508056640625,3.049999952316284,171.85240173339844,351.66656494140625,101.37309265136719,2.4832818508148193,64.70585632324219,1.0611289739608765,521.9373779296875,12.841479301452637,47.760536193847656,50.09858703613281,348.959716796875,1.6511495113372803
2023-12-08,2419.87158203125,24.891998291015625,67.99577331542969,1.0842992067337036,28.028427124023438,0.3149999976158142,,97.56475067138672,21.890769958496094,11.937799453735352,82.16194152832031,9.588493347167969,7.199999809265137,71.3317642211914,3.0999999046325684,170.7367401123047,351.37396240234375,101.75112915039062,2.509917974472046,64.70585632324219,1.0569676160812378,519.2534790039062,12.860308647155762,47.612274169921875,49.58652877807617,351.5834655761719,1.6511495113372803
2023-12-11,2452.842529296875,24.83724021911621,69.22198486328125,1.0564967393875122,27.443485260009766,0.3140000104904175,,98.03158569335938,21.717466354370117,11.965887069702148,82.10558319091797,9.569160461425781,7.125,72.76702117919922,3.049999952316284,172.6426239013672,354.7872619628906,101.30110168457031,2.6191930770874023,64.38592529296875,1.0528063774108887,522.2952880859375,12.921504020690918,47.482540130615234,49.49247741699219,352.6523742675781,1.6511495113372803
2023-12-12,2441.85205078125,24.467626571655273,68.76099395751953,1.061130404472351,27.19976043701172,0.3100000023841858,,97.45271301269531,21.598892211914062,12.040791511535645,82.4249267578125,9.22119140625,7.144999980926514,72.47997283935547,3.0999999046325684,172.17779541015625,353.9095764160156,101.59811401367188,2.6601717472076416,64.75383758544922,1.0611289739608765,518.8956298828125,12.775577545166016,46.490997314453125,49.68058776855469,350.7088623046875,1.6511495113372803
2023-12-13,2438.85498046875,23.94286346435547,69.387939453125,1.061130404472351,27.394742965698242,0.3089999854564667,,98.15293884277344,21.909011840820312,12.096969604492188,83.36412811279297,9.143865585327148,7.135000228881836,72.24075317382812,3.049999952316284,171.29457092285156,348.54583740234375,101.77812957763672,2.7093453407287598,64.62586975097656,1.0736128091812134,514.9591064453125,12.808527946472168,48.455543518066406,50.276248931884766,352.45806884765625,1.6414368152618408
2023-12-14,2388.347900390625,23.710140228271484,70.45742797851562,1.070397973060608,27.882192611694336,0.3050000071525574,,98.32098388671875,22.401554107666016,12.003339767456055,85.56187438964844,8.950549125671387,7.150000095367432,71.76233673095703,2.940000057220459,173.20042419433594,350.0086669921875,101.2470932006836,3.1826441287994385,63.938018798828125,1.0819354057312012,518.7166748046875,13.298087120056152,48.492618560791016,49.95228958129883,355.47052001953125,1.622011423110962
2023-12-15,2368.361572265625,23.897232055664062,69.8396987915039,1.0750317573547363,27.78470230102539,0.30399999022483826,,97.826171875,22.127920150756836,11.825443267822266,85.0547103881836,9.259855270385742,8.510000228881836,70.90119171142578,2.990000009536743,169.29576110839844,347.57061767578125,101.15709686279297,2.748274803161621,62.49833297729492,1.0819354057312012,506.19158935546875,13.175697326660156,48.010738372802734,49.502933502197266,354.01287841796875,1.6317241191864014
2023-12-18,2357.369384765625,23.956554412841797,66.6957778930664,1.0750317573547363,27.687211990356445,0.3019999861717224,,96.84585571289062,22.337705612182617,11.928436279296875,85.41160583496094,9.298518180847168,9.75,70.90119171142578,3.1500000953674316,170.7367401123047,352.3492126464844,101.76912689208984,3.321970224380493,62.32237243652344,1.0944193601608276,508.1598205566406,13.293378829956055,47.91807556152344,49.81643295288086,354.8874816894531,1.6414368152618408
2023-12-19,2377.355224609375,23.84247398376465,68.17093658447266,1.070397973060608,27.78470230102539,0.30000001192092896,,98.28364562988281,22.511009216308594,11.872258186340332,85.82485961914062,9.356513977050781,10.399999618530273,71.76233673095703,3.1500000953674316,171.43402099609375,354.007080078125,100.97708892822266,3.449002742767334,62.38636016845703,1.090258002281189,510.8437805175781,13.434597969055176,47.973670959472656,50.08814239501953,356.2479248046875,1.6511495113372803
2023-12-20,2375.356689453125,24.061506271362305,65.16527557373047,1.0657641887664795,27.882192611694336,0.30000001192092896,,94.83854675292969,22.255615234375,11.806716918945312,86.16297149658203,9.027875900268555,9.854999542236328,72.2885971069336,3.190000057220459,164.60084533691406,355.5674743652344,100.03201293945312,3.5405209064483643,61.92245864868164,1.0985805988311768,499.39227294921875,13.444011688232422,47.40840148925781,49.73283004760742,353.2354736328125,1.6511495113372803
2023-12-21,2373.3583984375,23.983932495117188,65.39579010009766,1.0657641887664795,27.394742965698242,0.3059999942779541,,94.51177215576172,22.656946182250977,11.993977546691895,85.59944152832031,9.06653881072998,9.989999771118164,73.10191345214844,3.2100000381469727,164.4149169921875,359.07830810546875,101.95813751220703,3.5500826835632324,62.11442184448242,1.0777740478515625,497.424072265625,13.632303237915039,47.87173843383789,49.99409484863281,351.0975646972656,1.6414368152618408
2023-12-22,2364.3642578125,23.860727310180664,65.88442993164062,1.0657641887664795,27.394742965698242,0.30300000309944153,,94.8945541381836,22.720794677734375,11.975250244140625,86.2005386352539,9.04720687866211,9.649999618530273,73.4846420288086,3.140000104904175,163.48524475097656,359.5658874511719,102.1021499633789,3.4981768131256104,61.81048583984375,1.0819354057312012,481.3204040527344,13.566401481628418,48.13121032714844,50.26579666137695,351.00042724609375,1.6414368152618408
2023-12-26,,,66.74186706542969,,,,,95.68814849853516,22.793764114379883,12.040791511535645,,,,,,,,102.50717163085938,,,,,,48.58527755737305,50.297149658203125,,
2023-12-27,2370.35986328125,23.783151626586914,66.5390396118164,1.0564967393875122,27.102270126342773,0.30000001192092896,,95.24000549316406,22.821128845214844,12.125059127807617,86.50108337402344,8.795896530151367,9.699999809265137,73.53247833251953,3.1700000762939453,166.7855987548828,362.6866149902344,103.23621368408203,3.5924265384674072,62.162410736083984,1.0985805988311768,499.39227294921875,13.707620620727539,48.946678161621094,50.56885528564453,354.01287841796875,1.6317241191864014
2023-12-28,2367.362060546875,23.783151626586914,66.63121795654297,1.0472291707992554,27.63846778869629,0.2980000078678131,,94.87590026855469,22.994428634643555,12.106332778930664,86.25688934326172,9.04720687866211,9.760000228881836,73.91520690917969,3.0999999046325684,167.62232971191406,362.00396728515625,103.26322174072266,3.585597038269043,62.61030578613281,1.0985805988311768,503.1498107910156,13.533451080322266,49.73434066772461,50.66291046142578,352.45806884765625,1.6317241191864014
2023-12-29,2365.363525390625,23.742084503173828,66.58513641357422,1.0518629550933838,27.97968292236328,0.3100000023841858,,94.25035095214844,22.830249786376953,12.125059127807617,86.3508071899414,8.77656364440918,9.149999618530273,75.68535614013672,3.069999933242798,169.20277404785156,361.9064636230469,104.0732650756836,3.584230899810791,63.05820846557617,1.1152257919311523,509.2334289550781,13.472256660461426,49.808475494384766,50.66291046142578,351.00042724609375,1.6414368152618408
2024-01-02,2369.361083984375,24.289663314819336,67.08300018310547,1.0518629550933838,27.833446502685547,0.30000001192092896,,94.76384735107422,22.55661392211914,12.190600395202637,85.52429962158203,8.73790168762207,9.335000038146973,74.01089477539062,3.200000047683716,170.4578857421875,357.71295166015625,103.95626068115234,3.5992565155029297,63.1381950378418,1.1069031953811646,504.9390869140625,13.472256660461426,51.45794677734375,50.673362731933594,353.7213439941406,1.6511495113372803
2024-01-03,2368.361572265625,24.682092666625977,67.42412567138672,1.0518629550933838,27.5897216796875,0.30000001192092896,,93.61547088623047,22.57485580444336,12.349769592285156,85.12983703613281,8.795896530151367,9.375,74.48931121826172,3.200000047683716,172.54965209960938,353.12939453125,104.9283218383789,3.585597038269043,64.6578598022461,1.131870985031128,514.42236328125,13.316916465759277,50.60541915893555,50.83012008666992,354.01287841796875,1.6511495113372803
2024-01-04,2372.35888671875,24.700345993041992,66.15180969238281,1.0564967393875122,27.78470230102539,0.3019999861717224,,92.38307189941406,22.81200408935547,12.36849594116211,84.73536682128906,8.699237823486328,9.489999771118164,73.96305847167969,3.25,175.524658203125,354.8847961425781,104.55030059814453,3.638868570327759,64.68984985351562,1.1152257919311523,526.5895385742188,13.283965110778809,50.18841552734375,51.06000900268555,357.1225280761719,1.6608620882034302
2024-01-05,2344.378173828125,24.641027450561523,65.28514862060547,1.0472291707992554,27.97968292236328,0.3019999861717224,,91.51480865478516,22.821128845214844,12.33104419708252,84.22820281982422,8.795896530151367,9.420000076293945,73.580322265625,3.3299999237060547,175.4317169189453,356.542724609375,104.22627258300781,3.6197452545166016,64.28994750976562,1.1110645532608032,528.7367553710938,13.21335506439209,50.89268112182617,50.95551300048828,341.6715087890625,1.6414368152618408
2024-01-08,2361.366455078125,24.659276962280273,65.51564025878906,1.042595386505127,28.467134475708008,0.3019999861717224,,92.57915496826172,22.912338256835938,12.480852127075195,84.69780731201172,8.699237823486328,9.15999984741211,74.2500991821289,3.200000047683716,175.15277099609375,357.3228454589844,105.0813217163086,3.5036404132843018,64.8978042602539,1.1152257919311523,533.5678100585938,13.236891746520996,50.874149322509766,51.457130432128906,337.2013854980469,1.6608620882034302
2024-01-09,2348.375244140625,24.61821174621582,65.15605926513672,1.0472291707992554,29.19831085205078,0.30300000309944153,,90.25439453125,22.921459197998047,12.434036254882812,85.28012084960938,8.660573959350586,9.244999885559082,74.34577941894531,3.109999895095825,175.4317169189453,358.2005615234375,104.12726593017578,3.4449050426483154,65.36170959472656,1.1110645532608032,531.599609375,13.133331298828125,51.272621154785156,51.41532516479492,342.54608154296875,1.690000057220459
2024-01-10,2334.38525390625,24.362672805786133,63.92061233520508,1.042595386505127,29.344545364379883,0.3019999861717224,,88.61121368408203,23.1677303314209,12.499578475952148,85.50552368164062,8.660573959350586,9.244999885559082,73.6760025024414,3.2200000286102295,173.5723114013672,354.2021789550781,103.47923278808594,3.429879665374756,65.58565521240234,1.1110645532608032,523.1898803710938,12.79440689086914,50.50347900390625,51.0809211730957,343.323486328125,1.6802873611450195
2024-01-11,2252.441650390625,24.54520034790039,64.04969787597656,1.0333279371261597,28.857093811035156,0.30000001192092896,,88.99398803710938,24.0159969329834,12.424674034118652,87.36515045166016,8.505921363830566,9.239999771118164,72.81485748291016,3.299999952316284,169.6676483154297,354.9823303222656,102.53417205810547,3.469491958618164,65.42569732666016,1.1152257919311523,516.211669921875,12.81323528289795,50.29961013793945,50.98686599731445,341.37994384765625,1.6997126340866089
2024-01-12,2263.43408203125,24.171022415161133,64.13268280029297,1.0472291707992554,29.539525985717773,0.29899999499320984,,88.592529296875,24.399085998535156,12.462126731872559,87.4215087890625,8.428594589233398,9.270000457763672,72.09722900390625,3.299999952316284,171.4805145263672,358.1030578613281,103.04719543457031,3.4121222496032715,66.19352722167969,1.1152257919311523,521.5795288085938,12.398994445800781,50.84634017944336,51.352622985839844,335.0635070800781,1.6997126340866089
2024-01-15,2281.421875,24.266847610473633,,1.042595386505127,29.247055053710938,0.3009999990463257,,,,,87.83475494384766,8.409263610839844,9.34000015258789,74.6328353881836,3.299999952316284,170.3649139404297,357.71295166015625,,3.4462709426879883,66.40147399902344,1.1152257919311523,523.9056396484375,12.469603538513184,,,332.9256286621094,1.6997126340866089
2024-01-16,2276.425048828125,24.129953384399414,63.708553314208984,1.042595386505127,29.734506607055664,0.3019999861717224,,88.50850677490234,24.225784301757812,12.508939743041992,87.77841186523438,8.177284240722656,9.265000343322754,74.01089477539062,3.309999942779541,170.50433349609375,358.298095703125,102.6061782836914,3.494079113006592,66.76940155029297,1.1110645532608032,524.8002319335938,12.342506408691406,50.62394714355469,50.35984802246094,334.6748046875,1.7385631799697876
2024-01-17,2249.44384765625,24.16645622253418,63.5426025390625,1.037961721420288,31.001876831054688,0.3009999990463257,,88.2284164428711,23.569061279296875,12.499578475952148,86.80162811279297,7.983966827392578,8.75,74.32186126708984,3.3499999046325684,169.9930419921875,340.0613708496094,101.8951416015625,3.4667599201202393,66.91337585449219,1.1152257919311523,521.9373779296875,12.149508476257324,50.327415466308594,49.868690490722656,334.48046875,1.690000057220459
2024-01-18,2268.430908203125,23.42722511291504,63.37665939331055,1.037961721420288,30.709407806396484,0.30000001192092896,,87.85496520996094,23.66939353942871,12.480852127075195,85.56187438964844,8.254610061645508,8.800000190734863,72.24075317382812,3.380000114440918,175.292236328125,337.818359375,101.49910736083984,3.4148542881011963,67.00934600830078,1.1152257919311523,531.420654296875,12.144801139831543,49.64167785644531,49.30437469482422,333.89739990234375,1.6608620882034302
2024-01-19,2236.452880859375,23.24013900756836,62.86956787109375,1.0472291707992554,32.07427215576172,0.2939999997615814,,86.5291976928711,23.68763542175293,12.546392440795898,85.89999389648438,8.486589431762695,8.949999809265137,73.79560852050781,3.299999952316284,181.75355529785156,341.6217041015625,101.03107452392578,3.417586326599121,66.65742492675781,1.1069031953811646,542.8721313476562,12.050655364990234,49.206146240234375,49.293922424316406,330.3990478515625,1.690000057220459
2024-01-22,2266.43212890625,23.390722274780273,47.65695571899414,1.0194265842437744,32.07427215576172,0.28999999165534973,,82.86935424804688,23.40488052368164,12.490215301513672,85.84364318847656,8.67990493774414,9.244999885559082,75.20692443847656,3.309999942779541,179.38284301757812,342.5969543457031,100.78807067871094,3.34519100189209,66.785400390625,1.131870985031128,544.1246948242188,12.03653335571289,48.696475982666016,49.10581970214844,326.80352783203125,1.6511495113372803
2024-01-23,2283.42041015625,23.358779907226562,48.22858428955078,1.037961721420288,31.733051300048828,0.2849999964237213,,84.19511413574219,23.44136619567871,12.508939743041992,85.61824035644531,8.660573959350586,9.119999885559082,73.43679809570312,3.4000000953674316,179.708251953125,347.57061767578125,99.2039794921875,3.4421732425689697,66.67342376708984,1.1651612520217896,533.3888549804688,12.304848670959473,49.44707489013672,49.6074333190918,331.6623229980469,1.690000057220459
2024-01-24,2323.392333984375,23.687328338623047,48.52361297607422,1.0286941528320312,31.63556480407715,0.2849999964237213,,83.19612121582031,23.35015296936035,12.471488952636719,85.22376251220703,8.660573959350586,9.260000228881836,74.20226287841797,3.430000066757202,181.00979614257812,348.3507995605469,98.91595458984375,3.439441442489624,66.67342376708984,1.1734838485717773,531.599609375,12.37075138092041,49.280277252197266,49.23122024536133,335.1606750488281,1.690000057220459
2024-01-25,2352.372802734375,23.541305541992188,47.37114334106445,1.0286941528320312,31.586822509765625,0.28600001335144043,,82.57991790771484,23.414003372192383,12.424674034118652,85.20498657226562,8.505921363830566,9.239999771118164,76.06808471679688,3.4000000953674316,173.15396118164062,356.8352355957031,100.1400375366211,3.428513765335083,66.24150848388672,1.1734838485717773,518.8956298828125,12.267190933227539,50.077213287353516,49.76417922973633,334.869140625,1.690000057220459
2024-01-26,2382.351806640625,23.66907501220703,47.98887252807617,1.037961721420288,30.61191749572754,0.28999999165534973,,82.43988037109375,23.642030715942383,12.434036254882812,86.31324005126953,8.67990493774414,10.270000457763672,77.50332641601562,3.380000114440918,173.61878967285156,357.225341796875,102.6061782836914,3.5063724517822266,66.46546173095703,1.1734838485717773,514.7802124023438,12.540212631225586,50.957550048828125,50.5479621887207,343.0319519042969,1.6705747842788696
2024-01-29,2363.365234375,23.87898063659668,50.65338134765625,1.0333279371261597,31.63556480407715,0.28999999165534973,,83.10276794433594,23.860937118530273,12.621295928955078,87.40271759033203,8.757232666015625,10.430000305175781,76.92922973632812,3.309999942779541,176.36135864257812,352.44671630859375,103.9832534790039,3.638868570327759,66.56144714355469,1.1734838485717773,521.2216796875,12.66731071472168,50.65174865722656,50.95551300048828,343.1291198730469,1.6608620882034302
2024-01-30,2379.354248046875,23.80140495300293,51.63067626953125,1.042595386505127,31.781797409057617,0.289000004529953,,84.30716705322266,23.897422790527344,12.546392440795898,87.36515045166016,9.105201721191406,10.399999618530273,77.5511703491211,3.3499999046325684,175.75709533691406,349.9111633300781,103.64124298095703,3.5992565155029297,66.4974594116211,1.2150967121124268,523.3688354492188,12.417823791503906,51.02241897583008,51.24811935424805,339.8251647949219,1.6317241191864014
2024-01-31,2339.381591796875,23.73752212524414,51.243446350097656,1.0333279371261597,31.781797409057617,0.3009999990463257,,82.24381256103516,23.45960807800293,12.424674034118652,87.62813568115234,9.627156257629395,10.329999923706055,79.17779541015625,3.299999952316284,176.454345703125,345.5226135253906,102.51617431640625,3.636136770248413,65.98556518554688,1.2150967121124268,523.1898803710938,12.300141334533691,50.744415283203125,50.88236999511719,339.5335998535156,1.6317241191864014
2024-02-01,2279.4228515625,23.577810287475586,52.33137512207031,1.037961721420288,31.489330291748047,0.28999999165534973,,84.40052032470703,23.651151657104492,12.518303871154785,86.68892669677734,9.646488189697266,10.140000343322754,77.35980987548828,3.3399999141693115,175.05982971191406,362.39404296875,103.53323364257812,3.6197452545166016,65.74562072753906,1.2275806665420532,520.1480712890625,11.994168281555176,52.4772834777832,51.739288330078125,341.6715087890625,1.6511495113372803
2024-02-02,2253.441162109375,23.83334732055664,51.34485626220703,1.042595386505127,31.3918399810791,0.29100000858306885,,84.46586608886719,23.660274505615234,12.32168197631836,87.36515045166016,9.530498504638672,10.140000343322754,75.30261993408203,3.309999942779541,177.2910614013672,355.95751953125,102.83119201660156,3.753607749938965,65.55366516113281,1.2109354734420776,529.2734985351562,11.815291404724121,52.227088928222656,51.300376892089844,342.64324951171875,1.6608620882034302
2024-02-05,2244.447265625,23.920047760009766,48.827857971191406,1.037961721420288,30.95313262939453,0.29100000858306885,,83.09342193603516,23.7879695892334,12.405948638916016,88.13530731201172,9.49183464050293,9.859999656677246,75.44613647460938,3.390000104904175,179.6617431640625,351.56903076171875,103.3802261352539,3.7167274951934814,65.45767974853516,1.2192580699920654,535.1781616210938,11.608170509338379,53.28348922729492,51.46757888793945,342.8376159667969,1.6608620882034302
2024-02-06,2271.4287109375,23.76033592224121,49.205875396728516,1.037961721420288,31.001876831054688,0.29100000858306885,,84.05506134033203,24.763933181762695,12.462126731872559,89.01815795898438,10.149110794067383,9.90999984741211,76.40296936035156,3.309999942779541,180.73089599609375,345.2300720214844,102.92119598388672,3.6921403408050537,65.50567626953125,1.2192580699920654,542.6931762695312,11.947093963623047,51.32821273803711,52.11549377441406,342.2545471191406,1.6705747842788696
2024-02-07,2251.442626953125,23.53217887878418,49.21518325805664,1.037961721420288,30.368192672729492,0.28999999165534973,,82.11310577392578,24.83690071105957,12.387222290039062,88.94302368164062,9.955794334411621,10.029999732971191,75.15910339355469,3.3399999141693115,179.42933654785156,348.64337158203125,101.52611541748047,3.6935067176818848,65.72962188720703,1.2026128768920898,538.9357299804688,11.777632713317871,49.98454284667969,51.10182571411133,340.6025695800781,1.5637356042861938
2024-02-08,2245.446533203125,23.91092300415039,49.04765319824219,1.0333279371261597,30.319448471069336,0.28999999165534973,,80.75934600830078,24.763933181762695,12.405948638916016,89.65682220458984,10.00412368774414,10.0,77.98175048828125,3.3299999237060547,176.59378051757812,345.5226135253906,100.68006134033203,3.6935067176818848,61.33059310913086,1.1984516382217407,522.4741821289062,11.782340049743652,50.012351989746094,52.96196746826172,334.57763671875,1.6511495113372803
2024-02-09,2230.45703125,23.901796340942383,49.3734016418457,1.037961721420288,29.490781784057617,0.28999999165534973,,82.66394805908203,24.82777976989746,12.33104419708252,88.83031463623047,10.294097900390625,10.100000381469727,75.87671661376953,3.4000000953674316,177.24456787109375,343.18206787109375,98.34892272949219,3.7358505725860596,60.99466323852539,1.2359031438827515,519.2534790039062,11.890607833862305,48.72427749633789,52.888816833496094,347.1133728027344,1.6511495113372803
2024-02-12,2263.43408203125,24.025001525878906,50.01557922363281,1.037961721420288,29.929487228393555,0.2980000078678131,,84.66193389892578,24.763933181762695,12.32168197631836,88.15409088134766,9.907464981079102,10.1899995803833,75.97239685058594,3.2799999713897705,176.87269592285156,341.1341247558594,99.5459976196289,3.7262890338897705,60.8666877746582,1.2442257404327393,519.6112670898438,12.220117568969727,48.696475982666016,52.867919921875,353.5269775390625,1.6511495113372803
2024-02-13,2240.4501953125,23.664508819580078,48.83359909057617,1.037961721420288,28.272151947021484,0.29899999499320984,,82.74797058105469,24.399085998535156,12.23741340637207,87.4590835571289,9.907464981079102,9.699999809265137,77.07276153564453,3.2799999713897705,177.7093963623047,345.6201171875,97.7818832397461,3.700336217880249,60.9146842956543,1.2400645017623901,518.8956298828125,12.286020278930664,47.82540512084961,52.35585403442383,347.7935791015625,1.6025861501693726
2024-02-14,2264.433349609375,24.312477111816406,49.57815170288086,1.0333279371261597,27.78470230102539,0.30000001192092896,,83.57891845703125,24.32611656188965,12.23741340637207,81.84261322021484,9.762478828430176,10.0,78.268798828125,3.25,183.70591735839844,357.03033447265625,98.51092529296875,3.711263656616211,60.65872573852539,1.2400645017623901,528.02099609375,12.045948028564453,48.16826629638672,52.293148040771484,350.1258239746094,1.6025861501693726
2024-02-15,2283.42041015625,24.49043846130371,50.546077728271484,1.037961721420288,29.00333023071289,0.3009999990463257,,85.27481842041016,24.535903930664062,12.359132766723633,83.25142669677734,10.052452087402344,9.895000457763672,76.45081329345703,3.259999990463257,187.33164978027344,360.2485656738281,99.92401123046875,3.6962382793426514,60.498775482177734,1.2026128768920898,545.7350463867188,12.262482643127441,48.71501159667969,52.345401763916016,341.6715087890625,1.6511495113372803
2024-02-16,2284.419677734375,24.928504943847656,49.931819915771484,,28.467134475708008,,,86.2342300415039,24.800418853759766,12.377859115600586,83.53318786621094,9.762478828430176,10.09000015258789,74.10658264160156,3.2699999809265137,187.70350646972656,364.2469787597656,99.21297454833984,3.617013692855835,59.986881256103516,,565.775146484375,12.13538646697998,49.22467803955078,52.98286819458008,344.9754943847656,
2024-02-19,2289.416015625,25.05171012878418,,1.037961721420288,28.857093811035156,0.3009999990463257,,,,,84.02157592773438,10.052452087402344,10.199999809265137,75.58966827392578,3.200000047683716,187.51759338378906,363.1741943359375,,3.5077383518218994,60.40279006958008,1.2275806665420532,562.37548828125,12.055362701416016,,,344.6839599609375,1.6511495113372803
2024-02-20,2305.4052734375,25.3072452545166,49.69914245605469,1.0333279371261597,28.272151947021484,0.30000001192092896,,86.22482299804688,25.05580711364746,12.518303871154785,82.80060577392578,10.100781440734863,10.029999732971191,75.73319244384766,3.2100000381469727,188.6332244873047,375.16949462890625,101.5171127319336,3.483151435852051,60.62675094604492,1.1984516382217407,570.0694580078125,11.744682312011719,50.08647918701172,53.33817672729492,341.2828063964844,1.6025861501693726
2024-02-21,2301.40771484375,25.247926712036133,50.16449737548828,1.037961721420288,28.125919342041016,0.30000001192092896,,87.5322494506836,25.420656204223633,12.499578475952148,82.87574005126953,10.052452087402344,10.260000228881836,77.16844177246094,3.2100000381469727,188.72618103027344,375.754638671875,101.15709686279297,3.4148542881011963,60.65872573852539,1.1984516382217407,575.97412109375,11.626999855041504,49.73434066772461,53.526283264160156,334.1889343261719,1.6414368152618408
2024-02-22,2291.414794921875,25.1886043548584,49.97834777832031,1.0147929191589355,28.32089614868164,0.29899999499320984,,88.63276672363281,25.466262817382812,12.527667045593262,83.73982238769531,10.052452087402344,10.4399995803833,76.64217376708984,3.4000000953674316,186.77381896972656,376.2422790527344,96.3508071899414,3.4230499267578125,60.594749450683594,1.2109354734420776,575.2583618164062,11.79646110534668,49.196876525878906,53.48199462890625,335.54937744140625,1.6414368152618408
2024-02-23,2289.416015625,25.238798141479492,49.74568176269531,1.0147929191589355,27.882192611694336,0.29899999499320984,,88.08722686767578,25.375049591064453,12.32168197631836,83.7022476196289,10.100781440734863,10.5,78.31663513183594,3.299999952316284,187.99398803710938,378.19268798828125,97.07984924316406,3.428513765335083,60.9466667175293,1.2026128768920898,580.8052368164062,11.928266525268555,49.86408233642578,53.418724060058594,335.8409423828125,1.6414368152618408
2024-02-26,2296.4111328125,25.11102867126465,49.48508071899414,1.0008915662765503,28.75960350036621,0.2980000078678131,,87.66394805908203,25.183507919311523,12.23741340637207,81.71111297607422,9.762478828430176,10.399999618530273,75.35045623779297,3.2699999809265137,188.0878448486328,380.1431579589844,96.13478088378906,3.395731210708618,61.23461151123047,1.2234193086624146,578.4790649414062,12.050655364990234,50.151344299316406,53.2183837890625,333.3143310546875,1.612298846244812
2024-02-27,2276.425048828125,25.279865264892578,49.13142013549805,0.9916241765022278,28.710859298706055,0.2980000078678131,,87.58869934082031,25.356807708740234,12.284229278564453,82.10558319091797,10.00412368774414,10.5,78.8907241821289,3.2200000286102295,187.3839111328125,379.1679382324219,95.94577026367188,3.388901472091675,60.89868927001953,1.2234193086624146,575.97412109375,12.16833782196045,50.160614013671875,52.31155014038086,327.4837646484375,1.612298846244812
2024-02-28,2282.4208984375,25.31637191772461,49.33617401123047,0.9869903922080994,28.272151947021484,0.2980000078678131,,88.17185974121094,25.393293380737305,12.106332778930664,81.1288070678711,9.762478828430176,13.300000190734863,77.12059783935547,3.390000104904175,191.8420867919922,373.9017028808594,94.45169067382812,3.346557378768921,61.186614990234375,1.2359031438827515,587.0677490234375,12.16833782196045,49.93820571899414,51.74214553833008,322.62493896484375,1.6414368152618408
2024-02-29,2271.4287109375,25.1155948638916,49.42924499511719,0.9777228236198425,28.56462287902832,0.296999990940094,,88.76445007324219,25.375049591064453,11.947162628173828,80.22718048095703,9.955794334411621,13.0,76.78571319580078,3.4000000953674316,192.3113555908203,379.1679382324219,93.5786361694336,3.326068162918091,60.83469009399414,1.2400645017623901,602.4556884765625,12.144801139831543,50.723758697509766,51.636695861816406,320.6814270019531,1.6802873611450195
2024-03-01,2267.431396484375,25.07908821105957,50.48093032836914,0.9591876864433289,29.052074432373047,0.2980000078678131,,87.57927703857422,24.809537887573242,11.947162628173828,79.98297882080078,10.00412368774414,11.5,76.6900405883789,3.3499999046325684,194.65777587890625,382.48370361328125,94.1636734008789,3.312408685684204,60.83469009399414,1.2317419052124023,608.539306640625,12.398994445800781,49.75117874145508,51.82650375366211,332.63409423828125,1.8065516948699951
2024-03-04,2256.439208984375,25.11102867126465,49.531620025634766,0.9360190033912659,28.36964225769043,0.3009999990463257,,84.7386703491211,24.955476760864258,12.022066116333008,81.4481430053711,9.71414852142334,13.0,76.25944519042969,3.3499999046325684,193.24990844726562,388.72515869140625,93.29061889648438,3.2987492084503174,61.20261764526367,1.1984516382217407,611.93896484375,11.97533893585205,49.91950607299805,51.81595230102539,330.2047119140625,1.7288504838943481
2024-03-05,2255.439697265625,25.07908821105957,49.754981994628906,0.9174839854240417,28.857093811035156,0.3009999990463257,,86.00849914550781,24.93723487854004,12.059517860412598,80.86583709716797,9.907464981079102,12.979999542236328,76.83354949951172,3.299999952316284,194.9393310546875,387.55487060546875,94.07366180419922,3.2891876697540283,61.53854751586914,1.2067742347717285,621.0643310546875,12.050655364990234,50.22811508178711,51.710514068603516,326.6091613769531,1.7191379070281982
2024-03-06,2265.432861328125,25.193166732788086,50.39716339111328,0.9100699424743652,28.515878677368164,0.3009999990463257,,86.42234802246094,24.891630172729492,12.031429290771484,81.11003112792969,9.66581916809082,12.800000190734863,77.02491760253906,3.3499999046325684,192.1236572265625,388.1400146484375,94.793701171875,3.3684122562408447,61.362579345703125,1.1901289224624634,620.7064819335938,12.361335754394531,49.938209533691406,51.689422607421875,319.32098388671875,1.7191379070281982
2024-03-07,2241.44921875,25.466957092285156,50.490234375,0.9100699424743652,28.174663543701172,0.3019999861717224,,86.9961166381836,25.375049591064453,12.078243255615234,81.52327728271484,9.859135627746582,12.40999984741211,78.02958679199219,3.390000104904175,190.8096923828125,393.4062194824219,95.64875793457031,3.409390449523926,61.76249694824219,1.1651612520217896,620.3486328125,12.521384239196777,50.190704345703125,51.64724349975586,318.5435485839844,1.7191379070281982
2024-03-08,2240.4501953125,25.55365562438965,51.01142501831055,0.9119234681129456,28.077171325683594,0.3009999990463257,,86.72334289550781,25.092294692993164,12.068881034851074,81.41057586669922,9.859135627746582,12.270000457763672,78.220947265625,3.3499999046325684,191.09124755859375,406.4742431640625,96.4048080444336,3.4107565879821777,61.890464782714844,1.1901289224624634,624.1061401367188,12.573163986206055,50.6021842956543,51.85812759399414,319.32098388671875,1.6705747842788696
2024-03-11,2252.441650390625,25.142974853515625,51.104496002197266,,28.028427124023438,,,88.23770904541016,25.21086883544922,12.125059127807617,80.92218780517578,9.859135627746582,12.479999542236328,77.88606262207031,3.359999895095825,187.4308319091797,404.6213073730469,96.54881286621094,3.3807058334350586,61.71451187133789,,620.3486328125,12.72850513458252,52.11716079711914,52.04793930053711,318.7379150390625,
2024-03-12,2296.4111328125,25.3072452545166,53.11479568481445,0.9100699424743652,27.54097557067871,0.2980000078678131,,88.10602569580078,25.266244888305664,12.134422302246094,81.41057586669922,9.859135627746582,12.399999618530273,78.55583953857422,3.359999895095825,185.45986938476562,405.7915954589844,96.64781188964844,3.3834376335144043,61.60252380371094,1.1901289224624634,623.2114868164062,12.761455535888672,51.79920196533203,52.353729248046875,318.5435485839844,1.6705747842788696
2024-03-13,2308.403076171875,25.320938110351562,54.23163604736328,0.9082164764404297,27.78470230102539,0.296999990940094,,89.14067840576172,25.43518829345703,12.190600395202637,81.88017272949219,9.627156257629395,12.279999732971191,78.6993637084961,3.3499999046325684,188.4632568359375,405.4989929199219,97.88088989257812,3.3615827560424805,61.2666015625,1.1901289224624634,626.2533569335938,12.488433837890625,52.248085021972656,52.469722747802734,321.07012939453125,1.6705747842788696
2024-03-14,2299.4091796875,25.279865264892578,54.17578887939453,0.9119234681129456,28.515878677368164,0.2980000078678131,,88.61394500732422,25.106689453125,12.096969604492188,80.79070281982422,9.588493347167969,11.0600004196167,77.88606262207031,3.3499999046325684,188.18170166015625,405.7915954589844,96.8188247680664,3.346557378768921,60.818702697753906,1.1859676837921143,620.7064819335938,12.516676902770996,52.416419982910156,51.96357727050781,321.2644958496094,1.6414368152618408
2024-03-15,2340.380859375,25.14753532409668,55.199546813964844,0.9119234681129456,29.295799255371094,0.29899999499320984,,89.88374328613281,25.238086700439453,12.16250991821289,80.20838928222656,9.588493347167969,9.319999694824219,78.79505157470703,3.390000104904175,186.5861358642578,398.0873107910156,97.09784698486328,3.3397276401519775,60.61074447631836,1.1859676837921143,623.2114868164062,12.45548152923584,52.50994110107422,51.605064392089844,324.7628479003906,1.6414368152618408
2024-03-18,2302.4072265625,24.77791976928711,56.22332000732422,0.9119234681129456,28.75960350036621,0.29899999499320984,,90.9466323852539,25.134845733642578,12.068881034851074,79.15647888183594,9.588493347167969,9.109999656677246,78.41230773925781,3.380000114440918,186.16380310058594,396.8195495605469,95.75676727294922,3.34519100189209,60.8666877746582,1.1818063259124756,623.5693359375,12.304848670959473,52.45382308959961,51.16219711303711,327.96966552734375,1.622011423110962
2024-03-19,2309.40234375,24.846370697021484,56.800350189208984,0.9230445027351379,28.75960350036621,0.29899999499320984,,91.95308685302734,25.022216796875,12.078243255615234,79.4758071899414,9.66581916809082,9.199999809265137,78.02958679199219,3.2799999713897705,186.7269287109375,401.4031066894531,94.73970794677734,3.4244158267974854,60.770713806152344,1.1901289224624634,628.75830078125,12.540212631225586,53.46380615234375,52.575164794921875,330.8849182128906,1.6705747842788696
2024-03-20,2326.390380859375,24.6729679107666,57.06094741821289,0.9174839854240417,28.857093811035156,0.29899999499320984,,91.6238784790039,25.238086700439453,12.199962615966797,79.08133697509766,9.588493347167969,9.104999542236328,77.59900665283203,3.309999942779541,188.93255615234375,409.1073913574219,95.78376007080078,3.4544668197631836,60.9146842956543,1.1818063259124756,637.1680297851562,12.874430656433105,53.95945358276367,52.132293701171875,326.7063903808594,1.6705747842788696
2024-03-21,2396.34228515625,24.82355308532715,58.140560150146484,0.9248979687690735,29.14956283569336,0.2980000078678131,,94.16349029541016,24.72187614440918,12.059517860412598,79.19403839111328,9.859135627746582,9.09000015258789,79.4169921875,3.369999885559082,187.57164001464844,393.01617431640625,95.09972381591797,3.4230499267578125,60.54676055908203,1.1776450872421265,638.2416381835938,12.784992218017578,54.30546951293945,52.153377532958984,329.2329406738281,1.6608620882034302
2024-03-22,2424.32275390625,24.937631607055664,57.703121185302734,0.9174839854240417,28.56462287902832,0.2980000078678131,,93.32636260986328,25.200546264648438,12.096969604492188,81.1288070678711,9.66581916809082,9.140000343322754,79.60834503173828,3.299999952316284,189.6833953857422,398.7699890136719,94.34367370605469,3.459930419921875,61.04265213012695,1.1818063259124756,638.7783813476562,12.935625076293945,54.28676223754883,52.712242126464844,333.6058654785156,1.622011423110962
2024-03-25,2427.32080078125,24.787044525146484,58.17777633666992,0.9174839854240417,28.36964225769043,0.2980000078678131,,94.00360107421875,25.866928100585938,12.078243255615234,81.33544158935547,9.907464981079102,9.164999961853027,78.3644790649414,3.309999942779541,186.49227905273438,395.8442687988281,94.54169464111328,3.4981768131256104,61.090641021728516,1.1776450872421265,632.6947631835938,13.180404663085938,54.66083526611328,52.34318542480469,328.06683349609375,1.6608620882034302
2024-03-26,2471.290283203125,25.028892517089844,57.53560256958008,0.9156304597854614,28.857093811035156,0.29899999499320984,,93.92835235595703,25.716758728027344,12.190600395202637,83.3265609741211,9.71414852142334,9.079999923706055,79.03425598144531,3.299999952316284,184.7090301513672,397.9897766113281,94.793701171875,3.494079113006592,61.2666015625,1.1818063259124756,635.1997680664062,13.368696212768555,54.39897537231445,52.3326416015625,330.8849182128906,1.6511495113372803
2024-03-27,2512.26220703125,25.215984344482422,58.62451934814453,0.9137769937515259,28.32089614868164,0.2980000078678131,,96.33627319335938,25.632286071777344,12.16250991821289,84.24697875976562,9.71414852142334,9.0,76.64217376708984,3.2899999618530273,186.7269287109375,395.1616516113281,95.42373657226562,3.4968106746673584,61.21861267089844,1.1651612520217896,640.0309448242188,13.618182182312012,54.99749755859375,52.87041091918945,333.2171630859375,1.7482757568359375
2024-03-28,2496.27294921875,25.298118591308594,58.456993103027344,0.9267514944076538,28.174663543701172,0.2980000078678131,,96.43034362792969,25.78245735168457,12.125059127807617,83.90886688232422,9.71414852142334,9.0600004196167,77.07276153564453,3.2799999713897705,,,95.58574676513672,3.468126058578491,,1.1651612520217896,,13.613473892211914,54.92267990112305,52.92313766479492,,1.7385631799697876
2024-04-01,,,58.02886962890625,,,,,96.21400451660156,25.613515853881836,12.106332778930664,,,,,,,,95.36073303222656,,,,,,54.099727630615234,52.56462097167969,,
2024-04-02,2463.296142578125,25.234235763549805,58.3546142578125,0.9174839854240417,28.36964225769043,0.29499998688697815,,97.7283706665039,25.763687133789062,11.928436279296875,83.57075500488281,9.71414852142334,9.050000190734863,75.97239685058594,3.2200000286102295,184.75595092773438,385.3118591308594,94.13666534423828,3.5268614292144775,62.066429138183594,1.131870985031128,610.5969848632812,13.669962882995605,53.86593246459961,52.03739547729492,337.00701904296875,1.690000057220459
2024-04-03,2468.29248046875,25.416759490966797,58.30807876586914,0.9156304597854614,28.6621150970459,0.296999990940094,,97.5872802734375,25.566587448120117,11.872258186340332,82.7630386352539,9.646488189697266,8.890000343322754,76.06808471679688,3.2100000381469727,182.26873779296875,384.4341735839844,93.70464324951172,3.5173001289367676,60.54676055908203,1.1651612520217896,600.7557983398438,13.910033226013184,54.06232452392578,51.56289291381836,343.2263488769531,1.6802873611450195
2024-04-04,2487.279296875,25.51715087890625,58.8571891784668,0.9137769937515259,28.272151947021484,0.29499998688697815,,99.21451568603516,25.632286071777344,11.684998512268066,82.7066879272461,9.569160461425781,9.199999809265137,75.20692443847656,3.200000047683716,182.55032348632812,380.728271484375,94.59569549560547,3.5350568294525146,60.78670883178711,1.1401934623718262,607.4656982421875,14.041837692260742,55.624061584472656,51.37308120727539,347.2105407714844,1.6802873611450195
2024-04-05,2412.3310546875,25.17947769165039,59.061946868896484,0.9008024334907532,28.467134475708008,0.29499998688697815,,100.51254272460938,25.41641616821289,11.7786283493042,81.8238296508789,9.356513977050781,9.149999618530273,75.7810287475586,3.200000047683716,181.7525177001953,379.6555480957031,92.73257446289062,3.5159339904785156,60.62675094604492,1.1568386554718018,607.0183715820312,13.768815040588379,55.2219352722168,51.07783889770508,341.4771423339844,1.7191379070281982
2024-04-08,2408.333740234375,24.95132064819336,58.80134582519531,0.9045094847679138,28.272151947021484,0.29499998688697815,,100.19273376464844,25.4445743560791,11.694360733032227,81.80503845214844,9.240523338317871,9.399999618530273,74.2500991821289,3.2100000381469727,182.83189392089844,379.0704345703125,92.69658660888672,3.4954450130462646,60.78670883178711,1.1568386554718018,610.149658203125,13.641718864440918,55.25933837890625,50.803672790527344,339.92230224609375,1.7191379070281982
2024-04-09,2421.324951171875,24.83267593383789,59.47145462036133,0.9082164764404297,28.56462287902832,0.29499998688697815,,100.70065307617188,25.285017013549805,11.694360733032227,82.50005340576172,9.375844955444336,11.100000381469727,74.53714752197266,3.25,183.06654357910156,368.9280700683594,93.27262115478516,3.469491958618164,60.906681060791016,1.2067742347717285,610.149658203125,13.63701057434082,55.55859375,51.03565979003906,324.9571838378906,1.6997126340866089
2024-04-10,2427.32080078125,24.887435913085938,59.46213912963867,0.9045094847679138,28.174663543701172,0.29499998688697815,,101.2462158203125,24.70310401916504,11.582006454467773,82.61276245117188,9.375844955444336,10.680000305175781,75.30261993408203,3.240000009536743,183.48887634277344,368.0503234863281,92.39056396484375,3.4531006813049316,61.86647415161133,1.2067742347717285,615.0701904296875,13.486377716064453,54.39897537231445,50.339717864990234,326.4148254394531,1.6997126340866089
2024-04-11,2404.336669921875,24.887435913085938,58.23362350463867,0.9045094847679138,27.63846778869629,0.29600000381469727,,99.62837982177734,24.853275299072266,11.61009407043457,82.48126220703125,9.49183464050293,11.0600004196167,77.24386596679688,3.240000009536743,182.17491149902344,377.705078125,93.06560516357422,3.394365072250366,61.9864501953125,1.2067742347717285,606.571044921875,12.949747085571289,55.49313735961914,50.244815826416016,324.8599853515625,1.6997126340866089
2024-04-12,2404.336669921875,24.85943031311035,56.74451446533203,0.9045094847679138,27.248506546020508,0.29600000381469727,,97.60608673095703,24.40276336669922,11.450923919677734,82.65032958984375,9.5111665725708,11.239999771118164,76.66381072998047,3.240000009536743,179.31228637695312,374.4868469238281,91.5265121459961,3.377973794937134,62.066429138183594,1.1984516382217407,608.8076782226562,13.227477073669434,54.03426742553711,49.30635070800781,327.96966552734375,1.690000057220459
2024-04-15,2406.33544921875,25.186159133911133,56.32570266723633,0.8970954418182373,27.63846778869629,0.29600000381469727,,97.75658416748047,24.280750274658203,11.460287094116211,82.31222534179688,9.569160461425781,10.539999961853027,76.66381072998047,3.2100000381469727,179.21844482421875,375.36456298828125,90.8604736328125,3.3574845790863037,61.9864501953125,1.1984516382217407,606.571044921875,12.97799015045166,54.35221862792969,49.25362777709961,324.5684814453125,1.6997126340866089
2024-04-16,2367.362060546875,25.008792877197266,56.093021392822266,0.8933884501457214,27.102270126342773,0.29499998688697815,,97.775390625,24.130577087402344,11.450923919677734,81.59841918945312,9.085870742797852,10.5,76.66381072998047,3.25,174.43177795410156,373.0240173339844,90.7524642944336,3.334263563156128,61.666507720947266,1.1984516382217407,596.7299194335938,12.912088394165039,54.380279541015625,49.000553131103516,323.2080383300781,1.6997126340866089
2024-04-17,2392.3447265625,25.167490005493164,56.232627868652344,0.8859743475914001,27.004779815673828,0.2939999997615814,,99.15807342529297,23.952251434326172,11.722451210021973,81.86139678955078,8.699237823486328,10.479999542236328,77.24386596679688,3.25,175.08876037597656,375.36456298828125,92.46257019042969,3.3738760948181152,63.22618103027344,1.2067742347717285,589.1254272460938,12.97799015045166,54.78240966796875,49.2325439453125,318.7379150390625,1.6997126340866089
2024-04-18,2440.311767578125,25.335521697998047,57.44253158569336,0.8674393892288208,26.322349548339844,0.2930000126361847,,100.18333435058594,24.196279525756836,11.7786283493042,82.65032958984375,8.67990493774414,10.180000305175781,77.05050659179688,3.3299999237060547,172.74237060546875,373.21905517578125,91.76052856445312,3.4039266109466553,58.38723373413086,1.1984516382217407,583.7575073242188,13.020356178283691,55.0536003112793,49.401248931884766,328.84423828125,1.6997126340866089
2024-04-19,2445.308349609375,25.5595645904541,58.26154708862305,0.8711463809013367,27.102270126342773,0.2930000126361847,,103.0145492553711,24.862661361694336,11.872258186340332,84.19062805175781,8.641242027282715,10.34000015258789,76.76049041748047,3.3299999237060547,174.47869873046875,377.41253662109375,93.73164367675781,3.3848037719726562,62.65734100341797,1.1984516382217407,583.7575073242188,13.166281700134277,56.063594818115234,49.88630676269531,327.7752685546875,1.7191379070281982
2024-04-22,2504.267578125,25.774274826049805,58.16847229003906,0.8859743475914001,27.248506546020508,0.2919999957084656,,103.23088073730469,25.34132957458496,11.956525802612305,85.65579223632812,8.67990493774414,10.100000381469727,78.79067993164062,3.2200000286102295,177.52899169921875,375.4620666503906,95.74897766113281,3.387535333633423,64.05166625976562,1.1984516382217407,586.4414672851562,13.072136878967285,56.68080520629883,50.67714309692383,329.8160095214844,1.6997126340866089
2024-04-23,2729.112060546875,26.02631950378418,57.50768280029297,0.8989489674568176,26.322349548339844,0.29100000858306885,,103.10860443115234,25.163002014160156,11.947162628173828,85.16740417480469,8.389931678771973,10.460000038146973,77.43721771240234,3.2899999618530273,176.44967651367188,378.8753662109375,95.85133361816406,3.409390449523926,63.877376556396484,1.2150967121124268,592.7040405273438,13.081551551818848,57.026817321777344,50.5927848815918,330.2047119140625,1.690000057220459
2024-04-24,2700.132080078125,25.91429901123047,57.29362106323242,0.9063629508018494,26.02988052368164,0.2919999957084656,,99.506103515625,25.500886917114258,12.022066116333008,86.83919525146484,8.119288444519043,10.579999923706055,79.37071990966797,3.299999952316284,177.3882293701172,378.2901916503906,95.86994171142578,3.4025609493255615,63.790225982666016,1.1984516382217407,598.0718994140625,12.879137992858887,57.34477996826172,50.687686920166016,325.24871826171875,1.6511495113372803
2024-04-25,2684.143310546875,26.02631950378418,56.772430419921875,0.9174839854240417,26.322349548339844,0.28999999165534973,,97.87886047363281,25.651058197021484,11.919073104858398,87.15853118896484,7.7713189125061035,10.100000381469727,75.9387435913086,3.299999952316284,179.35922241210938,375.16949462890625,94.38113403320312,3.387535333633423,64.18238067626953,1.2067742347717285,614.6229248046875,12.893259048461914,56.942649841308594,53.69289016723633,330.3018798828125,1.690000057220459
2024-04-26,2633.178466796875,26.138341903686523,55.93479919433594,0.9193375110626221,27.004779815673828,0.28999999165534973,,96.62786865234375,25.716758728027344,11.713088035583496,85.84364318847656,7.925971984863281,10.100000381469727,76.0837631225586,3.299999952316284,181.33018493652344,379.9481201171875,94.2973861694336,3.364314317703247,64.92311096191406,1.2067742347717285,617.3068237304688,12.723797798156738,56.69950866699219,54.030311584472656,309.7005615234375,1.690000057220459
2024-04-29,2652.165283203125,26.241031646728516,56.483909606933594,0.9406527876853943,26.907291412353516,0.28999999165534973,,97.33332061767578,25.72614288330078,11.806716918945312,86.67964172363281,8.061293601989746,10.100000381469727,79.27405548095703,3.299999952316284,182.40951538085938,380.045654296875,94.54862976074219,3.4216837882995605,65.22811889648438,1.2067742347717285,620.8853759765625,12.827357292175293,57.008113861083984,54.30447006225586,307.65985107421875,1.6997126340866089
2024-04-30,2654.163818359375,26.549087524414062,54.5946044921875,0.9406527876853943,26.712308883666992,0.28999999165534973,,95.71549224853516,25.322559356689453,11.66627311706543,86.73666381835938,8.0806245803833,10.020000457763672,76.18043518066406,3.2899999618530273,183.91123962402344,378.9729309082031,93.60881042480469,3.4558322429656982,66.0560073852539,1.2067742347717285,627.5952758789062,13.203940391540527,56.71821212768555,54.67353439331055,308.534423828125,1.6997126340866089
2024-05-01,2634.177978515625,,54.32470703125,,,,,94.9535903930664,25.238086700439453,11.855770111083984,,,,77.43721771240234,3.3499999046325684,,376.0321044921875,92.7248306274414,,,,,,56.38154602050781,54.69462203979492,,
2024-05-02,2641.1728515625,26.269033432006836,55.23678207397461,0.9823564887046814,26.56607437133789,0.289000004529953,,95.33924102783203,24.872045516967773,11.991820335388184,86.05265045166016,8.119288444519043,10.319999694824219,81.49760437011719,3.2699999809265137,181.70559692382812,381.61962890625,94.11128997802734,3.4749557971954346,65.88170623779297,1.1984516382217407,596.7299194335938,12.987405776977539,56.99876022338867,54.852787017822266,304.3558349609375,1.7094252109527588
2024-05-03,2669.1533203125,26.231693267822266,55.069252014160156,1.0147929191589355,,0.28999999165534973,,95.14171600341797,25.191160202026367,12.108434677124023,85.86263275146484,,,79.95077514648438,3.3499999046325684,182.17491149902344,404.0678405761719,94.1671142578125,3.431245803833008,69.54180908203125,1.1901289224624634,594.9406127929688,13.006234169006348,57.99940490722656,54.96877670288086,306.6880798339844,1.690000057220459
2024-05-06,,26.213024139404297,56.01856994628906,1.0101591348648071,26.468584060668945,0.2879999876022339,,96.185791015625,25.04098892211914,12.195895195007324,85.0836181640625,8.119288444519043,10.180000305175781,,,180.11004638671875,397.0098876953125,93.60881042480469,3.4763216972351074,70.1082534790039,1.1901289224624634,591.8093872070312,12.987405776977539,54.70759201049805,54.9898681640625,310.0892333984375,1.6802873611450195
2024-05-07,2685.142333984375,26.381057739257812,57.321537017822266,1.0240603685379028,26.468584060668945,0.28700000047683716,,98.15164184570312,25.350717544555664,12.293073654174805,86.14763641357422,8.254610061645508,10.020000457763672,77.72724151611328,3.359999895095825,181.28326416015625,406.02838134765625,94.1671142578125,3.5200319290161133,70.32611083984375,1.1651612520217896,593.5986328125,13.232185363769531,55.072303771972656,55.527645111083984,311.7412109375,1.6802873611450195
2024-05-08,2699.1328125,26.969167709350586,57.73105239868164,1.0286941528320312,26.078624725341797,0.28700000047683716,,99.10163879394531,25.82000160217285,12.399970054626465,87.95268249511719,8.041961669921875,10.220000267028809,78.11394500732422,3.380000114440918,183.30116271972656,410.1455383300781,96.3445053100586,3.397097110748291,71.67686462402344,1.1651612520217896,597.6246337890625,12.996820449829102,55.296749114990234,55.55927276611328,308.4372253417969,1.690000057220459
2024-05-09,2684.143310546875,27.501270294189453,58.11262893676758,,26.41983985900879,,,99.1298599243164,26.045257568359375,12.448559761047363,88.80770111083984,8.02263069152832,10.239999771118164,78.8873519897461,3.380000114440918,,,97.18196105957031,3.4052927494049072,,,,12.945039749145508,55.783042907714844,56.32902526855469,,
2024-05-10,2700.132080078125,27.715980529785156,58.615203857421875,1.0240603685379028,26.41983985900879,0.2879999876022339,,99.7318344116211,25.988943099975586,12.477712631225586,89.07369995117188,8.02263069152832,10.300000190734863,77.82391357421875,3.309999942779541,185.0375213623047,,97.74956512451172,3.3738760948181152,71.93830108642578,1.1651612520217896,606.123779296875,13.034478187561035,55.783042907714844,56.423927307128906,311.7412109375,1.7000000476837158
2024-05-13,2685.142333984375,27.87467384338379,58.289466857910156,1.0147929191589355,25.98113441467285,0.2879999876022339,,101.2179946899414,26.242355346679688,12.594326972961426,89.3967056274414,7.906640529632568,10.300000190734863,77.43721771240234,3.3499999046325684,186.49227905273438,411.2238464355469,97.13542175292969,3.3629486560821533,71.7204360961914,1.1651612520217896,606.571044921875,13.194526672363281,55.783042907714844,56.86680221557617,305.4247741699219,1.7000000476837158
2024-05-14,2717.1201171875,27.613292694091797,57.39598846435547,1.0333279371261597,25.98113441467285,0.28700000047683716,,97.29570007324219,26.448841094970703,12.526302337646484,89.2636947631836,7.829314231872559,10.119999885559082,77.34053802490234,3.3299999237060547,186.5861358642578,412.2041015625,97.03307342529297,3.500908613204956,71.67686462402344,1.1559139490127563,586.8887939453125,13.429890632629395,56.36284255981445,56.98279571533203,308.9231262207031,1.7200000286102295
2024-05-15,2709.1259765625,27.165205001831055,56.37324905395508,1.0472291707992554,26.078624725341797,0.28700000047683716,,95.69666290283203,26.833654403686523,12.642916679382324,90.11872100830078,7.867977619171143,10.180000305175781,76.90550994873047,3.3299999237060547,184.99058532714844,418.0857238769531,98.15898132324219,3.5077383518218994,71.546142578125,1.1466666460037231,591.362060546875,13.439790725708008,56.774322509765625,57.44674301147461,309.60333251953125,1.7200000286102295
2024-05-16,2736.107421875,27.286563873291016,57.79008483886719,1.037961721420288,25.883642196655273,0.28600001335144043,,98.03877258300781,27.011981964111328,12.652634620666504,90.57472229003906,7.693992614746094,10.239999771118164,76.56712341308594,3.3499999046325684,187.63868713378906,423.7712707519531,98.14037322998047,3.4858832359313965,71.7204360961914,1.1466666460037231,601.2031860351562,13.45959186553955,56.98006057739258,57.49566650390625,313.87908935546875,1.7000000476837158
2024-05-17,2728.11279296875,27.351905822753906,57.818233489990234,1.0333279371261597,25.883642196655273,0.28600001335144043,,97.60324096679688,26.983823776245117,12.672069549560547,91.69574737548828,7.751987934112549,11.680000305175781,75.50370025634766,3.3499999046325684,,426.8101501464844,98.44744110107422,3.4886152744293213,,1.1466666460037231,,13.221981048583984,56.34414291381836,58.21874237060547,,1.7200000286102295
2024-05-20,2724.115478515625,27.51060676574707,57.114505767822266,1.037961721420288,26.468584060668945,0.28600001335144043,,96.83634948730469,26.90873908996582,12.70122241973877,91.86674499511719,7.8099822998046875,11.140000343322754,77.72724151611328,3.3499999046325684,,,98.51258087158203,3.5350568294525146,,1.1281720399856567,,13.53879451751709,56.690155029296875,57.55946731567383,,1.7200000286102295
2024-05-21,2703.1298828125,27.6319637298584,57.48982620239258,1.037961721420288,25.98113441467285,0.28600001335144043,,97.81153869628906,26.739795684814453,12.720659255981445,91.54374694824219,7.925971984863281,10.960000038146973,75.79373168945312,3.299999952316284,185.88905334472656,420.2423095703125,97.39596557617188,3.6101839542388916,72.33045196533203,1.1281720399856567,597.17724609375,13.573446273803711,57.08293151855469,57.71896743774414,317.7661437988281,1.7200000286102295
2024-05-22,2686.1416015625,27.557283401489258,58.08095932006836,1.042595386505127,26.2248592376709,0.28700000047683716,,97.64112091064453,25.91385841369629,12.584609031677246,90.25171661376953,7.925971984863281,10.760000228881836,77.92060089111328,3.299999952316284,185.13246154785156,426.9081726074219,96.71670532226562,3.6101839542388916,72.50474548339844,1.1466666460037231,593.1513671875,13.514042854309082,56.390899658203125,57.644535064697266,319.7096862792969,1.7300000190734863
2024-05-23,2712.123779296875,27.174541473388672,56.973758697509766,1.0101591348648071,26.17611312866211,0.2879999876022339,,96.92156982421875,25.679216384887695,12.458276748657227,89.73871612548828,7.867977619171143,10.5,76.0837631225586,3.319999933242798,184.4704132080078,416.6153259277344,94.43695831298828,3.555546283721924,71.67686462402344,1.1281720399856567,591.362060546875,13.479392051696777,56.40960693359375,57.814666748046875,316.6000061035156,1.7400000095367432
2024-05-24,2720.1181640625,27.090526580810547,56.7579460144043,1.0147929191589355,26.127368927001953,0.2879999876022339,,98.24705505371094,25.979557037353516,12.516584396362305,89.8717041015625,7.829314231872559,10.640000343322754,76.71215057373047,3.299999952316284,182.15330505371094,415.7330627441406,94.12059783935547,3.5364229679107666,71.93830108642578,1.1466666460037231,586.8887939453125,13.360587120056152,55.839149475097656,58.01670455932617,318.7379150390625,1.75
2024-05-27,,27.118528366088867,,1.0194265842437744,26.41983985900879,0.2879999876022339,,,,,89.83370208740234,8.003297805786133,11.0,,,183.24093627929688,420.536376953125,,3.510470151901245,71.89472198486328,1.1466666460037231,592.2566528320312,13.410089492797852,,,322.52777099609375,1.7400000095367432
2024-05-28,2639.17431640625,26.913158416748047,57.13327407836914,1.0194265842437744,26.37109375,0.2879999876022339,,100.75601196289062,26.00771141052246,12.448559761047363,88.71269226074219,8.02263069152832,11.15999984741211,74.24691772460938,3.299999952316284,181.5858612060547,413.5764465332031,93.52507019042969,3.489980936050415,71.7204360961914,1.1466666460037231,586.8887939453125,13.479392051696777,54.03426742553711,57.55946731567383,320.0011901855469,1.7599999904632568
2024-05-29,2665.15625,26.707786560058594,56.326324462890625,1.0194265842437744,27.19976043701172,0.2879999876022339,,100.51931762695312,25.70737075805664,12.341662406921387,87.72466278076172,8.409263610839844,11.039999961853027,75.31035614013672,3.309999942779541,177.85009765625,405.4402160644531,92.76205444335938,3.428513765335083,73.20189666748047,1.1466666460037231,566.3119506835938,13.296235084533691,53.65085220336914,56.92145538330078,320.6919250488281,1.75
2024-05-30,2658.367431640625,26.735788345336914,56.429542541503906,1.0147929191589355,,0.2879999876022339,,99.54414367675781,25.378873825073242,12.380534172058105,87.11665344238281,,,76.18043518066406,3.299999952316284,177.14077758789062,404.1658630371094,96.62364959716797,3.409390449523926,73.20189666748047,1.1466666460037231,562.7333374023438,13.514042854309082,53.37029266357422,57.474395751953125,321.6786804199219,1.75
2024-05-31,2548.434814453125,26.642440795898438,58.587642669677734,1.037961721420288,28.22340965270996,0.2879999876022339,,101.8637466430664,25.41641616821289,12.545737266540527,87.28765869140625,8.699237823486328,11.140000343322754,75.31035614013672,3.299999952316284,177.6136474609375,400.5388488769531,98.9126968383789,3.4230499267578125,72.80975341796875,1.1651612520217896,571.2324829101562,13.365537643432617,54.002281188964844,58.21874237060547,320.59326171875,1.7599999904632568
2024-06-03,2559.428466796875,26.81047248840332,58.1654052734375,1.0240603685379028,28.22340965270996,0.28999999165534973,,102.54542541503906,25.538429260253906,12.565173149108887,86.67964172363281,8.699237823486328,10.979999542236328,74.73030090332031,3.2799999713897705,178.0865478515625,399.9507141113281,100.029296875,3.4449050426483154,73.94263458251953,1.1559139490127563,573.0217895507812,13.415040016174316,53.78533172607422,58.76105880737305,321.4813232421875,1.7400000095367432
2024-06-04,2564.425048828125,26.698450088500977,58.00589370727539,1.037961721420288,28.028427124023438,0.2919999957084656,,101.11579895019531,25.697986602783203,12.633197784423828,86.56564331054688,9.008543014526367,11.100000381469727,74.63362121582031,3.3399999141693115,176.28956604003906,411.32183837890625,102.26251220703125,3.4353432655334473,74.42193603515625,1.1559139490127563,559.15478515625,13.177430152893066,53.521217346191406,59.314002990722656,321.08660888671875,1.75
2024-06-05,2583.41357421875,26.735788345336914,57.30216598510742,1.0564967393875122,28.515878677368164,0.2919999957084656,,98.19972229003906,25.932626724243164,12.594326972961426,89.28269958496094,8.989212036132812,11.319999694824219,74.44026947021484,3.3499999046325684,175.39109802246094,,101.80656433105469,3.408024549484253,74.85765838623047,1.1651612520217896,554.2341918945312,12.934869766235352,53.19107437133789,59.64364242553711,306.9761962890625,1.75
2024-06-06,2582.4140625,26.27836799621582,57.39599609375,1.1306368112564087,28.174663543701172,0.2930000126361847,,99.52521514892578,26.467613220214844,12.681787490844727,89.9287109375,8.873222351074219,11.359999656677246,75.50370025634766,3.299999952316284,177.23536682128906,411.6159362792969,102.64401245117188,3.4039266109466553,75.94697570800781,1.1744085550308228,529.18408203125,13.009123802185059,53.181640625,59.590476989746094,307.9629211425781,1.7699999809265137
2024-06-07,2558.4287109375,26.213024139404297,57.48982620239258,1.0564967393875122,28.174663543701172,0.2930000126361847,,98.58788299560547,26.157886505126953,12.555455207824707,89.7767105102539,8.892553329467773,11.380000114440918,76.18043518066406,3.3499999046325684,177.3299102783203,413.67449951171875,101.43436431884766,3.387535333633423,76.81842803955078,1.1744085550308228,571.499755859375,13.009123802185059,52.691139221191406,59.13323211669922,312.10723876953125,1.7699999809265137
2024-06-10,2544.4375,26.297040939331055,58.127872467041016,1.037961721420288,27.78470230102539,0.2939999997615814,,100.1216812133789,26.026485443115234,12.448559761047363,90.02371978759766,8.950549125671387,11.34000015258789,76.470458984375,3.430000066757202,174.2562255859375,411.6159362792969,99.37794494628906,3.346557378768921,75.55481719970703,1.1651612520217896,563.8924560546875,12.95962142944336,52.77603530883789,59.11196517944336,311.6138610839844,1.7599999904632568
2024-06-11,2515.455078125,26.334381103515625,57.69625473022461,1.061130404472351,27.345996856689453,0.2930000126361847,,100.2826156616211,25.857542037963867,12.477712631225586,89.71971130371094,9.06653881072998,11.600000381469727,73.5701904296875,3.549999952316284,175.0601043701172,415.4389953613281,97.90775299072266,3.2768943309783936,75.4676742553711,1.1651612520217896,560.0888061523438,12.751712799072266,52.559078216552734,59.11196517944336,306.9761962890625,1.7599999904632568
2024-06-12,2504.4619140625,26.02631950378418,56.73918151855469,1.070397973060608,27.492231369018555,0.2930000126361847,,99.79977416992188,25.90447235107422,12.594326972961426,90.802734375,9.06653881072998,12.0,73.76354217529297,3.569999933242798,175.15469360351562,413.96856689453125,98.47535705566406,3.27962589263916,76.03411865234375,1.1651612520217896,556.2850952148438,12.603206634521484,51.625240325927734,59.61174392700195,302.23980712890625,1.7599999904632568
2024-06-13,2491.469970703125,26.241031646728516,56.98314666748047,1.0564967393875122,27.687211990356445,0.2930000126361847,,97.65058898925781,25.538429260253906,12.487430572509766,89.83370208740234,9.105201721191406,11.899999618530273,73.9568862915039,3.5999999046325684,176.762451171875,404.7540283203125,99.21975708007812,3.196303606033325,78.12560272216797,1.1651612520217896,566.2697143554688,12.543805122375488,50.80459976196289,59.856319427490234,298.8848876953125,1.7400000095367432
2024-06-14,2481.47607421875,26.213024139404297,55.82902908325195,1.070397973060608,27.882192611694336,0.2930000126361847,,97.3570785522461,25.275632858276367,12.225049018859863,90.09971618652344,9.375844955444336,11.920000076293945,75.79373168945312,3.549999952316284,179.1741485595703,399.3625183105469,99.3314208984375,3.1730825901031494,78.60489654541016,1.1651612520217896,575.3034057617188,12.504202842712402,50.90835952758789,59.78187942504883,294.2471923828125,1.75
2024-06-17,2489.470947265625,26.22235870361328,56.448307037353516,1.0657641887664795,28.272151947021484,0.2930000126361847,,97.49909973144531,25.331945419311523,12.361098289489746,89.18769073486328,9.337181091308594,11.859999656677246,73.6185302734375,3.5999999046325684,178.51211547851562,393.57891845703125,99.52682495117188,3.148495674133301,77.68988037109375,1.1929031610488892,576.2543334960938,12.276493072509766,52.455326080322266,59.95201873779297,296.4179992675781,1.75
2024-06-18,2493.468505859375,26.36238670349121,56.21373748779297,1.0657641887664795,27.97968292236328,0.2930000126361847,,96.98785400390625,25.632286071777344,12.390252113342285,87.83866882324219,9.279187202453613,11.9399995803833,75.21367645263672,3.5999999046325684,178.322998046875,416.41925048828125,99.76876068115234,3.1293725967407227,77.73344421386719,1.1929031610488892,577.2052612304688,12.271544456481934,52.03084945678711,59.72871398925781,296.6153869628906,1.7400000095367432
2024-06-19,2474.48046875,26.30637550354004,,1.0657641887664795,29.100820541381836,0.2939999997615814,,,,,88.06668090820312,10.149110794067383,12.979999542236328,72.31340789794922,3.5999999046325684,178.3702850341797,422.6929931640625,,3.1293725967407227,77.4284439086914,1.2021504640579224,574.3524780273438,12.152738571166992,,,293.7538146972656,1.7300000190734863
2024-06-20,2486.472900390625,26.297040939331055,57.24586868286133,1.0518629550933838,29.247055053710938,0.2939999997615814,,97.83992767333984,25.491500854492188,11.962667465209961,89.13069915771484,9.955794334411621,12.579999923706055,71.44332122802734,3.509999990463257,174.11434936523438,433.9660949707031,98.81964111328125,3.175814390182495,77.16700744628906,1.1929031610488892,574.3524780273438,12.197290420532227,52.9363899230957,59.70744705200195,295.0365905761719,1.7300000190734863
2024-06-21,2466.485107421875,26.334381103515625,57.56489181518555,1.0518629550933838,28.857093811035156,0.2919999957084656,,100.23529052734375,23.051223754882812,12.147305488586426,88.29468536376953,9.859135627746582,12.300000190734863,75.21367645263672,3.5899999141693115,173.35772705078125,429.4568786621094,97.62859344482422,3.164886951446533,77.03629302978516,1.2021504640579224,572.9261474609375,12.266593933105469,53.10617446899414,59.66490936279297,296.5166931152344,1.75
2024-06-24,2517.4541015625,26.27836799621582,58.29677200317383,,29.154590606689453,,,102.41287231445312,23.088768005371094,12.263919830322266,87.87667083740234,10.100781440734863,12.300000190734863,72.99012756347656,3.5999999046325684,174.87094116210938,423.96734619140625,98.52188110351562,3.175814390182495,76.81842803955078,,571.499755859375,12.662609100341797,54.407894134521484,59.866943359375,301.4504089355469,
2024-06-25,2496.466796875,26.194355010986328,56.9080810546875,1.070397973060608,28.857093811035156,0.2930000126361847,,101.05897521972656,23.454809188842773,12.147305488586426,88.8836898803711,10.149110794067383,12.380000114440918,73.3768310546875,3.5999999046325684,173.07400512695312,423.57525634765625,97.9449691772461,3.1744484901428223,77.03629302978516,1.183655858039856,565.3187866210938,12.355696678161621,53.889095306396484,59.68617630004883,302.04248046875,1.7599999904632568
2024-06-26,2522.451171875,26.007652282714844,56.926841735839844,1.070397973060608,28.609182357788086,0.2930000126361847,,101.48503875732422,23.041839599609375,12.069562911987305,88.71269226074219,9.907464981079102,12.260000228881836,74.53694915771484,3.4100000858306885,170.2367401123047,423.1831359863281,96.36310577392578,3.17854642868042,75.7726821899414,1.183655858039856,555.334228515625,12.365596771240234,53.672142028808594,59.20766830444336,304.2132873535156,1.8200000524520874
2024-06-27,2469.4833984375,25.970308303833008,56.870548248291016,1.0796655416488647,28.70834732055664,0.2939999997615814,,101.91107940673828,22.72272491455078,11.952949523925781,87.0026626586914,9.955794334411621,12.180000305175781,71.63668060302734,3.549999952316284,168.2979278564453,423.1831359863281,95.35816955566406,3.1211769580841064,75.7726821899414,1.183655858039856,533.4631958007812,12.365596771240234,53.23823547363281,58.85676193237305,300.8583679199219,1.809999942779541
2024-06-28,2472.4814453125,25.75560188293457,56.72041702270508,1.0935667753219604,28.70834732055664,0.2939999997615814,,101.08738708496094,22.4411563873291,11.914077758789062,85.78663635253906,10.00412368774414,12.119999885559082,73.0868148803711,3.430000066757202,168.06149291992188,417.6936340332031,95.33024597167969,3.1129813194274902,75.598388671875,1.1929031610488892,534.4140625,12.449750900268555,53.89852523803711,58.47394943237305,303.5225830078125,1.809999942779541
2024-07-01,2494.468017578125,26.101001739501953,56.8986930847168,1.0982004404067993,28.262102127075195,0.2930000126361847,,101.60812377929688,22.713342666625977,12.069562911987305,85.3116226196289,9.810806274414062,11.819999694824219,75.60037231445312,3.5999999046325684,168.39248657226562,414.06658935546875,94.40904998779297,3.091125726699829,74.42193603515625,1.183655858039856,526.8067626953125,12.464601516723633,54.106048583984375,58.16557693481445,303.0292053222656,1.7999999523162842
2024-07-02,2464.486572265625,25.970308303833008,58.29677200317383,1.1028342247009277,28.658763885498047,0.2939999997615814,,104.5052490234375,22.985525131225586,12.108434677124023,85.52062225341797,10.00412368774414,12.279999732971191,71.63668060302734,3.5999999046325684,168.20333862304688,414.8508605957031,95.27442169189453,3.123908758163452,73.68120574951172,1.1929031610488892,531.5613403320312,12.449750900268555,53.9739875793457,58.29317855834961,299.180908203125,1.7999999523162842
2024-07-03,2477.478515625,26.138341903686523,58.82221984863281,1.0935667753219604,28.70834732055664,0.2919999957084656,,103.56794738769531,22.957368850708008,12.244484901428223,85.46363067626953,9.810806274414062,12.15999984741211,72.89346313476562,3.5999999046325684,166.642822265625,418.4778137207031,95.60009002685547,3.1621551513671875,73.72476959228516,1.2206451892852783,527.2822265625,12.34084701538086,53.38916015625,58.47394943237305,294.2471923828125,1.7599999904632568
2024-07-04,2474.48046875,26.20368766784668,,1.0935667753219604,28.658763885498047,0.2919999957084656,,,,,85.78663635253906,9.646488189697266,12.199999809265137,77.92060089111328,3.5999999046325684,166.7374267578125,422.791015625,,3.2386474609375,73.81192016601562,1.2206451892852783,525.38037109375,12.439849853515625,,,297.4047546386719,1.7899999618530273
2024-07-05,2470.48291015625,26.25969696044922,57.57427215576172,1.1121017932891846,29.055423736572266,0.28999999165534973,,102.81050872802734,22.89166831970215,12.409687995910645,85.21662902832031,9.646488189697266,12.140000343322754,72.50675964355469,3.5999999046325684,167.39944458007812,426.9081726074219,96.3724136352539,3.216792583465576,73.20189666748047,1.2298924922943115,530.6104125976562,12.395298957824707,52.84206008911133,59.0056266784668,290.99090576171875,1.809999942779541
2024-07-08,2502.46337890625,26.315710067749023,59.46964645385742,1.0935667753219604,28.857093811035156,0.28999999165534973,,104.51472473144531,23.464195251464844,12.234766960144043,84.28561401367188,9.472503662109375,12.15999984741211,74.0535659790039,3.509999990463257,167.7777557373047,426.9081726074219,96.0188217163086,3.164886951446533,74.20407104492188,1.248387098312378,543.44775390625,11.677519798278809,53.474056243896484,59.36717224121094,289.1161193847656,1.809999942779541
2024-07-09,2435.504150390625,26.34371566772461,59.235069274902344,1.1028342247009277,28.7579288482666,0.2919999957084656,,104.09813690185547,23.511123657226562,12.166742324829102,84.45661163330078,9.71414852142334,12.079999923706055,74.34359741210938,3.5,165.12962341308594,419.9482116699219,95.78619384765625,3.168984889984131,74.63980102539062,1.2576344013214111,542.4968872070312,11.608217239379883,52.738304138183594,59.06943130493164,283.8863830566406,1.7799999713897705
2024-07-10,2451.494384765625,26.894485473632812,60.267208099365234,1.116735577583313,28.658763885498047,0.28999999165534973,,105.27214813232422,23.849008560180664,12.273637771606445,84.79862213134766,9.530498504638672,12.020000457763672,78.30729675292969,3.5799999237060547,163.8528594970703,419.752197265625,96.3445053100586,3.1799123287200928,74.72694396972656,1.2668817043304443,539.1686401367188,11.529014587402344,53.22880172729492,60.12215042114258,287.2413024902344,1.809999942779541
2024-07-11,2464.486572265625,26.93182945251465,60.28596496582031,1.088932991027832,28.5100154876709,0.289000004529953,,104.61886596679688,23.91470718383789,12.380534172058105,84.96961975097656,9.646488189697266,12.079999923706055,73.47351837158203,3.640000104904175,163.28538513183594,420.6344299316406,96.93071746826172,3.27006459236145,73.89906311035156,1.2391397953033447,530.1349487304688,11.618117332458496,53.65327453613281,60.21784973144531,287.635986328125,1.809999942779541
2024-07-12,2502.46337890625,26.90382194519043,60.31411361694336,1.0982004404067993,28.70834732055664,0.28700000047683716,,105.18692779541016,23.62375259399414,12.536019325256348,84.87461853027344,9.66581916809082,11.899999618530273,73.47351837158203,3.6500000953674316,165.12962341308594,422.4969482421875,98.27064514160156,3.2331840991973877,74.33479309082031,1.2576344013214111,536.31591796875,11.573565483093262,54.06831359863281,61.259944915771484,292.96441650390625,1.809999942779541
2024-07-15,2469.4833984375,26.67044448852539,59.4884147644043,1.0842992067337036,28.262102127075195,0.28600001335144043,,104.45790100097656,23.28586769104004,12.351380348205566,84.32361602783203,9.859135627746582,11.520000457763672,75.02031707763672,3.890000104904175,163.37997436523438,420.8304748535156,96.53990936279297,3.196303606033325,78.29988861083984,1.248387098312378,535.8404541015625,11.494361877441406,54.209808349609375,60.56875991821289,291.681640625,1.7999999523162842
2024-07-16,2462.487548828125,26.773130416870117,60.576839447021484,1.1028342247009277,27.667110443115234,0.28600001335144043,,105.46149444580078,23.5205078125,12.351380348205566,84.1716079711914,9.71414852142334,11.260000228881836,75.9870834350586,3.9200000762939453,164.18386840820312,417.2034912109375,96.45616149902344,3.1826441287994385,77.29772186279297,1.2576344013214111,535.364990234375,11.39535903930664,55.71903991699219,60.97283935546875,290.3002014160156,1.7999999523162842
2024-07-17,2483.474609375,27.21187973022461,61.6652717590332,1.0935667753219604,27.171283721923828,0.2849999964237213,,106.14317321777344,23.811466217041016,12.536019325256348,85.02662658691406,9.810806274414062,11.539999961853027,75.21367645263672,3.890000104904175,165.6497802734375,408.5770568847656,98.55909729003906,3.1922059059143066,77.9077377319336,1.248387098312378,542.0214233398438,11.623066902160645,57.030181884765625,61.8873291015625,296.0233154296875,1.809999942779541
2024-07-18,2511.457763671875,27.70664405822754,60.79265594482422,1.0982004404067993,26.923370361328125,0.28200000524520874,,106.24732971191406,23.445423126220703,12.487430572509766,85.23562622070312,9.762478828430176,11.779999732971191,77.53388977050781,3.799999952316284,167.7777557373047,407.7928771972656,98.47535705566406,3.1607890129089355,78.34346771240234,1.248387098312378,548.6777954101562,11.826025009155273,57.001888275146484,61.717185974121094,297.7994384765625,1.7899999618530273
2024-07-19,2504.4619140625,27.482601165771484,60.22966766357422,1.0935667753219604,27.270450592041016,0.28200000524520874,,105.96328735351562,23.21078109741211,12.390252113342285,84.95062255859375,9.71414852142334,11.84000015258789,75.69705963134766,3.759999990463257,168.06149291992188,409.4593505859375,97.67511749267578,3.0870282649993896,79.73778533935547,1.2391397953033447,552.9569091796875,11.746822357177734,56.34160232543945,61.70655059814453,308.7523193359375,1.850000023841858
2024-07-22,2478.477783203125,27.884010314941406,60.192142486572266,1.0982004404067993,27.51836395263672,0.2759999930858612,,106.84378051757812,23.473581314086914,12.497147560119629,85.55862426757812,10.052452087402344,11.699999809265137,77.43721771240234,3.8499999046325684,167.91961669921875,412.4981689453125,99.19184112548828,3.106151580810547,79.38920593261719,1.248387098312378,554.38330078125,11.766623497009277,56.13407516479492,61.84479522705078,317.9290466308594,1.840000033378601
2024-07-23,2462.487548828125,27.6319637298584,58.38121795654297,1.088932991027832,27.51836395263672,0.2720000147819519,,104.95023345947266,23.182626724243164,12.370816230773926,85.17862701416016,10.100781440734863,11.619999885559082,78.30729675292969,3.9000000953674316,167.8250274658203,412.2041015625,97.79608917236328,3.0801985263824463,79.34563446044922,1.248387098312378,555.334228515625,11.573565483093262,55.869964599609375,60.89840316772461,314.67279052734375,1.840000033378601
2024-07-24,2455.491943359375,27.85600471496582,58.78468704223633,1.088932991027832,27.51836395263672,0.27399998903274536,,106.12422943115234,23.069995880126953,12.273637771606445,84.62760925292969,10.487414360046387,12.279999732971191,78.30729675292969,3.859999895095825,168.39248657226562,423.3791809082031,97.4797134399414,3.059709310531616,78.7356185913086,1.2206451892852783,555.8096923828125,11.677519798278809,56.011451721191406,60.12215042114258,312.10723876953125,1.7999999523162842
2024-07-25,2482.475341796875,27.435924530029297,59.41334915161133,1.070397973060608,28.7579288482666,0.2720000147819519,,106.93846893310547,23.069995880126953,12.293073654174805,85.19761657714844,11.69564151763916,12.0600004196167,77.05050659179688,3.799999952316284,168.95994567871094,421.41864013671875,93.059814453125,3.043318271636963,78.7356185913086,1.2206451892852783,557.7114868164062,11.717121124267578,56.86982727050781,62.82307815551758,310.8244934082031,1.840000033378601
2024-07-26,2511.457763671875,27.790658950805664,60.03262710571289,1.1028342247009277,30.394155502319336,0.2709999978542328,,108.22608947753906,23.492351531982422,12.467994689941406,86.16664123535156,11.888958930969238,12.15999984741211,74.44026947021484,3.8499999046325684,169.0072479248047,421.1245422363281,92.71552276611328,3.02146315574646,78.8663330078125,1.2206451892852783,562.466064453125,11.647818565368652,57.548980712890625,64.57762145996094,312.7979736328125,1.8300000429153442
2024-07-29,2478.477783203125,27.846670150756836,59.39458465576172,1.0842992067337036,31.038728713989258,0.26899999380111694,,107.52545928955078,22.54439926147461,12.361098289489746,77.42648315429688,13.097186088562012,12.079999923706055,76.37378692626953,3.6600000858306885,171.27708435058594,419.752197265625,92.31541442871094,3.0159993171691895,79.73778533935547,1.2298924922943115,572.9261474609375,11.717121124267578,57.407493591308594,64.77965545654297,309.1470031738281,1.8200000524520874
2024-07-30,2479.477294921875,27.940021514892578,58.64393615722656,1.088932991027832,31.038728713989258,0.2680000066757202,,108.46278381347656,22.779041290283203,12.409687995910645,77.88248443603516,12.90386962890625,12.15999984741211,79.27405548095703,3.799999952316284,172.17552185058594,428.37860107421875,93.17147064208984,3.02146315574646,80.04279327392578,1.2298924922943115,584.8125610351562,11.727022171020508,57.45465850830078,64.92852020263672,307.5682373046875,1.8200000524520874
2024-07-31,2480.476806640625,27.79999542236328,58.184173583984375,1.088932991027832,30.741233825683594,0.2619999945163727,,99.62935638427734,22.703954696655273,12.672069549560547,78.58187866210938,11.985615730285645,12.260000228881836,80.53083801269531,3.6500000953674316,174.2089080810547,430.339111328125,93.97171020507812,3.039220094680786,80.26065063476562,1.248387098312378,597.1744384765625,11.811175346374512,57.44522476196289,65.29005432128906,306.87750244140625,1.8300000429153442
2024-08-01,2485.473876953125,27.697307586669922,56.74856948852539,1.0842992067337036,30.047077178955078,0.2540000081062317,,97.58432006835938,22.43177032470703,12.604044914245605,78.00703430175781,12.178933143615723,12.760000228881836,81.59426879882812,3.9800000190734863,173.7833251953125,427.2022399902344,93.86935424804688,2.9968762397766113,79.47634887695312,1.248387098312378,592.8953247070312,11.830975532531738,57.31316375732422,65.53463745117188,302.3384704589844,1.840000033378601
2024-08-02,2462.487548828125,27.884010314941406,55.27543258666992,1.0750317573547363,28.55959701538086,0.2529999911785126,,93.1817855834961,22.966753005981445,13.14824390411377,77.96870422363281,12.468907356262207,12.680000305175781,76.66381072998047,4.130000114440918,171.84451293945312,420.34033203125,97.09820556640625,2.957263708114624,79.17134857177734,1.248387098312378,574.3524780273438,11.657718658447266,57.75650405883789,66.50228881835938,297.2074279785156,1.8200000524520874
2024-08-05,2421.512939453125,27.435924530029297,54.5904655456543,1.0564967393875122,27.171283721923828,0.23999999463558197,,90.3320083618164,22.42238426208496,12.895580291748047,76.68488311767578,12.468907356262207,11.920000076293945,76.56712341308594,4.0,166.40643310546875,411.51788330078125,95.15345001220703,3.343825340270996,76.81842803955078,1.1929031610488892,549.1532592773438,11.509212493896484,58.96389389038086,64.56697845458984,290.5962219238281,1.7999999523162842
2024-08-06,2425.510498046875,27.31456756591797,54.38404083251953,1.0472291707992554,28.55959701538086,0.23499999940395355,,90.23731994628906,22.41299819946289,12.837272644042969,76.64656066894531,12.372248649597168,12.15999984741211,82.56103515625,3.990000009536743,169.2909698486328,414.2626647949219,95.51634979248047,3.552814245223999,78.2127456665039,1.2206451892852783,565.7942504882812,11.449810028076172,58.04891586303711,65.20499420166016,286.94525146484375,1.7999999523162842
2024-08-07,2444.498779296875,28.6961669921875,54.5904655456543,1.070397973060608,28.658763885498047,0.23399999737739563,,90.59710693359375,22.14081382751465,12.837272644042969,77.41302490234375,12.468907356262207,12.300000190734863,82.07764434814453,4.010000228881836,173.688720703125,418.6739196777344,95.73036193847656,3.5978903770446777,78.8663330078125,1.2298924922943115,581.9598388671875,11.533963203430176,57.67161178588867,64.97105407714844,295.13525390625,1.8200000524520874
2024-08-08,2432.506103515625,28.462787628173828,54.87196350097656,1.0657641887664795,28.658763885498047,0.22599999606609344,,92.20661163330078,22.3566837310791,12.837272644042969,77.43218231201172,12.323920249938965,12.380000114440918,81.59426879882812,4.110000133514404,172.7429656982422,414.6547546386719,95.73966979980469,3.608818292617798,78.60489654541016,1.2391397953033447,589.567138671875,11.494361877441406,58.369632720947266,65.31132507324219,295.4312744140625,1.8200000524520874
2024-08-09,2455.491943359375,28.291954040527344,54.834434509277344,1.0750317573547363,29.154590606689453,0.22499999403953552,,91.7237548828125,22.028186798095703,12.720659255981445,76.3782958984375,11.985615730285645,12.199999809265137,82.9477310180664,4.179999828338623,174.30349731445312,420.2423095703125,95.66522979736328,3.608818292617798,78.43061065673828,1.248387098312378,595.2726440429688,11.380507469177246,58.19041061401367,64.77227020263672,295.8259582519531,1.809999942779541
2024-08-12,2433.505615234375,28.206539154052734,54.48725128173828,1.0657641887664795,29.749582290649414,0.2280000001192093,,91.79002380371094,21.934329986572266,12.749812126159668,75.99506378173828,11.985615730285645,12.65999984741211,82.75437927246094,4.159999847412109,174.30349731445312,420.73248291015625,94.92082977294922,3.625209331512451,78.38703918457031,1.248387098312378,597.1744384765625,11.316155433654785,56.907562255859375,64.50435638427734,294.3458557128906,1.809999942779541
2024-08-13,2451.494384765625,28.2445011138916,54.778133392333984,1.0657641887664795,29.749582290649414,0.22699999809265137,,91.45865631103516,22.075115203857422,12.837272644042969,76.12919616699219,12.323920249938965,12.760000228881836,80.82086181640625,4.0,179.0323028564453,423.86932373046875,95.42330169677734,3.6197452545166016,78.7791976928711,1.2298924922943115,607.1590576171875,11.202300071716309,57.69990539550781,65.1580810546875,297.7994384765625,1.809999942779541
2024-08-14,2472.4814453125,28.30144500732422,54.778133392333984,1.0564967393875122,29.551250457763672,0.22699999809265137,,90.66337585449219,21.277332305908203,12.963604927062988,76.41661834716797,11.647313117980957,12.779999732971191,83.52778625488281,3.990000009536743,180.35635375976562,422.4969482421875,96.02812194824219,3.586962938308716,78.909912109375,1.2298924922943115,609.536376953125,11.202300071716309,58.51112365722656,65.22237396240234,296.0233154296875,1.809999942779541
2024-08-15,2498.465576171875,28.58616828918457,55.228511810302734,,,,,90.90007019042969,21.48381805419922,12.866426467895508,76.5507583618164,,,82.9477310180664,4.03000020980835,180.8292236328125,426.3199768066406,95.22789001464844,3.6306731700897217,79.5634994506836,,606.68359375,11.227051734924316,58.52055740356445,65.74750518798828,298.2928161621094,
2024-08-16,2466.485107421875,28.529224395751953,55.4443244934082,1.0564967393875122,29.45208740234375,0.2150000035762787,,91.37345886230469,21.39934539794922,12.944169044494629,76.33998107910156,11.7923002243042,12.979999542236328,85.07459259033203,4.010000228881836,179.83619689941406,430.0450439453125,96.06534576416016,3.6006224155426025,79.6942138671875,1.2298924922943115,603.3554077148438,11.137948036193848,58.97332763671875,65.3616943359375,298.49017333984375,1.809999942779541
2024-08-19,2474.48046875,28.633623123168945,55.9979248046875,1.0472291707992554,29.50166893005371,0.210999995470047,,91.77392578125,21.249174118041992,13.070501327514648,76.41661834716797,12.033945083618164,13.260000228881836,85.94467163085938,4.010000228881836,181.4912567138672,433.6720275878906,96.74462127685547,3.582864999771118,79.86849975585938,1.2391397953033447,607.1590576171875,10.870636940002441,58.92616653442383,65.85466766357422,299.8716125488281,1.8300000429153442
2024-08-20,2445.498046875,28.491260528564453,55.369266510009766,1.061130404472351,29.45208740234375,0.20999999344348907,,90.7536849975586,20.901905059814453,13.051065444946289,75.89926147460938,11.985615730285645,13.460000038146973,85.17127227783203,4.099999904632568,177.093505859375,433.5740051269531,97.09820556640625,3.5473506450653076,79.5634994506836,1.2206451892852783,561.9906005859375,10.430068969726562,58.86956787109375,65.75821685791016,297.2074279785156,1.840000033378601
2024-08-21,2441.500732421875,28.557695388793945,56.0411491394043,1.0518629550933838,29.402502059936523,0.210999995470047,,91.85020446777344,21.34303092956543,13.080219268798828,77.24057006835938,11.647313117980957,13.399999618530273,84.8812484741211,4.050000190734863,177.14077758789062,431.80950927734375,97.50762939453125,3.5664737224578857,79.5199203491211,1.248387098312378,561.0396728515625,10.662729263305664,59.71851348876953,66.2297592163086,298.49017333984375,1.809999942779541
2024-08-22,2478.477783203125,28.614641189575195,56.069541931152344,1.0982004404067993,28.7579288482666,0.20399999618530273,,91.98369598388672,21.211633682250977,13.080219268798828,76.26332092285156,11.74397087097168,13.460000038146973,86.0413589477539,4.070000171661377,177.37721252441406,438.1812744140625,92.61317443847656,3.5377888679504395,80.39137268066406,1.2576344013214111,552.4814453125,10.553824424743652,59.43552780151367,67.0013656616211,298.0954895019531,1.8600000143051147
2024-08-23,2512.457275390625,28.652605056762695,57.25244140625,1.070397973060608,29.50166893005371,0.19900000095367432,,94.05278015136719,21.530746459960938,13.23570442199707,76.45494842529297,10.97070598602295,13.699999809265137,86.23469543457031,4.199999809265137,177.85009765625,440.0437927246094,97.86122131347656,3.5883290767669678,80.17351531982422,1.2391397953033447,551.5305786132812,10.553824424743652,59.86000061035156,68.15878295898438,300.8583679199219,1.8200000524520874
2024-08-26,,28.76649284362793,57.47956085205078,1.070397973060608,27.815858840942383,0.1979999989271164,,95.9502182006836,21.446273803710938,13.264857292175293,77.24057006835938,10.777388572692871,13.800000190734863,,,177.8028106689453,441.8083190917969,98.18689727783203,3.606086254119873,80.60923767089844,1.2576344013214111,553.432373046875,10.534024238586426,60.49199295043945,68.19092559814453,303.5225830078125,1.840000033378601
2024-08-27,2497.46630859375,29.060707092285156,57.30922317504883,1.0564967393875122,28.410850524902344,0.19499999284744263,,95.65464782714844,21.943714141845703,13.35231876373291,78.12200927734375,10.82571792602539,13.600000381469727,85.17127227783203,4.28000020980835,177.8028106689453,446.0234375,99.19184112548828,3.6429665088653564,81.13211059570312,1.2391397953033447,548.6777954101562,10.56867504119873,60.303340911865234,68.68389892578125,301.64776611328125,1.7899999618530273
2024-08-28,2502.46337890625,29.2220516204834,57.687747955322266,1.0518629550933838,28.460433959960938,0.19099999964237213,,96.13139343261719,21.615217208862305,13.400907516479492,78.3327865600586,11.260679244995117,13.34000015258789,85.07459259033203,4.179999828338623,176.5260467529297,452.9833984375,99.2848892211914,3.733119010925293,81.95999145507812,1.2576344013214111,538.6931762695312,10.53897476196289,61.96349334716797,69.00540924072266,299.6742858886719,1.840000033378601
2024-08-29,2494.468017578125,29.307466506958008,57.574195861816406,1.061130404472351,29.253755569458008,0.19200000166893005,,96.36023712158203,21.85924530029297,13.38147258758545,78.58187866210938,11.647313117980957,13.720000267028809,85.07459259033203,4.159999847412109,174.0670623779297,459.97357177734375,99.97347259521484,3.843759775161743,81.26282501220703,1.2576344013214111,522.5276489257812,10.598376274108887,60.98249816894531,69.72342681884766,302.7331848144531,1.840000033378601
2024-08-30,2488.4716796875,29.478300094604492,57.71614074707031,1.070397973060608,29.402502059936523,0.19300000369548798,,96.66535186767578,21.953100204467773,13.478650093078613,78.04535675048828,12.033945083618164,13.640000343322754,85.07459259033203,4.170000076293945,176.31031799316406,460.76116943359375,99.4896011352539,3.907959222793579,82.09070587158203,1.2576344013214111,523.9540405273438,10.603326797485352,61.12506103515625,69.43408203125,304.7066650390625,1.840000033378601
2024-09-02,2481.47607421875,29.58269691467285,,1.070397973060608,29.10500717163086,0.19200000166893005,,,,,78.00703430175781,12.662223815917969,13.859999656677246,85.07459259033203,4.110000133514404,175.8330078125,460.76116943359375,,3.9666948318481445,83.0928726196289,1.2761290073394775,513.9694213867188,10.499371528625488,,,303.0292053222656,1.850000023841858
2024-09-03,2494.468017578125,29.829458236694336,57.36600112915039,1.0657641887664795,28.609182357788086,0.18700000643730164,,94.68209075927734,21.868629455566406,13.653572082519531,78.02619934082031,12.227261543273926,13.779999732971191,85.07459259033203,4.119999885559082,172.5397491455078,455.93695068359375,99.79667663574219,3.9065933227539062,82.39571380615234,1.2761290073394775,504.93572998046875,10.162758827209473,61.600303649902344,69.50910186767578,296.2206726074219,1.850000023841858
2024-09-04,2499.46484375,29.61117172241211,58.1230583190918,1.0657641887664795,28.70834732055664,0.1770000010728836,,95.54975891113281,21.831087112426758,13.857646942138672,78.08368682861328,12.323920249938965,13.739999771118164,85.07459259033203,4.050000190734863,174.68753051757812,454.85400390625,97.96357727050781,3.9448399543762207,82.87500762939453,1.2761290073394775,509.21484375,10.083556175231934,62.465240478515625,69.76629638671875,294.9378967285156,1.8300000429153442
2024-09-05,2287.59521484375,29.440338134765625,56.845523834228516,1.0472291707992554,28.55959701538086,0.17100000381469727,,94.14813232421875,21.962486267089844,13.877081871032715,78.88847351074219,11.985615730285645,13.300000190734863,87.49148559570312,4.010000228881836,175.26028442382812,449.4390563964844,97.3308334350586,3.898397922515869,83.57217407226562,1.2761290073394775,518.7239990234375,10.261762619018555,61.90444564819336,70.15211486816406,294.2471923828125,1.899999976158142
2024-09-06,2202.647216796875,29.497282028198242,56.277732849121094,1.0564967393875122,28.11335563659668,0.16599999368190765,,93.8620834350586,21.680917739868164,14.061721801757812,77.6812973022461,12.372248649597168,12.960000038146973,85.4613037109375,3.950000047683716,173.63748168945312,452.0972900390625,96.79114532470703,3.876542568206787,84.96649169921875,1.2761290073394775,513.4939575195312,10.311264991760254,62.60780334472656,69.92704772949219,291.2869567871094,1.8899999856948853
2024-09-09,2178.661865234375,29.67760467529297,56.306121826171875,1.0518629550933838,28.014188766479492,0.164000004529953,,94.31974792480469,21.32425880432129,14.071438789367676,78.54356384277344,12.323920249938965,13.140000343322754,86.33139038085938,4.090000152587891,179.07859802246094,457.8075866699219,96.36310577392578,3.8587851524353027,86.27366638183594,1.2853763103485107,526.331298828125,10.212260246276855,62.52225875854492,70.29141998291016,291.089599609375,1.9299999475479126
2024-09-10,2161.67236328125,29.459320068359375,55.88027572631836,1.0518629550933838,28.063772201538086,0.15800000727176666,,91.7071762084961,21.13654899597168,14.110310554504395,78.4285888671875,11.840628623962402,13.140000343322754,86.91143798828125,3.9700000286102295,177.264892578125,458.3983154296875,97.34944915771484,3.638868570327759,86.88368225097656,1.294623613357544,522.0521850585938,9.959800720214844,60.05103302001953,70.03421783447266,288.4253845214844,1.9199999570846558
2024-09-11,2165.669921875,29.21255874633789,55.83295822143555,1.0750317573547363,28.262102127075195,0.1550000011920929,,91.44020080566406,21.6903018951416,14.139464378356934,78.90763854980469,12.130603790283203,13.140000343322754,86.91143798828125,3.9600000381469727,177.83766174316406,458.3983154296875,96.24214172363281,3.6019883155822754,86.70939636230469,1.2853763103485107,527.2822265625,10.09345531463623,58.596805572509766,69.54125213623047,294.14849853515625,1.9299999475479126
2024-09-12,2166.66943359375,29.326448440551758,56.419681549072266,1.0564967393875122,29.352920532226562,0.15299999713897705,,91.945556640625,22.187742233276367,14.110310554504395,79.55912780761719,11.888958930969238,13.300000190734863,88.168212890625,4.0,177.36033630371094,458.3983154296875,96.2979736328125,3.6334047317504883,86.40438842773438,1.294623613357544,526.8067626953125,10.21721076965332,58.62531280517578,69.53053283691406,293.85247802734375,1.9600000381469727
2024-09-13,2187.656494140625,29.3359375,57.14834213256836,1.0564967393875122,29.253755569458008,0.15000000596046448,,92.85136413574219,22.290985107421875,14.061721801757812,79.06092834472656,11.453996658325195,13.34000015258789,86.91143798828125,4.0,179.46041870117188,461.64727783203125,95.9629898071289,3.697604179382324,85.96866607666016,1.3131182193756104,525.8558349609375,10.45482063293457,58.35918426513672,69.72342681884766,302.04248046875,2.0399999618530273
2024-09-16,2230.630126953125,29.411865234375,57.167274475097656,1.0564967393875122,29.253755569458008,0.1459999978542328,,92.76555633544922,22.272214889526367,14.178335189819336,78.52439880371094,11.357337951660156,13.300000190734863,86.91143798828125,4.0,178.50584411621094,460.56427001953125,95.64662170410156,3.667553424835205,86.70939636230469,1.3131182193756104,521.5767211914062,10.68252944946289,58.786888122558594,70.25926971435547,304.7066650390625,2.0799999237060547
2024-09-17,2241.623291015625,29.554224014282227,57.2145881652832,1.0564967393875122,29.204174041748047,0.14300000667572021,,93.14696502685547,22.13142967224121,13.945107460021973,78.06452941894531,11.357337951660156,13.15999984741211,86.91143798828125,4.0,178.7445068359375,455.74005126953125,94.78125,3.6429665088653564,85.70722961425781,1.294623613357544,520.6257934570312,10.83598518371582,58.73937225341797,69.46623992919922,310.232421875,2.2200000286102295
2024-09-18,2233.62841796875,29.307466506958008,57.28083419799805,1.0472291707992554,29.799163818359375,0.14100000262260437,,93.16603088378906,21.793542861938477,13.935389518737793,77.02979278564453,11.7923002243042,13.359999656677246,86.91143798828125,4.019999980926514,175.8330078125,449.1437072753906,94.18572998046875,3.596524477005005,85.18435668945312,1.3038709163665771,523.0031127929688,10.905288696289062,58.74887466430664,68.98396301269531,307.2721862792969,2.140000104904175
2024-09-19,2254.615478515625,29.003761291503906,59.097774505615234,1.061130404472351,29.84874725341797,0.14000000059604645,,95.69279479980469,22.12204360961914,14.052003860473633,77.6621322631836,11.502325057983398,13.100000381469727,86.0413589477539,4.130000114440918,176.59669494628906,445.599365234375,93.78560638427734,3.647064208984375,84.18218994140625,1.3131182193756104,522.5276489257812,11.187450408935547,58.61581039428711,68.93038940429688,321.5799865722656,2.140000104904175
2024-09-20,2235.626953125,28.918344497680664,58.066280364990234,1.061130404472351,29.749582290649414,0.14000000059604645,,94.20533752441406,21.643373489379883,14.022850036621094,75.93758392333984,11.357337951660156,13.0,85.2679443359375,4.050000190734863,177.073974609375,452.2942199707031,90.35204315185547,3.576035499572754,85.05364227294922,1.3038709163665771,521.5767211914062,10.99934196472168,57.161582946777344,69.02684020996094,317.731689453125,2.140000104904175
2024-09-23,2274.60302734375,29.326448440551758,57.64043045043945,1.061130404472351,29.551250457763672,0.14000000059604645,,92.90858459472656,21.41811752319336,14.061721801757812,75.22859954833984,11.260679244995117,12.899999618530273,82.27100372314453,4.050000190734863,176.88304138183594,467.554443359375,90.97547912597656,3.5459847450256348,85.358642578125,1.3038709163665771,510.165771484375,10.905288696289062,57.427711486816406,69.55196380615234,316.547607421875,2.2200000286102295
2024-09-24,2293.591552734375,29.525754928588867,57.47010040283203,1.061130404472351,30.047077178955078,0.13899999856948853,,92.54625701904297,21.67152976989746,14.197771072387695,74.80704498291016,11.21235179901123,12.84000015258789,88.6515884399414,4.079999923706055,176.31031799316406,461.84417724609375,92.46430206298828,3.582864999771118,85.57650756835938,1.3038709163665771,498.2793273925781,10.870636940002441,57.52275848388672,69.41265106201172,317.731689453125,2.200000047683716
2024-09-25,2282.59814453125,29.58269691467285,55.01911926269531,1.061130404472351,30.344573974609375,0.14000000059604645,,90.31507873535156,21.38996124267578,14.081156730651855,74.308837890625,11.115693092346191,13.100000381469727,90.00505065917969,4.03000020980835,173.7329559326172,468.9327697753906,92.02696228027344,3.53369140625,85.75080108642578,1.294623613357544,499.7056884765625,10.969640731811523,55.08955001831055,69.98063659667969,318.9158020019531,2.200000047683716
2024-09-26,2294.5908203125,29.278995513916016,56.18309783935547,1.0657641887664795,30.741233825683594,0.1379999965429306,,91.4115982055664,22.272214889526367,14.197771072387695,75.5926742553711,11.309008598327637,13.039999961853027,88.6515884399414,4.03000020980835,178.50584411621094,468.5389709472656,93.64603424072266,3.510470151901245,85.01007080078125,1.3038709163665771,507.3130187988281,11.192400932312012,56.3821907043457,69.91633605957031,323.2574768066406,2.180000066757202
2024-09-27,2321.57421875,29.54473304748535,56.7792854309082,1.0657641887664795,31.435392379760742,0.1354999989271164,,93.18509674072266,22.91044044494629,14.236641883850098,77.48966979980469,11.309008598327637,13.100000381469727,88.31322479248047,4.019999980926514,179.17404174804688,469.425048828125,93.9251937866211,3.5050063133239746,86.0558090209961,1.2853763103485107,513.4939575195312,11.786423683166504,56.733863830566406,70.13066864013672,328.6845703125,2.1600000858306885
2024-09-30,2331.568115234375,29.4498291015625,56.53323745727539,1.061130404472351,31.237060546875,0.1354999989271164,,92.14579010009766,22.328529357910156,14.188054084777832,76.30165100097656,11.502325057983398,13.140000343322754,85.55797576904297,4.0,181.13092041015625,474.7415466308594,93.6739501953125,3.494079113006592,86.66581726074219,1.3038709163665771,526.331298828125,11.39535903930664,56.61030960083008,69.61626434326172,329.67132568359375,2.1600000858306885
2024-10-01,2315.578125,29.65862464904785,56.325050354003906,1.0657641887664795,30.344573974609375,0.12300000339746475,,93.1374282836914,22.03757095336914,14.120028495788574,75.49687194824219,11.598982810974121,13.119999885559082,92.03524780273438,4.03000020980835,181.3695831298828,466.07763671875,93.48785400390625,3.567840099334717,86.0993881225586,1.2761290073394775,533.9385986328125,11.375556945800781,56.8004035949707,69.27332305908203,333.1249084472656,2.1600000858306885
2024-10-02,2289.59375,29.288484573364258,55.63423156738281,1.0657641887664795,29.749582290649414,0.11100000143051147,,92.44136047363281,22.403614044189453,14.003414154052734,75.55435180664062,11.21235179901123,13.0600004196167,92.03524780273438,4.0,178.83993530273438,466.27459716796875,93.10633850097656,3.5719375610351562,85.83794403076172,1.2853763103485107,518.24853515625,11.524064064025879,56.27763366699219,68.73748779296875,339.3414001464844,2.119999885559082
2024-10-03,2306.583251953125,29.19357681274414,55.33141326904297,1.0750317573547363,30.344573974609375,0.12099999934434891,,92.17439270019531,22.403614044189453,13.867364883422852,75.22859954833984,10.487414360046387,12.859999656677246,86.33139038085938,4.0,179.9376983642578,465.683837890625,91.88738250732422,3.574669599533081,85.44580078125,1.294623613357544,530.6104125976562,11.217150688171387,55.194095611572266,67.41932678222656,340.13079833984375,2.240000009536743
2024-10-04,2318.576171875,29.0701961517334,56.05060958862305,1.0750317573547363,30.344573974609375,0.12049999833106995,,93.60462951660156,22.290985107421875,13.711878776550293,74.96033477783203,10.58407211303711,12.9399995803833,89.90838623046875,3.990000009536743,181.70370483398438,457.6106872558594,91.28254699707031,3.6129162311553955,86.1865234375,1.3038709163665771,539.6441040039062,10.939940452575684,55.65032958984375,67.34430694580078,345.459228515625,2.180000066757202
2024-10-07,2310.5810546875,29.307466506958008,55.70047378540039,1.0750317573547363,30.047077178955078,0.12250000238418579,,94.33883666992188,22.290985107421875,13.77990436553955,75.40104675292969,10.245768547058105,12.920000076293945,87.00811004638672,4.0,181.3695831298828,459.08746337890625,90.70564270019531,3.582864999771118,86.70939636230469,1.294623613357544,532.0368041992188,11.019143104553223,55.34617614746094,66.69058227539062,342.8936767578125,2.2200000286102295
2024-10-08,2303.585205078125,29.373903274536133,54.46079635620117,1.0796655416488647,30.344573974609375,0.1289999932050705,,93.67137908935547,21.521360397338867,13.838211059570312,73.71482849121094,9.907464981079102,12.680000305175781,87.78150939941406,4.010000228881836,179.17404174804688,463.813232421875,90.25899505615234,3.5350568294525146,86.3608169555664,1.294623613357544,521.1012573242188,10.72213077545166,55.403202056884766,67.39789581298828,336.5785217285156,2.180000066757202
2024-10-09,2321.57421875,29.61117172241211,53.91192626953125,1.088932991027832,30.394155502319336,0.13300000131130219,,91.88834381103516,21.793542861938477,13.809057235717773,74.42381286621094,9.955794334411621,12.899999618530273,85.4613037109375,4.0,182.94461059570312,460.9580993652344,90.69633483886719,3.5473506450653076,88.8008804321289,1.3038709163665771,534.8895263671875,10.781534194946289,55.39369583129883,67.40860748291016,341.01885986328125,2.2200000286102295
2024-10-10,2340.5625,29.525754928588867,54.214752197265625,1.1213693618774414,30.344573974609375,0.1340000033378601,,91.59275817871094,21.615217208862305,13.799339294433594,73.5423812866211,10.342426300048828,12.899999618530273,91.12285614013672,4.039999961853027,185.90380859375,460.0719909667969,90.80799102783203,3.563742160797119,88.45230102539062,1.3131182193756104,544.398681640625,10.776583671569824,55.30815505981445,66.87277221679688,341.6109313964844,2.2200000286102295
2024-10-11,2338.563720703125,29.573205947875977,54.85824966430664,1.1399043798446655,30.592487335205078,0.13300000131130219,,92.46044158935547,21.80293083190918,13.867364883422852,73.96392822265625,10.052452087402344,12.699999809265137,86.4137954711914,4.0,185.5697021484375,457.8075866699219,91.19880676269531,3.698970317840576,89.58518981933594,1.3131182193756104,546.300537109375,10.637977600097656,55.91646194458008,67.29071807861328,344.3738098144531,2.2200000286102295
2024-10-14,2324.572509765625,28.538713455200195,54.801475524902344,1.163073182106018,30.047077178955078,0.1289999932050705,,91.74532318115234,21.633987426757812,13.886799812316895,73.86811828613281,10.342426300048828,12.920000076293945,89.32661437988281,4.099999904632568,185.4742431640625,461.5487976074219,90.88243103027344,3.6743829250335693,89.84661865234375,1.3131182193756104,543.44775390625,10.707280158996582,56.88594436645508,67.61222076416016,345.36053466796875,2.240000009536743
2024-10-15,2347.558349609375,28.757001876831055,54.57435607910156,1.1445380449295044,29.89832878112793,0.12849999964237213,,90.27694702148438,21.361804962158203,13.915953636169434,74.46212768554688,10.342426300048828,12.979999542236328,89.4237060546875,4.179999828338623,187.6697540283203,461.3518981933594,90.55675506591797,3.483151435852051,90.4566421508789,1.3131182193756104,554.8587646484375,10.400368690490723,56.90495300292969,67.85871887207031,341.31488037109375,2.240000009536743
2024-10-16,2366.546630859375,28.652605056762695,55.161067962646484,1.1491718292236328,29.749582290649414,0.1289999932050705,,90.69647216796875,21.249174118041992,13.877081871032715,74.1747055053711,10.390755653381348,12.979999542236328,89.52080535888672,4.050000190734863,187.335693359375,453.27874755859375,90.03568267822266,3.3998289108276367,90.36949157714844,1.3223655223846436,552.4814453125,10.410268783569336,57.59880065917969,67.70868682861328,342.4989929199219,2.259999990463257
2024-10-17,2375.541015625,28.956308364868164,55.48282241821289,1.1491718292236328,29.947912216186523,0.1289999932050705,,91.15413665771484,21.831087112426758,13.721596717834473,74.94117736816406,10.390755653381348,13.140000343322754,89.13243103027344,4.099999904632568,190.9153289794922,447.1746520996094,91.9525146484375,3.4216837882995605,89.58518981933594,1.3223655223846436,559.6133422851562,10.563725471496582,56.82891845703125,67.38717651367188,340.328125,2.259999990463257
2024-10-18,2346.55908203125,29.15561294555664,53.372528076171875,1.1491718292236328,30.84040069580078,0.12849999964237213,,85.38551330566406,21.990644454956055,13.711878776550293,75.03697967529297,10.294097900390625,12.960000038146973,89.13243103027344,4.050000190734863,187.90843200683594,444.811767578125,92.2874984741211,3.4353432655334473,89.3237533569336,1.3038709163665771,549.6287231445312,10.890438079833984,57.03801727294922,67.46218872070312,336.6772155761719,2.2799999713897705
2024-10-21,2320.574951171875,29.003761291503906,53.11701583862305,1.1399043798446655,30.394155502319336,0.12800000607967377,,84.71804809570312,21.493202209472656,13.614700317382812,74.27051544189453,10.100781440734863,12.880000114440918,86.2196044921875,4.039999961853027,188.05162048339844,444.0241394042969,92.7248306274414,3.459930419921875,89.49803924560547,1.3131182193756104,548.6777954101562,10.954790115356445,56.24912643432617,66.7656021118164,333.1249084472656,2.299999952316284
2024-10-22,2322.57373046875,28.956308364868164,52.70063400268555,1.1445380449295044,29.749582290649414,0.12700000405311584,,85.21387481689453,21.45566177368164,13.55639362335205,73.75315856933594,10.149110794067383,12.619999885559082,88.79259490966797,4.039999961853027,184.66285705566406,440.6767272949219,91.62683868408203,3.4886152744293213,88.10372161865234,1.3038709163665771,544.398681640625,11.019143104553223,55.97348403930664,66.31548309326172,327.5991516113281,2.4000000953674316
2024-10-23,2315.578125,28.899362564086914,53.069705963134766,1.1445380449295044,29.749582290649414,0.12800000607967377,,84.85154724121094,21.183473587036133,13.45921516418457,75.6884765625,9.71414852142334,12.880000114440918,89.13243103027344,4.03000020980835,185.5697021484375,442.0550537109375,91.50586700439453,3.489980936050415,87.58084869384766,1.3131182193756104,547.2514038085938,10.840935707092285,55.963985443115234,64.98661041259766,326.3163757324219,2.4600000381469727
2024-10-24,2312.579833984375,29.003761291503906,53.46715545654297,1.163073182106018,29.749582290649414,0.12600000202655792,,86.01481628417969,21.40873146057129,13.857646942138672,76.20584106445312,10.00412368774414,12.899999618530273,90.5888442993164,4.03000020980835,186.4765625,437.2308654785156,90.93827056884766,3.4981768131256104,86.62225341796875,1.3038709163665771,553.9078369140625,10.870636940002441,56.10655212402344,66.7656021118164,323.94818115234375,2.4600000381469727
2024-10-25,2308.582275390625,29.146121978759766,53.52393341064453,1.1723406314849854,30.24540901184082,0.1264999955892563,,85.60479736328125,21.239789962768555,13.799339294433594,76.28250122070312,9.71414852142334,12.520000457763672,89.13243103027344,4.019999980926514,188.33798217773438,435.55712890625,90.59397888183594,3.5350568294525146,86.49153900146484,1.3038709163665771,556.2850952148438,11.053794860839844,55.764381408691406,66.11187744140625,335.0984191894531,2.4600000381469727
2024-10-28,2298.58837890625,29.39288330078125,54.16743850708008,1.167706847190857,30.29499053955078,0.125,,85.69062805175781,21.465045928955078,14.217206954956055,76.30165100097656,10.100781440734863,13.119999885559082,90.97721099853516,4.019999980926514,190.1039581298828,438.8061218261719,90.7707748413086,3.517972230911255,87.84228515625,1.3038709163665771,560.5642700195312,11.147849082946777,56.26813507080078,67.02279663085938,329.7699890136719,2.4600000381469727
2024-10-29,2287.59521484375,29.26950454711914,53.29682159423828,1.1584393978118896,30.195825576782227,0.11800000071525574,,83.75502014160156,21.249174118041992,14.129746437072754,75.22859954833984,10.390755653381348,13.0,87.38472747802734,4.0,183.75601196289062,434.0803527832031,88.9655990600586,3.503993511199951,89.93376159667969,1.3131182193756104,546.7760009765625,11.202300071716309,55.47924041748047,66.7548828125,328.9805908203125,2.5
2024-10-30,2291.592529296875,28.842418670654297,52.54922103881836,1.1584393978118896,30.096660614013672,0.11649999767541885,,81.86710357666016,20.423236846923828,13.993696212768555,73.25495147705078,10.390755653381348,12.760000228881836,90.44319915771484,4.130000114440918,184.85374450683594,424.62884521484375,88.34215545654297,3.510206460952759,89.75947570800781,1.3223655223846436,548.6777954101562,11.147849082946777,55.91646194458008,66.01542663574219,330.36199951171875,2.5
2024-10-31,2219.636962890625,28.76649284362793,52.24639892578125,1.1538056135177612,29.84874725341797,0.11800000071525574,,80.1126708984375,20.61094856262207,13.925671577453613,72.33518981933594,10.439085960388184,12.619999885559082,86.705078125,4.010000228881836,180.46273803710938,423.0535888671875,87.95133972167969,3.4682703018188477,88.6265869140625,1.3038709163665771,530.6104125976562,11.033994674682617,55.688350677490234,65.27596282958984,326.4150390625,2.4600000381469727
2024-11-01,2281.598876953125,29.08917808532715,51.707000732421875,,,,,78.77777862548828,20.65787696838379,13.945107460021973,72.1627426147461,,,89.9091796875,4.03000020980835,181.51275634765625,425.4164733886719,88.26771545410156,3.3719725608825684,89.06231689453125,,515.8712768554688,11.033994674682617,55.46974182128906,65.7153549194336,329.0792541503906,
2024-11-04,2287.59521484375,29.241029739379883,52.33156967163086,1.1491718292236328,31.484973907470703,0.11599999666213989,,80.09361267089844,20.35753631591797,14.052003860473633,71.33877563476562,10.535743713378906,12.880000114440918,87.48182678222656,4.019999980926514,181.0832061767578,422.9551696777344,87.99787139892578,3.432546854019165,88.45230102539062,1.3131182193756104,506.3620910644531,11.994332313537598,55.43172073364258,65.70463562011719,329.9673156738281,2.4800000190734863
2024-11-05,2360.550048828125,29.260011672973633,49.208709716796875,1.1538056135177612,31.63372230529785,0.1120000034570694,,80.85639953613281,20.470165252685547,14.217206954956055,70.93639373779297,10.245768547058105,12.819999694824219,89.32661437988281,4.059999942779541,182.27642822265625,420.3953552246094,86.95569610595703,3.3642067909240723,88.88802337646484,1.3131182193756104,520.150390625,11.722071647644043,56.325164794921875,66.07972717285156,329.7699890136719,2.440000057220459
2024-11-06,2317.57666015625,30.32297706604004,50.40107727050781,1.167706847190857,31.832050323486328,0.1120000034570694,,81.77176666259766,19.456510543823242,13.673007011413574,69.17351531982422,11.019033432006836,13.020000457763672,93.50167083740234,4.090000152587891,189.5312042236328,401.4923400878906,84.65735626220703,3.3579940795898438,87.75513458251953,1.3223655223846436,513.0184936523438,11.533963203430176,56.2301139831543,63.51841354370117,330.1646728515625,2.4000000953674316
2024-11-07,2295.59033203125,30.417884826660156,49.67240905761719,1.1491718292236328,32.27829360961914,0.10499999672174454,,82.7729263305664,20.038423538208008,13.760467529296875,69.88250732421875,11.598982810974121,12.819999694824219,85.68558502197266,4.079999923706055,186.90611267089844,417.4417419433594,84.55500030517578,3.334696054458618,87.49370574951172,1.3223655223846436,513.4939575195312,11.642868995666504,55.802398681640625,63.882781982421875,325.9216613769531,2.4000000953674316
2024-11-08,2262.6103515625,30.740570068359375,49.33173370361328,1.1445380449295044,33.86494064331055,0.10400000214576721,,83.06851196289062,19.822551727294922,13.70216178894043,69.53759765625,11.21235179901123,12.899999618530273,86.8507080078125,4.039999961853027,186.572021484375,417.14642333984375,84.17349243164062,3.3238236904144287,88.6265869140625,1.3223655223846436,516.8221435546875,11.103297233581543,56.638824462890625,63.7380256652832,317.04095458984375,2.4000000953674316
2024-11-11,2252.616455078125,31.120201110839844,49.54938888549805,1.1213693618774414,,0.06800000369548798,,83.66921997070312,19.98211097717285,13.56611156463623,69.74836730957031,,,89.7149887084961,4.050000190734863,185.95155334472656,419.80462646484375,83.31742858886719,3.340909004211426,87.84228515625,1.3131182193756104,516.3466796875,11.098346710205078,55.89745330810547,62.90619659423828,316.6462707519531,2.359999895095825
2024-11-12,2211.641845703125,30.52228355407715,48.669307708740234,1.1306368112564087,33.66661071777344,0.06700000166893005,,83.3927001953125,19.48466682434082,13.400907516479492,68.94357299804688,11.019033432006836,12.65999984741211,89.7149887084961,4.090000152587891,185.7606201171875,407.1041564941406,82.34970092773438,3.4651637077331543,87.31941223144531,1.3223655223846436,519.6749267578125,11.068645477294922,59.55677795410156,62.193180084228516,312.2059326171875,2.359999895095825
2024-11-13,2215.63916015625,30.512794494628906,49.085689544677734,1.116735577583313,35.99699401855469,0.06279999762773514,,82.59175872802734,19.015382766723633,13.323164939880371,68.61783599853516,11.067362785339355,12.859999656677246,84.27772521972656,4.099999904632568,186.5242919921875,402.67376708984375,81.55877685546875,3.432546854019165,86.0993881225586,1.3131182193756104,514.4448852539062,10.756782531738281,60.16508483886719,61.98793029785156,306.5815124511719,2.380000114440918
2024-11-14,2241.623291015625,30.702608108520508,49.69133758544922,1.1214876174926758,35.154090881347656,0.05040000006556511,,83.96479797363281,18.912139892578125,13.33288288116455,68.8477783203125,12.275589942932129,12.899999618530273,86.8507080078125,4.079999923706055,185.5697021484375,400.80316162109375,81.80070495605469,3.5024404525756836,86.0122299194336,1.3038709163665771,516.3466796875,10.821135520935059,60.83992385864258,62.0095329284668,309.8377380371094,2.3399999141693115
2024-11-15,2184.658203125,30.493812561035156,50.486244201660156,1.1167354583740234,35.154090881347656,0.061000000685453415,,86.38667297363281,19.043542861938477,13.34260082244873,68.34956359863281,11.937287330627441,13.0,89.7149887084961,4.079999923706055,188.69619750976562,394.6005859375,81.10282897949219,3.493121385574341,85.5329360961914,1.3038709163665771,531.0858764648438,10.821135520935059,61.13456726074219,62.0095329284668,315.26483154296875,2.380000114440918
2024-11-18,2186.6572265625,30.94936752319336,49.8806037902832,1.1167354583740234,35.99699401855469,0.061000000685453415,,87.72206115722656,19.25002670288086,13.410625457763672,68.63700103759766,12.90386962890625,13.220000267028809,82.91840362548828,4.190000057220459,191.0050048828125,384.06610107421875,82.43344116210938,3.429440498352051,85.31507873535156,1.3408602476119995,539.6441040039062,10.821135520935059,61.34367370605469,62.54969024658203,313.3900146484375,2.299999952316284
2024-11-19,2163.671142578125,30.901914596557617,50.14556884765625,1.1357438564300537,35.154090881347656,0.06080000102519989,,85.97357177734375,19.14678382873535,13.400907516479492,68.21543884277344,12.51723575592041,13.0600004196167,84.18062591552734,4.170000076293945,191.14930725097656,392.43463134765625,81.06560516357422,3.427887439727783,83.96432495117188,1.3316129446029663,536.31591796875,11.241901397705078,59.803897857666016,62.50647735595703,311.7125549316406,2.3399999141693115
2024-11-20,2154.6767578125,30.9968204498291,50.647117614746094,1.130991816520691,35.64991760253906,0.06040000170469284,,84.61897277832031,19.15616798400879,13.391189575195312,67.37232971191406,12.565566062927246,13.199999809265137,86.51087951660156,4.230000019073486,191.5341033935547,399.0309753417969,80.8329849243164,3.3999297618865967,85.14078521728516,1.3316129446029663,536.7913818359375,11.222101211547852,60.117557525634766,62.17157745361328,312.89666748046875,2.319999933242798
2024-11-21,2169.667724609375,30.66464614868164,50.80950927734375,1.102479338645935,35.352420806884766,0.06080000102519989,,84.8975830078125,19.05292510986328,13.167679786682129,66.95076751708984,12.758881568908691,12.899999618530273,85.73413848876953,4.179999828338623,193.45809936523438,403.6582946777344,79.72567749023438,3.474483013153076,86.66581726074219,1.3408602476119995,542.9722900390625,11.137948036193848,60.611812591552734,62.25800704956055,309.44305419921875,2.319999933242798
2024-11-22,2195.651611328125,31.158164978027344,50.752201080322266,1.0882230997085571,37.484474182128906,0.06340000033378601,,84.20587158203125,19.268798828125,13.294012069702148,67.67890930175781,12.758881568908691,13.199999809265137,82.23873138427734,4.230000019073486,195.28590393066406,419.1154479980469,79.16737365722656,3.5148656368255615,88.53943634033203,1.3316129446029663,560.0888061523438,11.162698745727539,60.611812591552734,63.31670379638672,310.7257995605469,2.2200000286102295
2024-11-25,2207.644287109375,31.091726303100586,50.6375617980957,1.09297513961792,39.21986389160156,0.061000000685453415,,84.96482849121094,19.700536727905273,13.216269493103027,67.79388427734375,12.61389446258545,13.380000114440918,89.03533172607422,4.300000190734863,196.4403076171875,420.4938049316406,79.4093017578125,3.4977807998657227,88.8008804321289,1.3408602476119995,565.7942504882812,11.207250595092773,60.621307373046875,63.50035858154297,312.9953308105469,2.359999895095825
2024-11-26,2200.6484375,30.87343978881836,51.315792083740234,1.102479338645935,37.484474182128906,0.060600001364946365,,86.13689422607422,19.296953201293945,13.12880802154541,66.79747772216797,12.61389446258545,13.199999809265137,85.63703918457031,4.269999980926514,192.39990234375,409.9593200683594,79.38138580322266,3.4309937953948975,87.40656280517578,1.3408602476119995,542.0214233398438,11.147849082946777,60.64982604980469,63.8460578918457,308.7523193359375,2.3399999141693115
2024-11-27,2193.65283203125,31.177146911621094,51.93669891357422,1.0834710597991943,36.9886474609375,0.052000001072883606,,85.41637420654297,19.50343894958496,13.264857292175293,67.18070983886719,12.51723575592041,13.100000381469727,85.63703918457031,4.25,194.32391357421875,407.990234375,80.3584213256836,3.491568088531494,88.45230102539062,1.3408602476119995,550.5796508789062,11.167649269104004,61.25812911987305,64.53744506835938,308.85101318359375,2.319999933242798
2024-11-28,2188.65576171875,31.015804290771484,,1.102479338645935,37.38530731201172,0.052799999713897705,,,,,67.19986724853516,12.807210922241211,13.380000114440918,85.63703918457031,4.25,193.45809936523438,403.5598449707031,,3.5272912979125977,87.92942810058594,1.3408602476119995,547.2514038085938,11.167649269104004,,,308.3576354980469,2.299999952316284
2024-11-29,2196.651123046875,30.987333297729492,52.15640640258789,1.1119834184646606,37.18697738647461,0.05460000038146973,,86.2137451171875,19.334497451782227,13.33288288116455,67.12322235107422,12.758881568908691,13.34000015258789,86.2196044921875,4.340000152587891,192.78469848632812,407.30108642578125,80.74923706054688,3.4387595653533936,88.8008804321289,1.3501075506210327,545.8250732421875,11.103297233581543,61.784976959228516,64.64547729492188,306.4828186035156,2.299999952316284
2024-12-02,2236.62646484375,31.015804290771484,51.8411750793457,1.1167354583740234,38.37696075439453,0.060600001364946365,,85.58928680419922,20.019651412963867,13.303729057312012,67.67890930175781,12.807210922241211,13.180000305175781,86.2196044921875,4.300000190734863,192.49610900878906,412.3221740722656,80.60035705566406,3.441865921020508,88.36515808105469,1.3501075506210327,552.9569091796875,10.746881484985352,61.631710052490234,64.72109985351562,306.7788391113281,2.319999933242798
2024-12-03,2270.605712890625,31.139184951782227,50.7904052734375,1.1167354583740234,38.37696075439453,0.05999999865889549,,84.79190826416016,19.475282669067383,13.274576187133789,66.95076751708984,13.532147407531738,13.199999809265137,89.61790466308594,4.349999904632568,193.45809936523438,406.5134582519531,80.05135345458984,3.4511849880218506,89.58518981933594,1.3501075506210327,552.4814453125,10.860736846923828,61.48802947998047,64.1485366821289,314.37677001953125,2.319999933242798
2024-12-04,2302.5859375,31.1486759185791,49.45306396484375,1.1167354583740234,39.56694412231445,0.05999999865889549,,83.15869903564453,18.82767105102539,13.25514030456543,65.91604614257812,13.67713451385498,13.199999809265137,88.5984115600586,4.360000133514404,195.28590393066406,409.17169189453125,80.17232513427734,3.4651637077331543,89.3237533569336,1.3501075506210327,554.8587646484375,11.12309741973877,60.93244552612305,64.13772583007812,318.9158020019531,2.359999895095825
2024-12-05,2259.612060546875,31.556774139404297,49.94023895263672,1.1167354583740234,39.07111740112305,0.05979999899864197,,82.81283569335938,19.118627548217773,13.400907516479492,65.43699645996094,13.725462913513184,13.199999809265137,86.89925384521484,4.550000190734863,196.72889709472656,408.97479248046875,80.08856964111328,3.462057590484619,89.23660278320312,1.3870967626571655,562.466064453125,11.177549362182617,61.018653869628906,64.33219146728516,319.31048583984375,2.380000114440918
2024-12-06,2230.630126953125,30.844968795776367,49.11872100830078,1.1262396574020386,39.467777252197266,0.05959999933838844,,80.69930267333984,19.109241485595703,13.33288288116455,66.41424560546875,13.822122573852539,13.279999732971191,84.18062591552734,4.849999904632568,195.8631134033203,410.4515686035156,79.83734130859375,3.449631690979004,88.45230102539062,1.3686021566390991,560.0888061523438,11.31120491027832,60.00326919555664,63.78124237060547,318.12640380859375,2.240000009536743
2024-12-09,2214.639892578125,30.5033016204834,49.65366744995117,1.1167354583740234,40.65776062011719,0.06300000101327896,,82.14035034179688,19.212482452392578,13.138526916503906,66.79747772216797,14.160426139831543,12.859999656677246,86.89925384521484,4.800000190734863,195.9593048095703,408.1871643066406,79.69776153564453,3.4651637077331543,87.6679916381836,1.4980645179748535,554.8587646484375,11.42505931854248,60.00326919555664,63.56517791748047,324.1455383300781,2.359999895095825
2024-12-10,2202.647216796875,30.607702255249023,49.74918746948242,1.1119834184646606,41.153587341308594,0.06199999898672104,,81.38139343261719,19.475282669067383,13.138526916503906,67.06574249267578,15.078678131103516,12.899999618530273,86.89925384521484,4.760000228881836,194.7086944580078,410.1562194824219,78.19964599609375,3.4869086742401123,86.70939636230469,1.4518280029296875,546.7760009765625,11.42505931854248,59.77337646484375,63.42474365234375,322.17205810546875,2.319999933242798
2024-12-11,2190.65478515625,30.446359634399414,50.55159378051758,1.130991816520691,40.45943069458008,0.061799999326467514,,81.45825958251953,19.22186851501465,13.167679786682129,66.51004791259766,15.465311050415039,13.0,86.89925384521484,4.78000020980835,197.78709411621094,415.47271728515625,78.4229736328125,3.4605045318603516,87.40656280517578,1.4333332777023315,559.6133422851562,11.405259132385254,59.31357955932617,63.50035858154297,325.8230285644531,2.299999952316284
2024-12-12,2125.3671875,30.55075454711914,50.704437255859375,1.1262396574020386,40.409847259521484,0.06159999966621399,,80.30540466308594,19.109241485595703,13.187114715576172,67.31484985351562,15.755284309387207,13.0,86.89925384521484,4.980000019073486,199.03768920898438,413.7005310058594,77.86466979980469,3.432546854019165,88.88802337646484,1.4333332777023315,572.45068359375,11.390408515930176,58.6238899230957,63.42474365234375,322.17205810546875,2.3399999141693115
2024-12-13,2140.36279296875,30.693117141723633,50.054874420166016,1.130991816520691,40.16193389892578,0.061000000685453415,,79.40234375,19.005998611450195,13.264857292175293,67.448974609375,15.41698169708252,13.199999809265137,86.89925384521484,4.940000057220459,199.23011779785156,410.7469482421875,77.98563385009766,3.412355422973633,89.14946746826172,1.4425805807113647,565.7942504882812,11.355756759643555,57.9341926574707,63.59757995605469,319.31048583984375,2.299999952316284
2024-12-16,2105.373046875,30.436866760253906,49.376644134521484,1.1262396574020386,39.31903076171875,0.05999999865889549,,77.6730728149414,18.84644317626953,13.274576187133789,67.35316467285156,15.561969757080078,13.279999732971191,89.13243103027344,4.929999828338623,195.18971252441406,409.17169189453125,76.99929809570312,3.3300364017486572,87.49370574951172,1.479569911956787,552.4814453125,11.222101211547852,57.225341796875,64.08372497558594,315.363525390625,2.299999952316284
2024-12-17,2071.38330078125,30.30399513244629,49.18559265136719,1.130991816520691,40.409847259521484,0.061400000005960464,,78.0765609741211,18.527328491210938,13.177397727966309,66.81663513183594,15.803614616394043,13.140000343322754,87.38472747802734,4.949999809265137,191.6784210205078,406.3165588378906,77.92980194091797,3.3082919120788574,85.92508697509766,1.4980645179748535,533.9385986328125,10.95974063873291,56.899658203125,64.0621109008789,310.7257995605469,2.259999990463257
2024-12-18,2089.377685546875,30.028764724731445,47.618988037109375,1.130991816520691,41.6494140625,0.061799999326467514,,76.02066040039062,17.870332717895508,12.885862350463867,66.6441879272461,15.948601722717285,13.140000343322754,88.35567474365234,4.960000038146973,190.62020874023438,403.06756591796875,75.81755828857422,3.326930046081543,85.44580078125,1.5073118209838867,524.9049072265625,10.865687370300293,56.478172302246094,62.47406005859375,301.2530517578125,2.259999990463257
2024-12-19,2054.38818359375,29.83894920349121,47.17002868652344,1.1167354583740234,40.65776062011719,0.06120000034570694,,74.85820770263672,18.011117935180664,12.944169044494629,66.2609634399414,15.271995544433594,13.279999732971191,88.84114837646484,4.980000019073486,188.55191040039062,397.45574951171875,76.37586212158203,3.2989728450775146,85.5329360961914,1.51655912399292,515.8712768554688,10.548873901367188,55.75016403198242,62.17157745361328,297.5034484863281,2.2799999713897705
2024-12-20,2053.388427734375,29.69658851623535,48.23035430908203,1.1262396574020386,39.666107177734375,0.06159999966621399,,75.99182891845703,17.81401824951172,12.895580291748047,65.45616912841797,15.755284309387207,13.15999984741211,89.22952270507812,4.920000076293945,188.02281188964844,398.5387268066406,76.61779022216797,3.3207170963287354,85.4022216796875,1.51655912399292,513.0184936523438,10.449871063232422,55.5777473449707,61.75025939941406,295.6286315917969,2.319999933242798
2024-12-23,2047.3902587890625,29.563716888427734,48.1539306640625,1.1214876174926758,39.07111740112305,0.06120000034570694,,75.94381713867188,18.00172996520996,12.983039855957031,65.37950897216797,15.851943969726562,13.079999923706055,88.938232421875,4.960000038146973,187.06082153320312,401.6892395019531,76.58057403564453,3.3843982219696045,85.92508697509766,1.470322608947754,515.3958129882812,10.291464805603027,55.3957405090332,61.78266525268555,295.0365905761719,2.299999952316284
2024-12-24,2042.3917236328125,29.649131774902344,48.36408233642578,,,,,75.99182891845703,18.161287307739258,12.934452056884766,65.59029388427734,,,89.52080535888672,4.96999979019165,,,76.6270980834961,3.3875045776367188,,,,,55.30953598022461,61.78266525268555,,
2024-12-26,,,48.34497833251953,,,,,74.99270629882812,18.208215713500977,12.963604927062988,,,,,,,,76.74806213378906,,,,,,55.635223388671875,62.13916778564453,,
2024-12-27,2043.3914794921875,29.78200340270996,48.31631851196289,1.1214876174926758,40.45943069458008,0.05959999933838844,,75.00231170654297,18.30207061767578,13.060782432556152,66.28011322021484,15.465311050415039,13.0,88.45276641845703,4.980000019073486,188.2633056640625,403.7567443847656,76.74806213378906,3.3579940795898438,86.66581726074219,1.51655912399292,517.7730712890625,10.355816841125488,55.529850006103516,62.07434844970703,295.8259582519531,2.259999990463257
2024-12-30,2035.3939208984375,29.65862464904785,47.82914733886719,1.1072313785552979,40.45943069458008,0.06080000102519989,,73.86866760253906,18.03927230834961,13.002476692199707,65.4944839477539,15.561969757080078,13.15999984741211,88.35567474365234,5.159999847412109,187.3494110107422,401.3938903808594,76.56195831298828,3.3238236904144287,85.70722961425781,1.4980645179748535,513.9694213867188,10.355816841125488,54.73478317260742,61.318138122558594,296.8127136230469,2.259999990463257
2024-12-31,2042.3917236328125,29.886402130126953,48.259002685546875,,,,,74.70449829101562,17.898487091064453,13.012194633483887,65.82022094726562,,,88.25858306884766,4.980000019073486,,,76.02226257324219,3.3595468997955322,,,,,55.02215576171875,61.253318786621094,,
